family,fold,dim,seed,subject,passed,reference_difference,max_metric_difference,new_energy_distance,new_mmd_rbf,new_ks_initiation_time_s,new_ks_movement_time_s,new_ks_peak_speed_tracker_units_s,new_ks_time_to_peak_speed,new_ks_path_length,new_ks_straight_line_dist,new_ks_curvature_index,new_ks_max_lateral_deviation,new_ks_n_submovements,new_ks_end_x,new_ks_end_y,saved_energy_distance,saved_mmd_rbf,saved_ks_initiation_time_s,saved_ks_movement_time_s,saved_ks_peak_speed_tracker_units_s,saved_ks_time_to_peak_speed,saved_ks_path_length,saved_ks_straight_line_dist,saved_ks_curvature_index,saved_ks_max_lateral_deviation,saved_ks_n_submovements,saved_ks_end_x,saved_ks_end_y
spline_pca,0,2,2026,subject05,True,0.0,1.1102230246251565e-16,0.9294437086320393,0.217441044291806,0.5027777777777778,0.31666666666666665,0.13055555555555554,0.45555555555555555,0.3694444444444444,0.2611111111111111,0.21944444444444444,0.4805555555555555,0.011111111111111072,0.47500000000000003,0.2944444444444444,0.9294437086320392,0.217441044291806,0.5027777777777778,0.3166666666666666,0.1305555555555555,0.4555555555555555,0.3694444444444444,0.2611111111111111,0.2194444444444444,0.4805555555555555,0.0111111111111111,0.475,0.2944444444444444
spline_pca,0,2,2026,subject13,True,0.0,1.1102230246251565e-16,0.5397925944728823,0.128288325459877,0.3944444444444445,0.3083333333333333,0.16666666666666663,0.23888888888888887,0.35,0.2888888888888889,0.2138888888888888,0.24722222222222223,0.011111111111111072,0.11388888888888887,0.29166666666666663,0.5397925944728823,0.128288325459877,0.3944444444444444,0.3083333333333333,0.1666666666666666,0.2388888888888889,0.35,0.2888888888888888,0.2138888888888888,0.2472222222222222,0.0111111111111111,0.1138888888888888,0.2916666666666667
spline_pca,0,2,2026,subject19,True,0.0,1.1102230246251565e-16,0.5928435152655389,0.11207916149527952,0.33055555555555555,0.4305555555555555,0.4694444444444445,0.3666666666666667,0.1361111111111111,0.1361111111111111,0.0888888888888889,0.12777777777777777,0.0,0.21111111111111108,0.1361111111111111,0.5928435152655389,0.1120791614952795,0.3305555555555555,0.4305555555555556,0.4694444444444444,0.3666666666666666,0.1361111111111111,0.1361111111111111,0.0888888888888888,0.1277777777777777,0.0,0.2111111111111111,0.1361111111111111
spline_pca,0,2,2026,subject24,True,0.0,1.1102230246251565e-16,0.3009318725328871,0.051329141148766855,0.38333333333333336,0.16388888888888892,0.21666666666666667,0.16944444444444445,0.2611111111111111,0.22777777777777775,0.4277777777777778,0.21944444444444444,0.047222222222222276,0.27222222222222225,0.20833333333333337,0.3009318725328871,0.0513291411487668,0.3833333333333333,0.1638888888888889,0.2166666666666666,0.1694444444444444,0.2611111111111111,0.2277777777777777,0.4277777777777777,0.2194444444444444,0.0472222222222222,0.2722222222222222,0.2083333333333333
spline_pca,0,2,2026,subject27,True,0.0,1.1102230246251565e-16,1.6544935683027329,0.36020727371559946,0.6583333333333333,0.21388888888888888,0.5777777777777777,0.6583333333333334,0.14166666666666666,0.28888888888888886,0.8666666666666667,0.7111111111111111,0.011111111111111072,0.1972222222222222,0.36111111111111116,1.6544935683027329,0.3602072737155994,0.6583333333333333,0.2138888888888888,0.5777777777777777,0.6583333333333333,0.1416666666666666,0.2888888888888888,0.8666666666666667,0.7111111111111111,0.0111111111111111,0.1972222222222222,0.3611111111111111
spline_pca,0,2,2026,subject34,True,0.0,2.220446049250313e-16,1.0390303937568781,0.23697842036872352,0.24166666666666664,0.24999999999999994,0.29444444444444445,0.5666666666666667,0.43333333333333335,0.47777777777777786,0.7305555555555556,0.5555555555555556,0.0444444444444444,0.15833333333333333,0.48888888888888893,1.039030393756878,0.2369784203687235,0.2416666666666666,0.25,0.2944444444444444,0.5666666666666667,0.4333333333333333,0.4777777777777778,0.7305555555555555,0.5555555555555556,0.0444444444444444,0.1583333333333333,0.4888888888888889
spline_pca,0,2,2026,subject35,True,0.0,1.1102230246251565e-16,0.5669088154425013,0.10209965150898492,0.2596899224806201,0.4821705426356589,0.5073643410852713,0.09748062015503878,0.15271317829457365,0.17228682170542636,0.6007751937984497,0.3631782945736434,0.011627906976744207,0.1875968992248062,0.17228682170542636,0.5669088154425013,0.1020996515089849,0.2596899224806202,0.4821705426356589,0.5073643410852713,0.0974806201550387,0.1527131782945736,0.1722868217054263,0.6007751937984496,0.3631782945736434,0.0116279069767441,0.1875968992248062,0.1722868217054263
spline_pca,0,3,2026,subject05,True,0.0,1.465841337200402e-16,0.8630668029173432,0.21234349470826097,0.5638888888888889,0.3916666666666667,0.09722222222222221,0.4361111111111111,0.32222222222222224,0.23611111111111105,0.29444444444444445,0.4888888888888889,0.005555555555555647,0.3583333333333334,0.2583333333333333,0.8630668029173432,0.2123434947082609,0.5638888888888889,0.3916666666666666,0.0972222222222222,0.4361111111111111,0.3222222222222222,0.2361111111111111,0.2944444444444444,0.4888888888888889,0.0055555555555555,0.3583333333333333,0.2583333333333333
spline_pca,0,3,2026,subject13,True,0.0,9.71445146547012e-17,0.4325527808606653,0.1038775976439017,0.36666666666666664,0.23611111111111108,0.125,0.2722222222222222,0.27499999999999997,0.20277777777777775,0.2416666666666667,0.20277777777777772,0.0722222222222223,0.1972222222222222,0.20277777777777775,0.4325527808606653,0.1038775976439017,0.3666666666666666,0.2361111111111111,0.125,0.2722222222222222,0.275,0.2027777777777777,0.2416666666666666,0.2027777777777777,0.0722222222222222,0.1972222222222222,0.2027777777777777
spline_pca,0,3,2026,subject19,True,0.0,8.326672684688674e-17,0.5483185388309133,0.10245916596518279,0.41666666666666674,0.45000000000000007,0.30277777777777776,0.42500000000000004,0.13611111111111113,0.19166666666666665,0.11388888888888882,0.06944444444444445,0.025000000000000022,0.32222222222222224,0.18611111111111112,0.5483185388309133,0.1024591659651827,0.4166666666666667,0.45,0.3027777777777777,0.425,0.1361111111111111,0.1916666666666666,0.1138888888888888,0.0694444444444444,0.025,0.3222222222222222,0.1861111111111111
spline_pca,0,3,2026,subject24,True,0.0,1.5092094240998222e-16,0.19049181401372284,0.029988777723009785,0.37777777777777777,0.15555555555555556,0.23055555555555557,0.16111111111111115,0.21111111111111108,0.17222222222222228,0.3416666666666666,0.19166666666666665,0.01388888888888895,0.1527777777777778,0.14166666666666672,0.1904918140137228,0.0299887777230097,0.3777777777777777,0.1555555555555555,0.2305555555555555,0.1611111111111111,0.2111111111111111,0.1722222222222222,0.3416666666666667,0.1916666666666666,0.0138888888888888,0.1527777777777778,0.1416666666666666
spline_pca,0,3,2026,subject27,True,0.0,1.1102230246251565e-16,1.3006688903498795,0.2962597576880851,0.6027777777777777,0.21388888888888888,0.5555555555555556,0.5305555555555554,0.15833333333333333,0.29166666666666663,0.6666666666666667,0.6361111111111111,0.011111111111111072,0.19166666666666665,0.32222222222222224,1.3006688903498795,0.2962597576880852,0.6027777777777777,0.2138888888888888,0.5555555555555556,0.5305555555555556,0.1583333333333333,0.2916666666666667,0.6666666666666666,0.6361111111111111,0.0111111111111111,0.1916666666666666,0.3222222222222222
spline_pca,0,3,2026,subject34,True,0.0,1.465841337200402e-16,0.8498842976536811,0.19263020937331266,0.3,0.2583333333333333,0.23888888888888893,0.49999999999999994,0.31666666666666665,0.3666666666666667,0.6861111111111111,0.5722222222222222,0.005555555555555647,0.23888888888888893,0.3777777777777778,0.8498842976536811,0.1926302093733126,0.3,0.2583333333333333,0.2388888888888889,0.5,0.3166666666666666,0.3666666666666666,0.6861111111111111,0.5722222222222222,0.0055555555555555,0.2388888888888889,0.3777777777777777
spline_pca,0,3,2026,subject35,True,0.0,1.1102230246251565e-16,0.5905657441643033,0.10736823945079321,0.2550387596899225,0.5007751937984496,0.5920542635658914,0.11996124031007754,0.17364341085271318,0.11744186046511629,0.5602713178294574,0.4005813953488372,0.07170542635658916,0.15581395348837213,0.12383720930232556,0.5905657441643033,0.1073682394507932,0.2550387596899224,0.5007751937984496,0.5920542635658915,0.1199612403100775,0.1736434108527131,0.1174418604651162,0.5602713178294574,0.4005813953488372,0.0717054263565891,0.1558139534883721,0.1238372093023255
spline_pca,0,4,2026,subject05,True,0.0,1.5092094240998222e-16,0.8097395416105373,0.2000260410781015,0.5194444444444444,0.34166666666666673,0.10833333333333339,0.3555555555555556,0.3611111111111111,0.25555555555555554,0.3388888888888888,0.45555555555555555,0.01388888888888895,0.3833333333333333,0.2638888888888889,0.8097395416105373,0.2000260410781015,0.5194444444444445,0.3416666666666667,0.1083333333333333,0.3555555555555555,0.3611111111111111,0.2555555555555555,0.3388888888888889,0.4555555555555555,0.0138888888888888,0.3833333333333333,0.2638888888888889
spline_pca,0,4,2026,subject13,True,0.0,1.1102230246251565e-16,0.364777234130103,0.08965183194712101,0.3472222222222222,0.22499999999999998,0.11944444444444445,0.21944444444444444,0.2305555555555555,0.17500000000000004,0.20555555555555557,0.2277777777777778,0.05555555555555558,0.19722222222222224,0.17500000000000004,0.364777234130103,0.089651831947121,0.3472222222222222,0.225,0.1194444444444444,0.2194444444444444,0.2305555555555555,0.175,0.2055555555555555,0.2277777777777777,0.0555555555555555,0.1972222222222222,0.175
spline_pca,0,4,2026,subject19,True,0.0,1.1102230246251565e-16,0.49409053051127216,0.10719567644632166,0.38055555555555554,0.4833333333333334,0.3583333333333333,0.42777777777777776,0.1111111111111111,0.13055555555555556,0.2416666666666667,0.18611111111111112,0.05833333333333335,0.2638888888888889,0.11944444444444444,0.4940905305112721,0.1071956764463216,0.3805555555555555,0.4833333333333333,0.3583333333333333,0.4277777777777777,0.1111111111111111,0.1305555555555555,0.2416666666666666,0.1861111111111111,0.0583333333333333,0.2638888888888889,0.1194444444444444
spline_pca,0,4,2026,subject24,True,0.0,1.1102230246251565e-16,0.20678037105492075,0.03198589371709837,0.4361111111111111,0.14166666666666666,0.20833333333333331,0.18611111111111117,0.08055555555555555,0.09999999999999998,0.29444444444444445,0.1916666666666667,0.019444444444444375,0.19444444444444445,0.09166666666666667,0.2067803710549207,0.0319858937170983,0.4361111111111111,0.1416666666666666,0.2083333333333333,0.1861111111111111,0.0805555555555555,0.1,0.2944444444444444,0.1916666666666666,0.0194444444444444,0.1944444444444444,0.0916666666666666
spline_pca,0,4,2026,subject27,True,0.0,1.1102230246251565e-16,1.238756986218224,0.2813330109304891,0.625,0.1916666666666667,0.5638888888888889,0.4638888888888889,0.2583333333333334,0.32500000000000007,0.5583333333333333,0.4555555555555556,0.022222222222222254,0.2055555555555555,0.33611111111111114,1.238756986218224,0.2813330109304891,0.625,0.1916666666666666,0.5638888888888889,0.4638888888888889,0.2583333333333333,0.325,0.5583333333333333,0.4555555555555555,0.0222222222222222,0.2055555555555555,0.3361111111111111
spline_pca,0,4,2026,subject34,True,0.0,1.5092094240998222e-16,0.8708634617344084,0.1972638030173296,0.23888888888888893,0.28055555555555556,0.17499999999999993,0.5138888888888888,0.45277777777777783,0.4222222222222222,0.4277777777777778,0.325,0.01388888888888895,0.2277777777777778,0.4388888888888889,0.8708634617344084,0.1972638030173296,0.2388888888888889,0.2805555555555555,0.175,0.5138888888888888,0.4527777777777778,0.4222222222222222,0.4277777777777777,0.325,0.0138888888888888,0.2277777777777777,0.4388888888888889
spline_pca,0,4,2026,subject35,True,0.0,1.1102230246251565e-16,0.7249526998832079,0.13360351446573293,0.30503875968992245,0.48372093023255813,0.6155038759689921,0.16996124031007753,0.2992248062015504,0.2589147286821706,0.41608527131782946,0.39806201550387593,0.10503875968992249,0.14748062015503882,0.2672480620155039,0.7249526998832079,0.1336035144657329,0.3050387596899225,0.4837209302325581,0.6155038759689923,0.1699612403100775,0.2992248062015504,0.2589147286821705,0.4160852713178294,0.398062015503876,0.1050387596899224,0.1474806201550387,0.2672480620155039
spline_pca,0,8,2026,subject05,True,0.0,1.1102230246251565e-16,0.9737167541712131,0.17221233863864127,0.41388888888888886,0.30833333333333335,0.2722222222222222,0.23888888888888893,0.23611111111111113,0.2833333333333333,0.32500000000000007,0.3055555555555555,0.0805555555555556,0.2416666666666667,0.3138888888888889,0.9737167541712132,0.1722123386386413,0.4138888888888888,0.3083333333333333,0.2722222222222222,0.2388888888888889,0.2361111111111111,0.2833333333333333,0.325,0.3055555555555556,0.0805555555555555,0.2416666666666666,0.3138888888888889
spline_pca,0,8,2026,subject13,True,0.0,1.1102230246251565e-16,0.8180989417095619,0.1262501369318213,0.34444444444444444,0.25,0.28888888888888886,0.22777777777777775,0.18055555555555547,0.2138888888888889,0.31666666666666665,0.2055555555555556,0.0888888888888889,0.20833333333333337,0.2138888888888889,0.8180989417095619,0.1262501369318213,0.3444444444444444,0.25,0.2888888888888888,0.2277777777777777,0.1805555555555555,0.2138888888888888,0.3166666666666666,0.2055555555555555,0.0888888888888888,0.2083333333333333,0.2138888888888888
spline_pca,0,8,2026,subject19,True,0.0,1.1102230246251565e-16,0.9413779535559552,0.15089061563175143,0.3472222222222222,0.4916666666666667,0.35,0.46944444444444444,0.2111111111111111,0.3027777777777778,0.38055555555555554,0.2250000000000001,0.15833333333333333,0.19444444444444442,0.3,0.9413779535559552,0.1508906156317514,0.3472222222222222,0.4916666666666666,0.35,0.4694444444444444,0.2111111111111111,0.3027777777777777,0.3805555555555555,0.225,0.1583333333333333,0.1944444444444444,0.3
spline_pca,0,8,2026,subject24,True,0.0,1.6653345369377348e-16,0.48358646507498904,0.06430069459598975,0.34166666666666673,0.16666666666666674,0.2333333333333334,0.13611111111111113,0.23333333333333336,0.35833333333333334,0.25555555555555565,0.1166666666666667,0.09444444444444444,0.20277777777777778,0.35833333333333334,0.483586465074989,0.0643006945959897,0.3416666666666667,0.1666666666666666,0.2333333333333333,0.1361111111111111,0.2333333333333333,0.3583333333333333,0.2555555555555555,0.1166666666666666,0.0944444444444444,0.2027777777777777,0.3583333333333333
spline_pca,0,8,2026,subject27,True,0.0,1.1102230246251565e-16,0.8371491053103783,0.1852179441503049,0.5583333333333333,0.13333333333333333,0.3722222222222222,0.4805555555555555,0.20000000000000007,0.21944444444444444,0.19722222222222224,0.20833333333333337,0.2222222222222222,0.16944444444444445,0.2166666666666667,0.8371491053103783,0.1852179441503048,0.5583333333333333,0.1333333333333333,0.3722222222222222,0.4805555555555555,0.2,0.2194444444444444,0.1972222222222222,0.2083333333333333,0.2222222222222222,0.1694444444444444,0.2166666666666666
spline_pca,0,8,2026,subject34,True,0.0,1.249000902703301e-16,0.5529623828410681,0.11895677819943618,0.28888888888888886,0.28333333333333327,0.14722222222222214,0.3638888888888889,0.2611111111111111,0.1527777777777778,0.27222222222222225,0.375,0.10555555555555562,0.18888888888888888,0.1527777777777778,0.5529623828410681,0.1189567781994361,0.2888888888888888,0.2833333333333333,0.1472222222222222,0.3638888888888889,0.2611111111111111,0.1527777777777778,0.2722222222222222,0.375,0.1055555555555555,0.1888888888888888,0.1527777777777778
spline_pca,0,8,2026,subject35,True,0.0,1.1102230246251565e-16,0.8746693836370962,0.1335415586736406,0.32635658914728677,0.5319767441860466,0.5883720930232558,0.20813953488372094,0.2755813953488372,0.35891472868217056,0.17364341085271318,0.12034883720930233,0.18837209302325575,0.18740310077519384,0.3755813953488373,0.8746693836370962,0.1335415586736406,0.3263565891472868,0.5319767441860465,0.5883720930232558,0.2081395348837209,0.2755813953488372,0.3589147286821705,0.1736434108527131,0.1203488372093023,0.1883720930232558,0.1874031007751938,0.3755813953488372
condition_ridge,0,0,42,subject05,True,0.0,3.936705716967026e-08,1.0950472765156456,0.21078830652688385,0.4194444444444444,0.5,0.3305555555555556,0.22222222222222232,0.33611111111111114,0.3055555555555555,0.3944444444444445,0.43888888888888883,0.0805555555555556,0.6194444444444445,0.3138888888888889,1.0950472371485884,0.2107883031822185,0.4194444444444444,0.5,0.3305555555555555,0.2222222222222222,0.3361111111111111,0.3055555555555556,0.3944444444444444,0.4388888888888889,0.0805555555555555,0.6194444444444445,0.3138888888888889
condition_ridge,0,0,42,subject13,True,0.0,4.13754159822588e-08,0.8029232283154002,0.12874567535923775,0.3333333333333333,0.38888888888888884,0.3972222222222222,0.3694444444444444,0.4055555555555555,0.3472222222222222,0.4916666666666667,0.43055555555555564,0.0888888888888889,0.2222222222222222,0.3472222222222222,0.8029231869399842,0.1287456684909007,0.3333333333333333,0.3888888888888889,0.3972222222222222,0.3694444444444444,0.4055555555555555,0.3472222222222222,0.4916666666666666,0.4305555555555556,0.0888888888888888,0.2222222222222222,0.3472222222222222
condition_ridge,0,0,42,subject19,True,0.0,5.5279423261112015e-09,1.0439845029375916,0.19490425942447254,0.4861111111111111,0.6388888888888888,0.6444444444444445,0.2861111111111111,0.1611111111111111,0.10555555555555557,0.3972222222222222,0.2777777777777778,0.050000000000000044,0.1777777777777777,0.11944444444444441,1.043984508465534,0.1949042601270311,0.4861111111111111,0.6388888888888888,0.6444444444444445,0.2861111111111111,0.1611111111111111,0.1055555555555555,0.3972222222222222,0.2777777777777778,0.05,0.1777777777777777,0.1194444444444444
condition_ridge,0,0,42,subject24,True,0.0,3.6979193041020153e-09,0.3068239377594759,0.04806466529477271,0.1611111111111111,0.2694444444444445,0.20833333333333337,0.20833333333333326,0.21111111111111114,0.21944444444444444,0.1972222222222222,0.17777777777777776,0.011111111111111072,0.2111111111111111,0.23888888888888893,0.3068239414573952,0.0480646664886039,0.1611111111111111,0.2694444444444444,0.2083333333333333,0.2083333333333333,0.2111111111111111,0.2194444444444444,0.1972222222222222,0.1777777777777777,0.0111111111111111,0.2111111111111111,0.2388888888888889
condition_ridge,0,0,42,subject27,True,0.0,1.5205475878410368e-08,0.9560787994864302,0.20529066576872168,0.33611111111111114,0.4083333333333333,0.46944444444444444,0.6166666666666667,0.2333333333333333,0.21944444444444444,0.2333333333333333,0.25555555555555554,0.06388888888888888,0.28888888888888886,0.2277777777777778,0.956078814691906,0.205290670156213,0.3361111111111111,0.4083333333333333,0.4694444444444444,0.6166666666666667,0.2333333333333333,0.2194444444444444,0.2333333333333333,0.2555555555555555,0.0638888888888888,0.2888888888888888,0.2277777777777777
condition_ridge,0,0,42,subject34,True,0.0,1.5248700468983856e-08,0.40741353717225914,0.06739150886435963,0.11944444444444441,0.28333333333333327,0.35555555555555557,0.2416666666666667,0.29166666666666663,0.3083333333333333,0.3111111111111111,0.2611111111111111,0.030555555555555558,0.2,0.2972222222222222,0.4074135524209596,0.0673915115433892,0.1194444444444444,0.2833333333333333,0.3555555555555555,0.2416666666666666,0.2916666666666667,0.3083333333333333,0.3111111111111111,0.2611111111111111,0.0305555555555555,0.2,0.2972222222222222
condition_ridge,0,0,42,subject35,True,0.0,8.781318783235292e-09,0.7109040863599843,0.1305746597028865,0.21259689922480618,0.5670542635658915,0.5633720930232557,0.27848837209302324,0.22732558139534884,0.2839147286821705,0.20406976744186056,0.24031007751937983,0.07170542635658916,0.33759689922480624,0.2839147286821705,0.710904095141303,0.1305746589621857,0.2125968992248062,0.5670542635658915,0.5633720930232559,0.2784883720930232,0.2273255813953488,0.2839147286821705,0.2040697674418604,0.2403100775193798,0.0717054263565891,0.3375968992248062,0.2839147286821705
condition_ridge,0,0,43,subject05,True,0.0,5.9074860558894216e-09,0.9482302247459158,0.18475453550535081,0.3944444444444445,0.4305555555555555,0.3166666666666667,0.24722222222222223,0.3111111111111111,0.2611111111111111,0.33611111111111114,0.4305555555555555,0.047222222222222276,0.6083333333333334,0.2638888888888889,0.9482302306534018,0.1847545356835257,0.3944444444444444,0.4305555555555556,0.3166666666666666,0.2472222222222222,0.3111111111111111,0.2611111111111111,0.3361111111111111,0.4305555555555556,0.0472222222222222,0.6083333333333333,0.2638888888888889
condition_ridge,0,0,43,subject13,True,0.0,9.114585131086983e-08,0.7919015727720486,0.12982028348770458,0.3083333333333334,0.4222222222222222,0.4083333333333334,0.3416666666666667,0.38888888888888884,0.34444444444444444,0.4916666666666667,0.4555555555555556,0.0805555555555556,0.16666666666666674,0.3638888888888889,0.7919014816261973,0.129820273265633,0.3083333333333333,0.4222222222222222,0.4083333333333333,0.3416666666666667,0.3888888888888889,0.3444444444444444,0.4916666666666666,0.4555555555555555,0.0805555555555555,0.1666666666666666,0.3638888888888889
condition_ridge,0,0,43,subject19,True,0.0,5.483299769792893e-08,0.6976623757844074,0.12534109444094066,0.4722222222222222,0.5388888888888889,0.47777777777777775,0.2333333333333334,0.06944444444444443,0.11111111111111116,0.3194444444444445,0.25555555555555554,0.01666666666666672,0.19166666666666665,0.10833333333333334,0.6976624306174051,0.1253411066018699,0.4722222222222222,0.5388888888888889,0.4777777777777778,0.2333333333333333,0.0694444444444444,0.1111111111111111,0.3194444444444444,0.2555555555555555,0.0166666666666666,0.1916666666666666,0.1083333333333333
condition_ridge,0,0,43,subject24,True,0.0,3.380948282449836e-08,0.28637532056088943,0.043049811361675516,0.20277777777777772,0.26111111111111107,0.22777777777777775,0.29444444444444445,0.1888888888888889,0.26666666666666666,0.21666666666666667,0.23055555555555554,0.011111111111111072,0.15833333333333333,0.25833333333333336,0.2863752867514066,0.0430498059528599,0.2027777777777777,0.2611111111111111,0.2277777777777777,0.2944444444444444,0.1888888888888888,0.2666666666666666,0.2166666666666666,0.2305555555555555,0.0111111111111111,0.1583333333333333,0.2583333333333333
condition_ridge,0,0,43,subject27,True,0.0,4.337920689323482e-09,0.8426290276993211,0.1780898045356759,0.425,0.3138888888888889,0.43888888888888883,0.5388888888888889,0.1638888888888889,0.1638888888888889,0.15833333333333335,0.15555555555555556,0.03888888888888897,0.3222222222222222,0.15833333333333335,0.8426290233614004,0.1780898020126782,0.425,0.3138888888888889,0.4388888888888889,0.5388888888888889,0.1638888888888889,0.1638888888888889,0.1583333333333333,0.1555555555555555,0.0388888888888888,0.3222222222222222,0.1583333333333333
condition_ridge,0,0,43,subject34,True,0.0,5.511067158181504e-09,0.46681664693249836,0.07828858109452141,0.2277777777777778,0.29999999999999993,0.3444444444444444,0.30000000000000004,0.2888888888888889,0.3055555555555556,0.3055555555555556,0.2888888888888889,0.03888888888888897,0.18611111111111112,0.2944444444444444,0.4668166524435655,0.0782885839770978,0.2277777777777777,0.3,0.3444444444444444,0.3,0.2888888888888888,0.3055555555555556,0.3055555555555556,0.2888888888888888,0.0388888888888888,0.1861111111111111,0.2944444444444444
condition_ridge,0,0,43,subject35,True,0.0,2.2462571358516925e-08,0.6063160816477797,0.12032140890444609,0.2594961240310078,0.5267441860465116,0.5300387596899225,0.26375968992248067,0.1817829457364341,0.19670542635658916,0.21705426356589153,0.24864341085271313,0.07170542635658916,0.25058139534883717,0.22558139534883723,0.6063161041103511,0.1203214129614396,0.2594961240310077,0.5267441860465116,0.5300387596899225,0.2637596899224806,0.1817829457364341,0.1967054263565891,0.2170542635658914,0.2486434108527132,0.0717054263565891,0.2505813953488372,0.2255813953488372
condition_ridge,0,0,44,subject05,True,0.0,2.9165605930359106e-08,0.8414750462292555,0.16842924723734376,0.3611111111111111,0.4166666666666667,0.3416666666666667,0.18055555555555558,0.3083333333333333,0.2583333333333333,0.34166666666666673,0.44166666666666665,0.06388888888888888,0.5166666666666667,0.2527777777777778,0.8414750753948614,0.1684292545792293,0.3611111111111111,0.4166666666666667,0.3416666666666667,0.1805555555555555,0.3083333333333333,0.2583333333333333,0.3416666666666667,0.4416666666666666,0.0638888888888888,0.5166666666666667,0.2527777777777777
condition_ridge,0,0,44,subject13,True,0.0,6.663872653689396e-08,0.679020271769541,0.11328945010680702,0.27222222222222225,0.35555555555555557,0.41388888888888886,0.425,0.36944444444444446,0.3222222222222222,0.43888888888888883,0.36111111111111105,0.047222222222222276,0.18333333333333335,0.30555555555555547,0.6790202051308145,0.1132894412811844,0.2722222222222222,0.3555555555555555,0.4138888888888888,0.425,0.3694444444444444,0.3222222222222222,0.4388888888888889,0.3611111111111111,0.0472222222222222,0.1833333333333333,0.3055555555555556
condition_ridge,0,0,44,subject19,True,0.0,1.6796668500518308e-08,0.9979825991415803,0.18492608662026455,0.4638888888888889,0.6000000000000001,0.5888888888888889,0.2583333333333333,0.1472222222222222,0.0888888888888889,0.3222222222222222,0.2694444444444445,0.05833333333333335,0.20000000000000007,0.10555555555555551,0.9979825823449118,0.184926085016664,0.4638888888888889,0.6,0.5888888888888889,0.2583333333333333,0.1472222222222222,0.0888888888888888,0.3222222222222222,0.2694444444444444,0.0583333333333333,0.2,0.1055555555555555
condition_ridge,0,0,44,subject24,True,0.0,2.2739262972581997e-08,0.30120146842681006,0.043672763673515136,0.14166666666666666,0.25833333333333336,0.2666666666666667,0.2444444444444444,0.20833333333333334,0.25555555555555554,0.2138888888888889,0.175,0.02777777777777779,0.125,0.25833333333333336,0.3012014456875471,0.0436727588321921,0.1416666666666666,0.2583333333333333,0.2666666666666666,0.2444444444444444,0.2083333333333333,0.2555555555555555,0.2138888888888888,0.175,0.0277777777777777,0.125,0.2583333333333333
condition_ridge,0,0,44,subject27,True,0.0,1.5150221965853916e-08,1.0027074183575895,0.21000781870647733,0.4388888888888889,0.5,0.5611111111111111,0.5972222222222222,0.25555555555555554,0.2388888888888889,0.23055555555555554,0.17222222222222222,0.002777777777777768,0.23888888888888893,0.25,1.0027074032073675,0.210007813503106,0.4388888888888889,0.5,0.5611111111111111,0.5972222222222222,0.2555555555555555,0.2388888888888889,0.2305555555555555,0.1722222222222222,0.0027777777777777,0.2388888888888889,0.25
condition_ridge,0,0,44,subject34,True,0.0,4.511472972978936e-09,0.5146006663981284,0.08635743122239292,0.09999999999999999,0.25,0.3055555555555556,0.3638888888888889,0.2777777777777778,0.31666666666666665,0.3,0.35277777777777775,0.030555555555555558,0.175,0.31111111111111117,0.5146006709096014,0.0863574333009221,0.1,0.25,0.3055555555555556,0.3638888888888889,0.2777777777777778,0.3166666666666666,0.3,0.3527777777777778,0.0305555555555555,0.175,0.3111111111111111
condition_ridge,0,0,44,subject35,True,0.0,2.5064683661923937e-09,0.6227041476269273,0.11526046575569959,0.20096899224806208,0.5503875968992248,0.5087209302325582,0.29709302325581394,0.13565891472868216,0.1674418604651163,0.23972868217054266,0.2310077519379845,0.030038759689922423,0.3474806201550388,0.17558139534883718,0.6227041451204589,0.1152604646805562,0.200968992248062,0.5503875968992248,0.5087209302325582,0.2970930232558139,0.1356589147286821,0.1674418604651162,0.2397286821705426,0.2310077519379845,0.0300387596899224,0.3474806201550388,0.1755813953488372
spline_pca,1,2,2026,subject08,True,0.0,1.1102230246251565e-16,5.129777060015182,0.7896006773909224,0.3194444444444445,0.8694444444444445,0.8166666666666667,0.3194444444444445,0.8194444444444444,0.40555555555555556,0.9666666666666667,0.9666666666666667,0.05555555555555558,0.4444444444444445,0.41944444444444445,5.129777060015182,0.7896006773909224,0.3194444444444444,0.8694444444444445,0.8166666666666667,0.3194444444444444,0.8194444444444444,0.4055555555555555,0.9666666666666668,0.9666666666666668,0.0555555555555555,0.4444444444444444,0.4194444444444444
spline_pca,1,2,2026,subject18,True,0.0,1.1102230246251565e-16,1.5188650325081583,0.2946091809242195,0.4277777777777778,0.5722222222222222,0.7194444444444444,0.11944444444444446,0.2,0.2361111111111111,0.8305555555555555,0.8333333333333334,0.011111111111111072,0.5972222222222222,0.3111111111111111,1.5188650325081583,0.2946091809242196,0.4277777777777777,0.5722222222222222,0.7194444444444444,0.1194444444444444,0.2,0.2361111111111111,0.8305555555555556,0.8333333333333334,0.0111111111111111,0.5972222222222222,0.3111111111111111
spline_pca,1,2,2026,subject23,True,0.0,1.1102230246251565e-16,0.5803797271251105,0.1194489558910925,0.3222222222222222,0.1444444444444445,0.23888888888888893,0.3416666666666666,0.3055555555555556,0.37499999999999994,0.4694444444444445,0.23055555555555554,0.2055555555555555,0.25555555555555554,0.3777777777777778,0.5803797271251105,0.1194489558910925,0.3222222222222222,0.1444444444444444,0.2388888888888889,0.3416666666666667,0.3055555555555556,0.375,0.4694444444444444,0.2305555555555555,0.2055555555555555,0.2555555555555555,0.3777777777777777
spline_pca,1,2,2026,subject25,True,0.0,2.220446049250313e-16,1.3340882851743585,0.25426819896684827,0.41666666666666663,0.17222222222222228,0.15000000000000002,0.43333333333333335,0.525,0.36388888888888893,0.8777777777777778,0.7861111111111111,0.36111111111111105,0.3611111111111111,0.35277777777777775,1.3340882851743583,0.2542681989668482,0.4166666666666667,0.1722222222222222,0.15,0.4333333333333333,0.525,0.3638888888888889,0.8777777777777778,0.7861111111111111,0.3611111111111111,0.3611111111111111,0.3527777777777778
spline_pca,1,2,2026,subject26,True,0.0,1.1102230246251565e-16,1.689162283316353,0.2830820633757405,0.3472222222222222,0.22499999999999998,0.11388888888888887,0.08888888888888888,0.6833333333333333,0.5583333333333333,0.8638888888888889,0.8333333333333334,0.061111111111111005,0.32222222222222224,0.5666666666666667,1.689162283316353,0.2830820633757404,0.3472222222222222,0.225,0.1138888888888888,0.0888888888888888,0.6833333333333333,0.5583333333333333,0.8638888888888889,0.8333333333333334,0.0611111111111111,0.3222222222222222,0.5666666666666667
spline_pca,1,2,2026,subject41,True,0.0,1.1102230246251565e-16,2.122111046973008,0.27815170385316523,0.6275641025641026,0.45897435897435895,0.3025641025641026,0.5051282051282051,0.2153846153846154,0.3442307692307693,0.6692307692307693,0.46153846153846156,0.10384615384615381,0.6442307692307693,0.4775641025641026,2.122111046973008,0.2781517038531652,0.6275641025641026,0.4589743589743589,0.3025641025641025,0.5051282051282051,0.2153846153846154,0.3442307692307692,0.6692307692307692,0.4615384615384615,0.1038461538461538,0.6442307692307693,0.4775641025641026
spline_pca,1,2,2026,subject43,True,0.0,1.1102230246251565e-16,0.5975906664641579,0.1249364643155515,0.46111111111111114,0.40555555555555556,0.27499999999999997,0.23888888888888882,0.2916666666666667,0.34444444444444444,0.5944444444444443,0.4722222222222222,0.011111111111111072,0.425,0.3416666666666667,0.5975906664641579,0.1249364643155515,0.4611111111111111,0.4055555555555555,0.275,0.2388888888888889,0.2916666666666667,0.3444444444444444,0.5944444444444444,0.4722222222222222,0.0111111111111111,0.425,0.3416666666666667
spline_pca,1,3,2026,subject08,True,0.0,2.220446049250313e-16,4.659246991509759,0.689194396596945,0.2972222222222223,0.8694444444444445,0.7916666666666667,0.2777777777777778,0.7638888888888888,0.49722222222222223,0.913888888888889,0.9,0.01388888888888895,0.2888888888888889,0.49722222222222223,4.659246991509759,0.689194396596945,0.2972222222222222,0.8694444444444445,0.7916666666666666,0.2777777777777778,0.7638888888888888,0.4972222222222222,0.9138888888888888,0.9,0.0138888888888888,0.2888888888888888,0.4972222222222222
spline_pca,1,3,2026,subject18,True,0.0,1.6653345369377348e-16,1.2965744581602698,0.25124039771525675,0.46944444444444444,0.5472222222222222,0.6611111111111111,0.1333333333333333,0.26111111111111107,0.22777777777777777,0.8222222222222222,0.8138888888888889,0.005555555555555647,0.1333333333333333,0.28055555555555556,1.2965744581602698,0.2512403977152569,0.4694444444444444,0.5472222222222223,0.6611111111111111,0.1333333333333333,0.2611111111111111,0.2277777777777777,0.8222222222222222,0.8138888888888889,0.0055555555555555,0.1333333333333333,0.2805555555555555
spline_pca,1,3,2026,subject23,True,0.0,1.1102230246251565e-16,0.5409351508233335,0.11548595402937312,0.3361111111111111,0.14166666666666672,0.2055555555555556,0.35833333333333334,0.31666666666666665,0.41666666666666663,0.4777777777777778,0.17222222222222222,0.2055555555555555,0.13055555555555554,0.3916666666666666,0.5409351508233335,0.1154859540293731,0.3361111111111111,0.1416666666666666,0.2055555555555555,0.3583333333333333,0.3166666666666666,0.4166666666666667,0.4777777777777778,0.1722222222222222,0.2055555555555555,0.1305555555555555,0.3916666666666666
spline_pca,1,3,2026,subject25,True,0.0,1.3877787807814457e-16,1.050859164952818,0.1958268932146935,0.39722222222222225,0.16666666666666674,0.17222222222222217,0.3944444444444444,0.43333333333333335,0.25277777777777777,0.7805555555555557,0.6805555555555556,0.3111111111111111,0.1611111111111111,0.2416666666666667,1.050859164952818,0.1958268932146936,0.3972222222222222,0.1666666666666666,0.1722222222222222,0.3944444444444444,0.4333333333333333,0.2527777777777777,0.7805555555555556,0.6805555555555556,0.3111111111111111,0.1611111111111111,0.2416666666666666
spline_pca,1,3,2026,subject26,True,0.0,1.3877787807814457e-16,1.532559046565634,0.2387521778422137,0.3222222222222222,0.23611111111111116,0.09166666666666665,0.06388888888888894,0.6333333333333333,0.5472222222222222,0.788888888888889,0.775,0.0527777777777777,0.13333333333333333,0.5666666666666667,1.532559046565634,0.2387521778422136,0.3222222222222222,0.2361111111111111,0.0916666666666666,0.0638888888888888,0.6333333333333333,0.5472222222222223,0.7888888888888889,0.775,0.0527777777777777,0.1333333333333333,0.5666666666666667
spline_pca,1,3,2026,subject41,True,0.0,1.1102230246251565e-16,1.7073258814630332,0.1978517498741853,0.6192307692307693,0.41730769230769227,0.2570512820512821,0.48846153846153845,0.27371794871794874,0.3942307692307693,0.5506410256410256,0.44487179487179485,0.12051282051282053,0.23461538461538464,0.5256410256410257,1.7073258814630332,0.1978517498741854,0.6192307692307693,0.4173076923076923,0.257051282051282,0.4884615384615384,0.2737179487179487,0.3942307692307692,0.5506410256410257,0.4448717948717948,0.1205128205128205,0.2346153846153846,0.5256410256410257
spline_pca,1,3,2026,subject43,True,0.0,8.326672684688674e-17,0.5276439457200941,0.11652505204700159,0.4527777777777777,0.41388888888888886,0.27499999999999997,0.29999999999999993,0.26111111111111107,0.2861111111111111,0.4944444444444444,0.4083333333333333,0.011111111111111072,0.18055555555555558,0.29166666666666663,0.5276439457200941,0.1165250520470015,0.4527777777777778,0.4138888888888888,0.275,0.3,0.2611111111111111,0.2861111111111111,0.4944444444444444,0.4083333333333333,0.0111111111111111,0.1805555555555555,0.2916666666666667
spline_pca,1,4,2026,subject08,True,0.0,1.1102230246251565e-16,4.586898076091334,0.6860316673426077,0.3055555555555556,0.8444444444444444,0.8083333333333333,0.21111111111111114,0.7305555555555555,0.3166666666666667,0.8583333333333334,0.9083333333333333,0.0722222222222223,0.2888888888888889,0.37500000000000006,4.586898076091334,0.6860316673426077,0.3055555555555556,0.8444444444444444,0.8083333333333333,0.2111111111111111,0.7305555555555555,0.3166666666666666,0.8583333333333333,0.9083333333333332,0.0722222222222222,0.2888888888888888,0.375
spline_pca,1,4,2026,subject18,True,0.0,1.1102230246251565e-16,1.2059441120201595,0.23591974361053525,0.4277777777777778,0.5666666666666667,0.5777777777777778,0.125,0.225,0.25555555555555554,0.7472222222222222,0.7472222222222222,0.030555555555555558,0.1166666666666667,0.2861111111111111,1.2059441120201595,0.2359197436105352,0.4277777777777777,0.5666666666666667,0.5777777777777777,0.125,0.225,0.2555555555555555,0.7472222222222222,0.7472222222222222,0.0305555555555555,0.1166666666666666,0.2861111111111111
spline_pca,1,4,2026,subject23,True,0.0,8.326672684688674e-17,0.3887265391606465,0.08292913099329646,0.33611111111111114,0.1333333333333333,0.22777777777777775,0.14166666666666666,0.20833333333333331,0.2666666666666666,0.4583333333333333,0.23055555555555557,0.18055555555555558,0.13055555555555554,0.23611111111111116,0.3887265391606465,0.0829291309932964,0.3361111111111111,0.1333333333333333,0.2277777777777777,0.1416666666666666,0.2083333333333333,0.2666666666666666,0.4583333333333333,0.2305555555555555,0.1805555555555555,0.1305555555555555,0.2361111111111111
spline_pca,1,4,2026,subject25,True,0.0,1.6653345369377348e-16,1.0531909939447166,0.19590087044051918,0.413888888888889,0.17777777777777776,0.2222222222222222,0.46111111111111114,0.41111111111111115,0.2305555555555555,0.7138888888888888,0.6694444444444444,0.33611111111111114,0.09722222222222221,0.21666666666666667,1.0531909939447166,0.1959008704405191,0.4138888888888888,0.1777777777777777,0.2222222222222222,0.4611111111111111,0.4111111111111111,0.2305555555555555,0.7138888888888889,0.6694444444444444,0.3361111111111111,0.0972222222222222,0.2166666666666666
spline_pca,1,4,2026,subject26,True,0.0,1.1102230246251565e-16,1.33816065807736,0.21286247239795142,0.30833333333333335,0.18611111111111112,0.14999999999999997,0.06944444444444442,0.5666666666666667,0.4527777777777778,0.7361111111111112,0.7305555555555555,0.019444444444444375,0.1472222222222222,0.4472222222222223,1.33816065807736,0.2128624723979514,0.3083333333333333,0.1861111111111111,0.15,0.0694444444444444,0.5666666666666667,0.4527777777777778,0.7361111111111112,0.7305555555555555,0.0194444444444444,0.1472222222222222,0.4472222222222222
spline_pca,1,4,2026,subject41,True,0.0,1.1102230246251565e-16,1.657966962316284,0.1741458356074448,0.610897435897436,0.4423076923076923,0.20256410256410262,0.4801282051282051,0.23141025641025648,0.23333333333333328,0.458974358974359,0.44487179487179485,0.04551282051282057,0.25961538461538464,0.2942307692307693,1.657966962316284,0.1741458356074448,0.610897435897436,0.4423076923076923,0.2025641025641025,0.4801282051282051,0.2314102564102564,0.2333333333333333,0.4589743589743589,0.4448717948717948,0.0455128205128205,0.2596153846153846,0.2942307692307692
spline_pca,1,4,2026,subject43,True,0.0,8.326672684688674e-17,0.3498651418875207,0.07549460877542258,0.4083333333333333,0.3972222222222222,0.20277777777777778,0.19166666666666665,0.2583333333333333,0.27777777777777773,0.3444444444444444,0.25555555555555554,0.011111111111111072,0.1444444444444445,0.275,0.3498651418875207,0.0754946087754225,0.4083333333333333,0.3972222222222222,0.2027777777777777,0.1916666666666666,0.2583333333333333,0.2777777777777778,0.3444444444444444,0.2555555555555555,0.0111111111111111,0.1444444444444444,0.275
spline_pca,1,8,2026,subject08,True,0.0,1.1102230246251565e-16,2.702910502061363,0.3982248658403581,0.4472222222222222,0.8111111111111111,0.825,0.22499999999999998,0.47777777777777775,0.4888888888888889,0.41388888888888886,0.5027777777777778,0.13888888888888895,0.0888888888888889,0.48611111111111116,2.702910502061363,0.3982248658403581,0.4472222222222222,0.8111111111111111,0.825,0.225,0.4777777777777778,0.4888888888888889,0.4138888888888888,0.5027777777777778,0.1388888888888889,0.0888888888888888,0.4861111111111111
spline_pca,1,8,2026,subject18,True,0.0,1.5265566588595902e-16,0.6055816821500457,0.10406863746335415,0.45555555555555555,0.575,0.48611111111111116,0.15000000000000002,0.10833333333333334,0.10833333333333334,0.23055555555555554,0.32222222222222224,0.09722222222222221,0.12222222222222223,0.1,0.6055816821500457,0.104068637463354,0.4555555555555555,0.575,0.4861111111111111,0.15,0.1083333333333333,0.1083333333333333,0.2305555555555555,0.3222222222222222,0.0972222222222222,0.1222222222222222,0.1
spline_pca,1,8,2026,subject23,True,0.0,8.326672684688674e-17,0.717525998681225,0.06720904615025924,0.32499999999999996,0.125,0.3277777777777778,0.26666666666666666,0.17777777777777778,0.22500000000000003,0.2972222222222222,0.25,0.12222222222222223,0.17500000000000002,0.2194444444444444,0.717525998681225,0.0672090461502592,0.325,0.125,0.3277777777777778,0.2666666666666666,0.1777777777777777,0.225,0.2972222222222222,0.25,0.1222222222222222,0.175,0.2194444444444444
spline_pca,1,8,2026,subject25,True,0.0,8.326672684688674e-17,0.4148019158517622,0.061508310157640356,0.30833333333333335,0.21111111111111108,0.2138888888888888,0.2916666666666667,0.13611111111111107,0.18888888888888888,0.3194444444444444,0.34444444444444444,0.23611111111111105,0.07500000000000007,0.20000000000000007,0.4148019158517622,0.0615083101576403,0.3083333333333333,0.2111111111111111,0.2138888888888888,0.2916666666666667,0.1361111111111111,0.1888888888888888,0.3194444444444444,0.3444444444444444,0.2361111111111111,0.075,0.2
spline_pca,1,8,2026,subject26,True,0.0,2.220446049250313e-16,1.1899523535341903,0.1439004766678451,0.26666666666666666,0.18333333333333335,0.25,0.10000000000000009,0.4083333333333334,0.3472222222222222,0.5833333333333334,0.6888888888888889,0.05555555555555558,0.15000000000000002,0.35833333333333334,1.1899523535341905,0.1439004766678451,0.2666666666666666,0.1833333333333333,0.25,0.1,0.4083333333333333,0.3472222222222222,0.5833333333333334,0.6888888888888889,0.0555555555555555,0.15,0.3583333333333333
spline_pca,1,8,2026,subject41,True,0.0,2.220446049250313e-16,1.1815837454907943,0.08161854812939584,0.5858974358974358,0.43397435897435893,0.20833333333333337,0.4801282051282051,0.3692307692307692,0.2775641025641025,0.282051282051282,0.3532051282051283,0.04551282051282057,0.19294871794871796,0.28589743589743594,1.1815837454907945,0.0816185481293958,0.5858974358974359,0.433974358974359,0.2083333333333333,0.4801282051282051,0.3692307692307692,0.2775641025641026,0.282051282051282,0.3532051282051282,0.0455128205128205,0.1929487179487179,0.2858974358974359
spline_pca,1,8,2026,subject43,True,0.0,1.5265566588595902e-16,0.6075734441469454,0.09071777252369795,0.3361111111111111,0.3444444444444444,0.2888888888888889,0.19999999999999996,0.18055555555555558,0.19722222222222224,0.29166666666666663,0.27499999999999997,0.047222222222222276,0.20277777777777783,0.19722222222222224,0.6075734441469454,0.0907177725236978,0.3361111111111111,0.3444444444444444,0.2888888888888888,0.2,0.1805555555555555,0.1972222222222222,0.2916666666666667,0.275,0.0472222222222222,0.2027777777777777,0.1972222222222222
condition_ridge,1,0,42,subject08,True,0.0,3.3063112248044035e-08,3.9094812819293043,0.4926958780471484,0.2944444444444444,0.8277777777777777,0.788888888888889,0.2,0.6083333333333334,0.40833333333333327,0.7777777777777778,0.7277777777777777,0.005555555555555647,0.21666666666666662,0.4416666666666667,3.9094813149924166,0.4926958847910994,0.2944444444444444,0.8277777777777777,0.7888888888888889,0.2,0.6083333333333333,0.4083333333333333,0.7777777777777778,0.7277777777777777,0.0055555555555555,0.2166666666666666,0.4416666666666666
condition_ridge,1,0,42,subject18,True,0.0,6.644532479782583e-09,0.7927167137719526,0.12021987882745522,0.33333333333333337,0.32499999999999996,0.39999999999999997,0.3388888888888888,0.26388888888888895,0.21388888888888885,0.33055555555555555,0.4194444444444445,0.005555555555555647,0.4555555555555555,0.17222222222222228,0.7927167204164851,0.1202198792686508,0.3333333333333333,0.325,0.4,0.3388888888888889,0.2638888888888889,0.2138888888888888,0.3305555555555555,0.4194444444444444,0.0055555555555555,0.4555555555555555,0.1722222222222222
condition_ridge,1,0,42,subject23,True,0.0,1.9192434752568488e-08,0.5945770018263059,0.09878972278533782,0.14444444444444438,0.11111111111111116,0.2861111111111111,0.47500000000000003,0.2833333333333333,0.31666666666666665,0.09722222222222221,0.3555555555555555,0.2138888888888889,0.1138888888888889,0.29444444444444445,0.5945769826338712,0.0987897202331468,0.1444444444444444,0.1111111111111111,0.2861111111111111,0.475,0.2833333333333333,0.3166666666666666,0.0972222222222222,0.3555555555555555,0.2138888888888888,0.1138888888888888,0.2944444444444444
condition_ridge,1,0,42,subject25,True,0.0,1.5967591138199566e-08,0.9971190349650851,0.14527259686577565,0.35277777777777775,0.5916666666666667,0.4916666666666667,0.3277777777777778,0.33333333333333337,0.27222222222222225,0.27499999999999997,0.2277777777777778,0.37777777777777777,0.07777777777777772,0.2833333333333333,0.997119018997494,0.1452725946362218,0.3527777777777778,0.5916666666666667,0.4916666666666666,0.3277777777777778,0.3333333333333333,0.2722222222222222,0.275,0.2277777777777777,0.3777777777777777,0.0777777777777777,0.2833333333333333
condition_ridge,1,0,42,subject26,True,0.0,1.1963217971810991e-08,1.0219772052994496,0.11866746798386874,0.1777777777777778,0.3694444444444444,0.26388888888888884,0.11388888888888882,0.5166666666666666,0.4888888888888888,0.40277777777777773,0.45000000000000007,0.061111111111111005,0.1972222222222223,0.49722222222222223,1.0219771933362316,0.1186674668019031,0.1777777777777777,0.3694444444444444,0.2638888888888889,0.1138888888888888,0.5166666666666667,0.4888888888888889,0.4027777777777778,0.45,0.0611111111111111,0.1972222222222222,0.4972222222222222
condition_ridge,1,0,42,subject41,True,0.0,3.6239374834323712e-09,0.9667374579828971,0.02659807213964782,0.2532051282051282,0.2743589743589744,0.275,0.3801282051282051,0.3814102564102565,0.375,0.30320512820512824,0.19487179487179485,0.12884615384615383,0.29294871794871796,0.3833333333333333,0.9667374543589596,0.026598072026652,0.2532051282051282,0.2743589743589744,0.275,0.3801282051282051,0.3814102564102564,0.375,0.3032051282051282,0.1948717948717948,0.1288461538461538,0.2929487179487179,0.3833333333333333
condition_ridge,1,0,42,subject43,True,0.0,8.183267674599648e-10,0.24453355955890466,0.03503856815291939,0.19444444444444442,0.3972222222222222,0.37777777777777777,0.2055555555555555,0.10555555555555557,0.11666666666666667,0.11944444444444446,0.09722222222222224,0.01388888888888895,0.17222222222222217,0.125,0.2445335587405779,0.0350385673842549,0.1944444444444444,0.3972222222222222,0.3777777777777777,0.2055555555555555,0.1055555555555555,0.1166666666666666,0.1194444444444444,0.0972222222222222,0.0138888888888888,0.1722222222222222,0.125
condition_ridge,1,0,43,subject08,True,0.0,1.0727146282363265e-08,4.064599696720257,0.49595716688481706,0.41388888888888886,0.8444444444444444,0.85,0.23055555555555557,0.5722222222222222,0.3805555555555556,0.7972222222222223,0.7222222222222223,0.005555555555555647,0.2416666666666667,0.4083333333333333,4.064599685993111,0.495957168382569,0.4138888888888888,0.8444444444444444,0.85,0.2305555555555555,0.5722222222222222,0.3805555555555555,0.7972222222222223,0.7222222222222222,0.0055555555555555,0.2416666666666666,0.4083333333333333
condition_ridge,1,0,43,subject18,True,0.0,1.388157011561475e-08,1.0358626965338709,0.16373576225739628,0.30833333333333335,0.44999999999999996,0.48611111111111116,0.2944444444444444,0.30000000000000004,0.26111111111111107,0.3722222222222223,0.4638888888888889,0.01388888888888895,0.5083333333333333,0.22222222222222232,1.035862710415441,0.1637357646950531,0.3083333333333333,0.45,0.4861111111111111,0.2944444444444444,0.3,0.2611111111111111,0.3722222222222222,0.4638888888888889,0.0138888888888888,0.5083333333333333,0.2222222222222222
condition_ridge,1,0,43,subject23,True,0.0,1.6641607952783133e-09,0.49066843845522845,0.08231890640525119,0.1611111111111111,0.07777777777777783,0.3194444444444444,0.4666666666666666,0.18888888888888888,0.2194444444444444,0.09722222222222221,0.3222222222222222,0.1972222222222222,0.13055555555555556,0.20833333333333337,0.4906684377093211,0.0823189047410904,0.1611111111111111,0.0777777777777777,0.3194444444444444,0.4666666666666667,0.1888888888888888,0.2194444444444444,0.0972222222222222,0.3222222222222222,0.1972222222222222,0.1305555555555555,0.2083333333333333
condition_ridge,1,0,43,subject25,True,0.0,1.1160145696464951e-08,1.0973744563112522,0.16738318725111323,0.31111111111111106,0.5722222222222222,0.5055555555555555,0.4333333333333334,0.3083333333333333,0.28888888888888886,0.28055555555555556,0.2611111111111111,0.3944444444444444,0.125,0.28888888888888886,1.0973744451511065,0.1673831862899194,0.3111111111111111,0.5722222222222222,0.5055555555555555,0.4333333333333333,0.3083333333333333,0.2888888888888888,0.2805555555555555,0.2611111111111111,0.3944444444444444,0.125,0.2888888888888888
condition_ridge,1,0,43,subject26,True,0.0,4.974230360943466e-09,0.95786131946431,0.11097875055793704,0.2277777777777778,0.3944444444444445,0.27222222222222214,0.11944444444444446,0.49999999999999994,0.4361111111111111,0.41388888888888886,0.4055555555555556,0.061111111111111005,0.1388888888888889,0.4472222222222222,0.9578613144900796,0.1109787483389175,0.2277777777777777,0.3944444444444444,0.2722222222222222,0.1194444444444444,0.5,0.4361111111111111,0.4138888888888888,0.4055555555555555,0.0611111111111111,0.1388888888888889,0.4472222222222222
condition_ridge,1,0,43,subject41,True,0.0,1.7661557771830871e-09,0.991405369698585,0.03235255221251865,0.2448717948717949,0.2743589743589744,0.2416666666666667,0.40512820512820513,0.32307692307692315,0.2897435897435898,0.33653846153846156,0.22820512820512828,0.12884615384615383,0.3275641025641026,0.30641025641025643,0.9914053679324292,0.0323525525784668,0.2448717948717948,0.2743589743589744,0.2416666666666666,0.4051282051282051,0.3230769230769231,0.2897435897435897,0.3365384615384615,0.2282051282051282,0.1288461538461538,0.3275641025641025,0.3064102564102564
condition_ridge,1,0,43,subject43,True,0.0,3.6408773773644043e-09,0.2562862777684236,0.037853208821202244,0.2861111111111111,0.34444444444444444,0.3,0.2666666666666666,0.12222222222222223,0.09444444444444444,0.125,0.09166666666666667,0.011111111111111072,0.1333333333333333,0.11666666666666667,0.256286281409301,0.0378532097931231,0.2861111111111111,0.3444444444444444,0.3,0.2666666666666666,0.1222222222222222,0.0944444444444444,0.125,0.0916666666666666,0.0111111111111111,0.1333333333333333,0.1166666666666666
condition_ridge,1,0,44,subject08,False,0.0,0.00020536714364016717,4.055111697238993,0.5198418219931865,0.3722222222222222,0.8111111111111111,0.8138888888888889,0.2638888888888889,0.6277777777777778,0.3805555555555556,0.788888888888889,0.7555555555555555,0.01388888888888895,0.2638888888888889,0.3944444444444445,4.055317064382633,0.519895795453173,0.3722222222222222,0.8111111111111111,0.8138888888888889,0.2638888888888889,0.6277777777777778,0.3805555555555555,0.7888888888888889,0.7555555555555555,0.0138888888888888,0.2638888888888889,0.3944444444444444
condition_ridge,1,0,44,subject18,True,0.0,1.5985713863742035e-09,0.9244507695552242,0.13515463378057446,0.2777777777777778,0.4083333333333334,0.4750000000000001,0.2944444444444444,0.2944444444444444,0.25,0.2388888888888889,0.3638888888888888,0.022222222222222254,0.4916666666666667,0.22499999999999998,0.9244507711537956,0.1351546329780353,0.2777777777777778,0.4083333333333333,0.475,0.2944444444444444,0.2944444444444444,0.25,0.2388888888888889,0.3638888888888889,0.0222222222222222,0.4916666666666666,0.225
condition_ridge,1,0,44,subject23,True,0.0,1.4547052451518994e-09,0.5253253079828517,0.0870793959557441,0.14444444444444438,0.1527777777777778,0.3027777777777778,0.425,0.27222222222222214,0.28333333333333327,0.0944444444444445,0.25,0.1972222222222222,0.11388888888888887,0.2777777777777778,0.5253253065281465,0.0870793955795491,0.1444444444444444,0.1527777777777778,0.3027777777777777,0.425,0.2722222222222222,0.2833333333333333,0.0944444444444444,0.25,0.1972222222222222,0.1138888888888888,0.2777777777777778
condition_ridge,1,0,44,subject25,True,0.0,1.673322147510703e-08,1.206960225182661,0.17227055396522206,0.37222222222222223,0.6527777777777778,0.4805555555555555,0.37500000000000006,0.31666666666666665,0.25555555555555554,0.30000000000000004,0.2611111111111111,0.3944444444444444,0.10833333333333339,0.28055555555555556,1.2069602084494395,0.1722705518592234,0.3722222222222222,0.6527777777777778,0.4805555555555555,0.375,0.3166666666666666,0.2555555555555555,0.3,0.2611111111111111,0.3944444444444444,0.1083333333333333,0.2805555555555555
condition_ridge,1,0,44,subject26,True,0.0,1.5331771185955745e-08,1.0880843399382343,0.1343925605564762,0.21944444444444444,0.3194444444444444,0.1694444444444444,0.15555555555555556,0.55,0.4805555555555555,0.4305555555555556,0.4722222222222222,0.0527777777777777,0.13055555555555554,0.5,1.088084324606463,0.1343925595725205,0.2194444444444444,0.3194444444444444,0.1694444444444444,0.1555555555555555,0.55,0.4805555555555555,0.4305555555555556,0.4722222222222222,0.0527777777777777,0.1305555555555555,0.5
condition_ridge,1,0,44,subject41,True,0.0,6.4821819023563876e-09,0.9608167667728917,0.029466307952711768,0.33205128205128204,0.25769230769230766,0.21923076923076923,0.3884615384615384,0.32307692307692315,0.29166666666666663,0.31153846153846154,0.17820512820512824,0.13717948717948714,0.3525641025641026,0.29166666666666663,0.9608167732550736,0.0294663088666689,0.332051282051282,0.2576923076923076,0.2192307692307692,0.3884615384615384,0.3230769230769231,0.2916666666666667,0.3115384615384615,0.1782051282051282,0.1371794871794872,0.3525641025641026,0.2916666666666667
condition_ridge,1,0,44,subject43,True,0.0,6.374731853497906e-09,0.22703955268432896,0.03157845980975582,0.19999999999999998,0.3277777777777778,0.3111111111111111,0.24166666666666664,0.12499999999999997,0.13055555555555556,0.1333333333333333,0.10833333333333334,0.01388888888888895,0.1972222222222222,0.1611111111111111,0.2270395590590608,0.0315784609825224,0.2,0.3277777777777778,0.3111111111111111,0.2416666666666666,0.125,0.1305555555555555,0.1333333333333333,0.1083333333333333,0.0138888888888888,0.1972222222222222,0.1611111111111111
spline_pca,2,2,2026,subject01,True,0.0,1.1102230246251565e-16,0.6602491038672125,0.1307377797054332,0.2194444444444445,0.23055555555555562,0.4305555555555555,0.07500000000000001,0.4638888888888889,0.48611111111111116,0.6083333333333334,0.36388888888888893,0.008333333333333304,0.11666666666666664,0.48611111111111116,0.6602491038672125,0.1307377797054332,0.2194444444444444,0.2305555555555555,0.4305555555555556,0.075,0.4638888888888889,0.4861111111111111,0.6083333333333333,0.3638888888888889,0.0083333333333333,0.1166666666666666,0.4861111111111111
spline_pca,2,2,2026,subject04,True,0.0,1.1102230246251565e-16,0.5742161500866323,0.13127856803001758,0.38055555555555554,0.14722222222222225,0.19166666666666665,0.22500000000000003,0.36388888888888893,0.3805555555555556,0.5305555555555556,0.38888888888888895,0.008333333333333304,0.24722222222222223,0.4138888888888889,0.5742161500866323,0.1312785680300175,0.3805555555555555,0.1472222222222222,0.1916666666666666,0.225,0.3638888888888889,0.3805555555555555,0.5305555555555556,0.3888888888888889,0.0083333333333333,0.2472222222222222,0.4138888888888888
spline_pca,2,2,2026,subject10,True,0.0,5.551115123125783e-17,0.7362309984165836,0.1744990275513525,0.37499999999999994,0.5,0.30000000000000004,0.34444444444444444,0.4361111111111111,0.4027777777777778,0.29166666666666663,0.2611111111111111,0.005555555555555536,0.1388888888888889,0.4416666666666666,0.7362309984165836,0.1744990275513525,0.375,0.5,0.3,0.3444444444444444,0.4361111111111111,0.4027777777777778,0.2916666666666667,0.2611111111111111,0.0055555555555555,0.1388888888888889,0.4416666666666666
spline_pca,2,2,2026,subject12,True,0.0,1.1102230246251565e-16,0.8413141514581968,0.1814552883558357,0.4388888888888889,0.6166666666666667,0.4416666666666667,0.5888888888888888,0.2,0.24166666666666664,0.5249999999999999,0.41944444444444445,0.025000000000000022,0.14722222222222223,0.26666666666666666,0.8413141514581968,0.1814552883558357,0.4388888888888889,0.6166666666666667,0.4416666666666666,0.5888888888888889,0.2,0.2416666666666666,0.525,0.4194444444444444,0.025,0.1472222222222222,0.2666666666666666
spline_pca,2,2,2026,subject15,True,0.0,1.1102230246251565e-16,0.5287786317395793,0.1152284011558411,0.30243445692883897,0.3310861423220973,0.38464419475655437,0.2095505617977528,0.23024344569288388,0.2865168539325843,0.6948501872659176,0.5487827715355805,0.126498127340824,0.2135767790262172,0.3528089887640449,0.5287786317395793,0.1152284011558411,0.3024344569288389,0.3310861423220974,0.3846441947565543,0.2095505617977528,0.2302434456928839,0.2865168539325842,0.6948501872659176,0.5487827715355805,0.1264981273408239,0.2135767790262172,0.3528089887640449
spline_pca,2,2,2026,subject21,True,0.0,1.1102230246251565e-16,2.1934318414724414,0.44162631031595223,0.5583333333333333,0.4805555555555555,0.24444444444444446,0.6000000000000001,0.4944444444444444,0.5972222222222222,0.888888888888889,0.8416666666666667,0.019444444444444375,0.16388888888888886,0.6083333333333333,2.1934318414724414,0.4416263103159522,0.5583333333333333,0.4805555555555555,0.2444444444444444,0.6,0.4944444444444444,0.5972222222222222,0.8888888888888888,0.8416666666666667,0.0194444444444444,0.1638888888888889,0.6083333333333333
spline_pca,2,2,2026,subject36,True,0.0,1.1102230246251565e-16,0.6810826223671538,0.1408679056401967,0.4166666666666667,0.24999999999999994,0.16666666666666669,0.21666666666666662,0.18333333333333332,0.2111111111111111,0.6,0.7250000000000001,0.008333333333333304,0.2222222222222222,0.20833333333333331,0.6810826223671538,0.1408679056401967,0.4166666666666667,0.25,0.1666666666666666,0.2166666666666666,0.1833333333333333,0.2111111111111111,0.6,0.725,0.0083333333333333,0.2222222222222222,0.2083333333333333
spline_pca,2,3,2026,subject01,True,0.0,1.6653345369377348e-16,0.7517088523903745,0.1537801931193986,0.18333333333333335,0.25555555555555565,0.4444444444444445,0.15833333333333333,0.5361111111111112,0.5416666666666666,0.5361111111111111,0.3555555555555556,0.0,0.10555555555555556,0.5166666666666666,0.7517088523903745,0.1537801931193986,0.1833333333333333,0.2555555555555555,0.4444444444444444,0.1583333333333333,0.5361111111111111,0.5416666666666666,0.5361111111111111,0.3555555555555555,0.0,0.1055555555555555,0.5166666666666667
spline_pca,2,3,2026,subject04,True,0.0,1.249000902703301e-16,0.47604100237920743,0.11145841339425666,0.35833333333333334,0.11388888888888893,0.2694444444444445,0.19166666666666665,0.3138888888888889,0.3305555555555556,0.5388888888888889,0.42500000000000004,0.050000000000000044,0.1333333333333333,0.3388888888888889,0.4760410023792074,0.1114584133942567,0.3583333333333333,0.1138888888888888,0.2694444444444444,0.1916666666666666,0.3138888888888889,0.3305555555555555,0.5388888888888889,0.425,0.05,0.1333333333333333,0.3388888888888889
spline_pca,2,3,2026,subject10,True,0.0,2.498001805406602e-16,0.5888774277594075,0.13594973710338976,0.3555555555555555,0.4583333333333333,0.2944444444444445,0.2777777777777778,0.3944444444444445,0.3916666666666666,0.2833333333333334,0.29166666666666663,0.01388888888888895,0.17222222222222217,0.39999999999999997,0.5888774277594075,0.1359497371033895,0.3555555555555555,0.4583333333333333,0.2944444444444444,0.2777777777777778,0.3944444444444444,0.3916666666666666,0.2833333333333333,0.2916666666666667,0.0138888888888888,0.1722222222222222,0.4
spline_pca,2,3,2026,subject12,True,0.0,1.249000902703301e-16,0.7574790743881055,0.15527469838456265,0.38333333333333336,0.5916666666666667,0.4388888888888889,0.4888888888888889,0.21111111111111108,0.22499999999999998,0.4555555555555556,0.38888888888888895,0.033333333333333326,0.11944444444444452,0.23611111111111105,0.7574790743881055,0.1552746983845626,0.3833333333333333,0.5916666666666667,0.4388888888888889,0.4888888888888889,0.2111111111111111,0.225,0.4555555555555555,0.3888888888888889,0.0333333333333333,0.1194444444444444,0.2361111111111111
spline_pca,2,3,2026,subject15,True,0.0,1.249000902703301e-16,0.5153607986719297,0.11254901481526447,0.27743445692883895,0.35243445692883896,0.34007490636704113,0.16591760299625458,0.18529962546816478,0.24953183520599248,0.547752808988764,0.47556179775280905,0.1348314606741573,0.10318352059925096,0.2941011235955056,0.5153607986719297,0.1125490148152646,0.2774344569288389,0.3524344569288389,0.3400749063670412,0.1659176029962547,0.1852996254681647,0.2495318352059925,0.547752808988764,0.475561797752809,0.1348314606741573,0.1031835205992509,0.2941011235955056
spline_pca,2,3,2026,subject21,True,0.0,1.1102230246251565e-16,1.6931110762113213,0.3459430227309025,0.5333333333333334,0.45833333333333326,0.20833333333333331,0.4305555555555556,0.5527777777777777,0.625,0.7972222222222223,0.8138888888888889,0.011111111111111072,0.1972222222222222,0.6166666666666666,1.6931110762113213,0.3459430227309025,0.5333333333333333,0.4583333333333333,0.2083333333333333,0.4305555555555556,0.5527777777777778,0.625,0.7972222222222223,0.8138888888888889,0.0111111111111111,0.1972222222222222,0.6166666666666667
spline_pca,2,3,2026,subject36,True,0.0,6.938893903907228e-17,0.6517195788099985,0.1365969401554552,0.4305555555555556,0.24166666666666664,0.11388888888888887,0.21111111111111114,0.18333333333333335,0.14722222222222225,0.625,0.7416666666666667,0.050000000000000044,0.09722222222222221,0.15277777777777773,0.6517195788099985,0.1365969401554552,0.4305555555555556,0.2416666666666666,0.1138888888888888,0.2111111111111111,0.1833333333333333,0.1472222222222222,0.625,0.7416666666666667,0.05,0.0972222222222222,0.1527777777777778
spline_pca,2,4,2026,subject01,True,0.0,1.1102230246251565e-16,0.5552517540706154,0.10708347601140511,0.1972222222222223,0.23888888888888893,0.4388888888888889,0.18055555555555558,0.32777777777777783,0.3416666666666666,0.5166666666666667,0.42222222222222217,0.06666666666666665,0.15277777777777773,0.3444444444444445,0.5552517540706154,0.1070834760114051,0.1972222222222222,0.2388888888888889,0.4388888888888889,0.1805555555555555,0.3277777777777778,0.3416666666666667,0.5166666666666667,0.4222222222222222,0.0666666666666666,0.1527777777777778,0.3444444444444444
spline_pca,2,4,2026,subject04,True,0.0,1.1796119636642288e-16,0.4102861401222633,0.09071576138898008,0.30277777777777776,0.15000000000000002,0.19444444444444442,0.18611111111111117,0.24166666666666664,0.26666666666666666,0.5583333333333333,0.4805555555555555,0.01666666666666672,0.13333333333333336,0.28055555555555556,0.4102861401222633,0.09071576138898,0.3027777777777777,0.15,0.1944444444444444,0.1861111111111111,0.2416666666666666,0.2666666666666666,0.5583333333333333,0.4805555555555555,0.0166666666666666,0.1333333333333333,0.2805555555555555
spline_pca,2,4,2026,subject10,True,0.0,5.551115123125783e-17,0.5378389234302992,0.13446243814374892,0.4333333333333333,0.4833333333333333,0.23333333333333336,0.35277777777777775,0.33611111111111114,0.29444444444444445,0.19999999999999996,0.23888888888888887,0.036111111111111094,0.27222222222222225,0.32499999999999996,0.5378389234302992,0.1344624381437489,0.4333333333333333,0.4833333333333333,0.2333333333333333,0.3527777777777778,0.3361111111111111,0.2944444444444444,0.2,0.2388888888888889,0.0361111111111111,0.2722222222222222,0.325
spline_pca,2,4,2026,subject12,True,0.0,1.3877787807814457e-16,0.7157555682217418,0.15271216970501256,0.4,0.586111111111111,0.4416666666666667,0.5388888888888889,0.20277777777777772,0.20277777777777783,0.3333333333333333,0.3694444444444444,0.06666666666666665,0.16111111111111115,0.21111111111111108,0.7157555682217418,0.1527121697050125,0.4,0.5861111111111111,0.4416666666666666,0.5388888888888889,0.2027777777777777,0.2027777777777777,0.3333333333333333,0.3694444444444444,0.0666666666666666,0.1611111111111111,0.2111111111111111
spline_pca,2,4,2026,subject15,True,0.0,1.1102230246251565e-16,0.4399172773397688,0.10146861133980223,0.3716292134831461,0.397752808988764,0.2817415730337079,0.14016853932584272,0.2241573033707865,0.2615168539325843,0.4115168539325843,0.4071161048689139,0.08483146067415726,0.23501872659176032,0.30318352059925097,0.4399172773397688,0.1014686113398022,0.3716292134831461,0.397752808988764,0.2817415730337079,0.1401685393258427,0.2241573033707865,0.2615168539325843,0.4115168539325842,0.4071161048689138,0.0848314606741573,0.2350187265917603,0.3031835205992509
spline_pca,2,4,2026,subject21,True,0.0,1.1102230246251565e-16,1.6238376426866452,0.32936220168583064,0.5444444444444445,0.45555555555555555,0.21111111111111108,0.4833333333333334,0.43333333333333335,0.5472222222222223,0.7527777777777778,0.7416666666666667,0.0805555555555556,0.18333333333333332,0.5583333333333333,1.6238376426866452,0.3293622016858305,0.5444444444444444,0.4555555555555555,0.2111111111111111,0.4833333333333333,0.4333333333333333,0.5472222222222223,0.7527777777777778,0.7416666666666667,0.0805555555555555,0.1833333333333333,0.5583333333333333
spline_pca,2,4,2026,subject36,True,0.0,1.1102230246251565e-16,0.6213010014904747,0.1328159015426993,0.4166666666666667,0.24166666666666664,0.12777777777777777,0.2277777777777778,0.12777777777777777,0.1111111111111111,0.625,0.7194444444444444,0.05833333333333335,0.1416666666666666,0.11944444444444441,0.6213010014904747,0.1328159015426994,0.4166666666666667,0.2416666666666666,0.1277777777777777,0.2277777777777777,0.1277777777777777,0.1111111111111111,0.625,0.7194444444444444,0.0583333333333333,0.1416666666666666,0.1194444444444444
spline_pca,2,8,2026,subject01,True,0.0,1.1102230246251565e-16,0.29045815652038653,0.05583467065924863,0.2194444444444445,0.23888888888888893,0.3611111111111111,0.15,0.15000000000000002,0.1333333333333333,0.24722222222222223,0.2055555555555555,0.125,0.10555555555555556,0.14444444444444443,0.2904581565203865,0.0558346706592487,0.2194444444444444,0.2388888888888889,0.3611111111111111,0.15,0.15,0.1333333333333333,0.2472222222222222,0.2055555555555555,0.125,0.1055555555555555,0.1444444444444444
spline_pca,2,8,2026,subject04,True,0.0,1.1102230246251565e-16,0.3121427331531441,0.04742240775203699,0.36111111111111116,0.15833333333333333,0.17222222222222217,0.2416666666666667,0.125,0.17222222222222222,0.15000000000000002,0.08333333333333334,0.05833333333333335,0.09999999999999998,0.17222222222222222,0.3121427331531441,0.0474224077520371,0.3611111111111111,0.1583333333333333,0.1722222222222222,0.2416666666666666,0.125,0.1722222222222222,0.15,0.0833333333333333,0.0583333333333333,0.1,0.1722222222222222
spline_pca,2,8,2026,subject10,True,0.0,1.3877787807814457e-16,0.5558439486491675,0.10967157519661996,0.4,0.4777777777777778,0.2666666666666666,0.3027777777777778,0.17222222222222228,0.19444444444444445,0.2944444444444444,0.13888888888888884,0.08611111111111103,0.07222222222222219,0.19166666666666668,0.5558439486491675,0.1096715751966201,0.4,0.4777777777777778,0.2666666666666666,0.3027777777777777,0.1722222222222222,0.1944444444444444,0.2944444444444444,0.1388888888888889,0.0861111111111111,0.0722222222222222,0.1916666666666666
spline_pca,2,8,2026,subject12,True,0.0,6.938893903907228e-17,0.6625374083448676,0.14199595326615255,0.38888888888888884,0.5583333333333333,0.37499999999999994,0.4472222222222222,0.33055555555555555,0.24444444444444446,0.21944444444444444,0.1388888888888889,0.09999999999999998,0.09722222222222227,0.2583333333333333,0.6625374083448676,0.1419959532661525,0.3888888888888889,0.5583333333333333,0.375,0.4472222222222222,0.3305555555555555,0.2444444444444444,0.2194444444444444,0.1388888888888889,0.1,0.0972222222222222,0.2583333333333333
spline_pca,2,8,2026,subject15,True,0.0,8.326672684688674e-17,0.29538949863072617,0.06557839508036267,0.27743445692883895,0.324438202247191,0.15346441947565542,0.13632958801498127,0.25355805243445695,0.24194756554307117,0.13651685393258425,0.12677902621722847,0.07649812734082395,0.15973782771535583,0.2539325842696629,0.2953894986307261,0.0655783950803626,0.2774344569288389,0.324438202247191,0.1534644194756554,0.1363295880149812,0.2535580524344569,0.2419475655430711,0.1365168539325842,0.1267790262172284,0.0764981273408239,0.1597378277153558,0.2539325842696629
spline_pca,2,8,2026,subject21,True,0.0,1.1102230246251565e-16,0.7743620064652799,0.1430560936446701,0.5527777777777778,0.43333333333333335,0.1388888888888889,0.5249999999999999,0.24166666666666664,0.27499999999999997,0.21666666666666667,0.18055555555555558,0.23888888888888893,0.17500000000000002,0.29166666666666663,0.7743620064652799,0.1430560936446701,0.5527777777777778,0.4333333333333333,0.1388888888888889,0.525,0.2416666666666666,0.275,0.2166666666666666,0.1805555555555555,0.2388888888888889,0.175,0.2916666666666667
spline_pca,2,8,2026,subject36,True,0.0,8.326672684688674e-17,0.32843569500397685,0.07198747199519595,0.47777777777777775,0.23333333333333328,0.24444444444444446,0.20833333333333337,0.18611111111111117,0.1111111111111111,0.25277777777777777,0.2777777777777778,0.125,0.10833333333333328,0.11666666666666659,0.3284356950039768,0.0719874719951959,0.4777777777777778,0.2333333333333333,0.2444444444444444,0.2083333333333333,0.1861111111111111,0.1111111111111111,0.2527777777777777,0.2777777777777778,0.125,0.1083333333333333,0.1166666666666666
condition_ridge,2,0,42,subject01,True,0.0,3.758640954032444e-08,0.5519026431181859,0.10268227904370175,0.3083333333333334,0.3,0.2972222222222223,0.28611111111111104,0.2777777777777778,0.27499999999999997,0.16944444444444445,0.2138888888888889,0.008333333333333304,0.18055555555555555,0.2527777777777778,0.5519026807045955,0.1026822854074701,0.3083333333333333,0.3,0.2972222222222222,0.2861111111111111,0.2777777777777778,0.275,0.1694444444444444,0.2138888888888888,0.0083333333333333,0.1805555555555555,0.2527777777777777
condition_ridge,2,0,42,subject04,True,0.0,9.828629338182182e-08,0.37222243861749726,0.06640527304984656,0.175,0.2138888888888889,0.15555555555555556,0.29166666666666663,0.3083333333333333,0.27222222222222225,0.17222222222222222,0.19444444444444448,0.06666666666666665,0.28888888888888886,0.27222222222222225,0.3722223403312039,0.0664052531254519,0.175,0.2138888888888888,0.1555555555555555,0.2916666666666667,0.3083333333333333,0.2722222222222222,0.1722222222222222,0.1944444444444444,0.0666666666666666,0.2888888888888888,0.2722222222222222
condition_ridge,2,0,42,subject10,True,0.0,2.779139185449253e-08,0.557038729074792,0.08817589418886684,0.28055555555555556,0.5333333333333333,0.4305555555555556,0.18055555555555558,0.28611111111111115,0.225,0.33333333333333337,0.23888888888888882,0.002777777777777768,0.18611111111111112,0.2277777777777778,0.5570387012834002,0.0881758906841997,0.2805555555555555,0.5333333333333333,0.4305555555555556,0.1805555555555555,0.2861111111111111,0.225,0.3333333333333333,0.2388888888888889,0.0027777777777777,0.1861111111111111,0.2277777777777777
condition_ridge,2,0,42,subject12,True,0.0,1.3250005981291224e-08,0.8606741511093499,0.15085852336097327,0.14444444444444443,0.5694444444444444,0.5944444444444444,0.20555555555555555,0.24722222222222223,0.22499999999999998,0.2138888888888889,0.11388888888888887,0.050000000000000044,0.17222222222222228,0.23611111111111116,0.8606741378593439,0.1508585222380193,0.1444444444444444,0.5694444444444444,0.5944444444444444,0.2055555555555555,0.2472222222222222,0.225,0.2138888888888888,0.1138888888888888,0.05,0.1722222222222222,0.2361111111111111
condition_ridge,2,0,42,subject15,True,0.0,1.875879190871288e-08,0.335526201798793,0.06297811542285325,0.12050561797752812,0.3760299625468164,0.3543071161048689,0.21591760299625462,0.1122659176029962,0.07415730337078652,0.21807116104868918,0.21657303370786518,0.05149812734082393,0.20496254681647935,0.1165730337078652,0.3355261830400011,0.062978111193369,0.1205056179775281,0.3760299625468165,0.3543071161048689,0.2159176029962546,0.1122659176029962,0.0741573033707865,0.2180711610486891,0.2165730337078651,0.0514981273408239,0.2049625468164794,0.1165730337078651
condition_ridge,2,0,42,subject21,True,0.0,9.89402786366611e-08,0.839842732161828,0.14281551128129222,0.35555555555555557,0.2222222222222222,0.28055555555555556,0.4027777777777778,0.2333333333333334,0.3916666666666666,0.47500000000000003,0.425,0.005555555555555647,0.2583333333333333,0.4083333333333333,0.8398426332215494,0.1428154972350972,0.3555555555555555,0.2222222222222222,0.2805555555555555,0.4027777777777778,0.2333333333333333,0.3916666666666666,0.475,0.425,0.0055555555555555,0.2583333333333333,0.4083333333333333
condition_ridge,2,0,42,subject36,True,0.0,3.789984814872582e-08,0.572602355908447,0.10977390229200568,0.3166666666666667,0.3333333333333333,0.4555555555555555,0.3694444444444444,0.20555555555555555,0.22499999999999998,0.3416666666666666,0.4111111111111111,0.050000000000000044,0.06944444444444445,0.21666666666666667,0.5726023938082951,0.1097739095350108,0.3166666666666666,0.3333333333333333,0.4555555555555555,0.3694444444444444,0.2055555555555555,0.225,0.3416666666666667,0.4111111111111111,0.05,0.0694444444444444,0.2166666666666666
condition_ridge,2,0,43,subject01,True,0.0,1.7300686216970007e-08,0.5859260512230096,0.10625399143411562,0.3388888888888888,0.33333333333333337,0.3472222222222223,0.30277777777777776,0.31111111111111117,0.29722222222222217,0.16666666666666669,0.2416666666666667,0.008333333333333304,0.10833333333333334,0.30000000000000004,0.5859260339223233,0.1062539879738492,0.3388888888888889,0.3333333333333333,0.3472222222222222,0.3027777777777777,0.3111111111111111,0.2972222222222222,0.1666666666666666,0.2416666666666666,0.0083333333333333,0.1083333333333333,0.3
condition_ridge,2,0,43,subject04,True,0.0,5.650845397164872e-08,0.41203414797869176,0.06891657774697868,0.1138888888888889,0.20277777777777772,0.16666666666666666,0.24166666666666664,0.35277777777777775,0.3388888888888889,0.21388888888888888,0.27777777777777785,0.05833333333333335,0.3083333333333334,0.3472222222222222,0.4120340914702378,0.0689165624705887,0.1138888888888888,0.2027777777777777,0.1666666666666666,0.2416666666666666,0.3527777777777778,0.3388888888888889,0.2138888888888888,0.2777777777777778,0.0583333333333333,0.3083333333333333,0.3472222222222222
condition_ridge,2,0,43,subject10,True,0.0,1.1067136318487769e-07,0.5454525426653531,0.09312390740833654,0.27499999999999997,0.4916666666666667,0.3833333333333334,0.1611111111111111,0.28611111111111115,0.24444444444444446,0.3083333333333334,0.23888888888888882,0.008333333333333304,0.15833333333333333,0.2527777777777778,0.54545243199399,0.0931238885622092,0.275,0.4916666666666666,0.3833333333333333,0.1611111111111111,0.2861111111111111,0.2444444444444444,0.3083333333333333,0.2388888888888889,0.0083333333333333,0.1583333333333333,0.2527777777777777
condition_ridge,2,0,43,subject12,True,0.0,3.0629136560378356e-08,1.053899813147769,0.18361175441620559,0.2444444444444444,0.6027777777777777,0.6055555555555556,0.2361111111111111,0.2694444444444445,0.28611111111111115,0.28055555555555556,0.2277777777777778,0.05833333333333335,0.17500000000000004,0.29999999999999993,1.0538997825186325,0.1836117518483724,0.2444444444444444,0.6027777777777777,0.6055555555555555,0.2361111111111111,0.2694444444444444,0.2861111111111111,0.2805555555555555,0.2277777777777777,0.0583333333333333,0.175,0.3
condition_ridge,2,0,43,subject15,True,0.0,1.9298742159890026e-08,0.42902683517671125,0.0750037096799866,0.12462546816479403,0.35608614232209734,0.3709737827715356,0.1946629213483146,0.2035580524344569,0.15571161048689142,0.23473782771535578,0.24812734082397003,0.06816479400749065,0.2401685393258427,0.19485018726591763,0.4290268158779691,0.0750037051678363,0.124625468164794,0.3560861423220974,0.3709737827715356,0.1946629213483146,0.2035580524344569,0.1557116104868914,0.2347378277153558,0.24812734082397,0.0681647940074906,0.2401685393258427,0.1948501872659176
condition_ridge,2,0,43,subject21,True,0.0,1.067318935454864e-07,0.8195323743415526,0.14515149806130134,0.275,0.18888888888888888,0.22222222222222232,0.3583333333333333,0.3,0.4083333333333333,0.5583333333333333,0.5083333333333333,0.022222222222222254,0.23611111111111105,0.4333333333333333,0.819532267609659,0.145151478917793,0.275,0.1888888888888888,0.2222222222222222,0.3583333333333333,0.3,0.4083333333333333,0.5583333333333333,0.5083333333333333,0.0222222222222222,0.2361111111111111,0.4333333333333333
condition_ridge,2,0,43,subject36,True,0.0,4.474278636479312e-08,0.5724386918492415,0.10761355213381285,0.18888888888888888,0.29166666666666663,0.44166666666666665,0.44166666666666665,0.10833333333333328,0.13055555555555554,0.41388888888888886,0.4722222222222222,0.033333333333333326,0.1305555555555556,0.11666666666666664,0.5724387365920278,0.1076135615461786,0.1888888888888888,0.2916666666666667,0.4416666666666666,0.4416666666666666,0.1083333333333333,0.1305555555555555,0.4138888888888888,0.4722222222222222,0.0333333333333333,0.1305555555555555,0.1166666666666666
condition_ridge,2,0,44,subject01,True,0.0,2.7357256016102838e-08,0.7964878840724712,0.15274164456218353,0.4916666666666667,0.4,0.4027777777777778,0.24166666666666667,0.30833333333333335,0.30555555555555547,0.13055555555555554,0.2777777777777778,0.01666666666666672,0.1333333333333333,0.2861111111111111,0.7964879114297272,0.1527416496372134,0.4916666666666666,0.4,0.4027777777777778,0.2416666666666666,0.3083333333333333,0.3055555555555556,0.1305555555555555,0.2777777777777778,0.0166666666666666,0.1333333333333333,0.2861111111111111
condition_ridge,2,0,44,subject04,True,0.0,6.202845709291083e-08,0.3893831027553274,0.06920928923467595,0.18611111111111112,0.2944444444444444,0.21111111111111108,0.27777777777777773,0.2888888888888889,0.27777777777777785,0.2666666666666666,0.2777777777777778,0.07499999999999996,0.2944444444444445,0.28055555555555556,0.3893830407268703,0.0692092781608524,0.1861111111111111,0.2944444444444444,0.2111111111111111,0.2777777777777778,0.2888888888888888,0.2777777777777778,0.2666666666666666,0.2777777777777778,0.075,0.2944444444444444,0.2805555555555555
condition_ridge,2,0,44,subject10,True,0.0,7.111138733417732e-09,0.42357819510851735,0.07185257766842634,0.16666666666666663,0.46944444444444444,0.3472222222222222,0.23888888888888882,0.30000000000000004,0.22777777777777775,0.38888888888888884,0.29166666666666674,0.019444444444444375,0.11944444444444446,0.24444444444444446,0.4235782022196561,0.0718525796176191,0.1666666666666666,0.4694444444444444,0.3472222222222222,0.2388888888888889,0.3,0.2277777777777777,0.3888888888888889,0.2916666666666667,0.0194444444444444,0.1194444444444444,0.2444444444444444
condition_ridge,2,0,44,subject12,True,0.0,5.720794948871344e-08,1.0582844613623767,0.1851112267358236,0.18611111111111112,0.625,0.625,0.2333333333333334,0.2944444444444444,0.3333333333333333,0.23333333333333334,0.14166666666666666,0.05833333333333335,0.18333333333333335,0.33055555555555555,1.0582844041544273,0.1851112134763969,0.1861111111111111,0.625,0.625,0.2333333333333333,0.2944444444444444,0.3333333333333333,0.2333333333333333,0.1416666666666666,0.0583333333333333,0.1833333333333333,0.3305555555555555
condition_ridge,2,0,44,subject15,True,0.0,6.56261484044407e-09,0.32052292401618665,0.053640863286210316,0.09981273408239699,0.347752808988764,0.34269662921348315,0.2058988764044944,0.1741573033707865,0.18651685393258433,0.15964419475655428,0.19700374531835207,0.07649812734082395,0.21329588014981277,0.18651685393258433,0.3205229305788015,0.0536408676078398,0.099812734082397,0.347752808988764,0.3426966292134831,0.2058988764044944,0.1741573033707865,0.1865168539325842,0.1596441947565543,0.197003745318352,0.0764981273408239,0.2132958801498127,0.1865168539325842
condition_ridge,2,0,44,subject21,True,0.0,1.0485783885627598e-07,0.8848177773722661,0.1470587632792234,0.2833333333333333,0.17500000000000002,0.2250000000000001,0.3944444444444445,0.3777777777777777,0.4694444444444445,0.47500000000000003,0.45,0.01388888888888895,0.24444444444444446,0.4694444444444445,0.8848176725144272,0.1470587414987818,0.2833333333333333,0.175,0.225,0.3944444444444444,0.3777777777777777,0.4694444444444444,0.475,0.45,0.0138888888888888,0.2444444444444444,0.4694444444444444
condition_ridge,2,0,44,subject36,True,0.0,1.4435474149365746e-08,0.5227856973746619,0.0988128148197488,0.28888888888888886,0.28333333333333327,0.43055555555555547,0.375,0.17777777777777776,0.20833333333333331,0.3583333333333333,0.4638888888888889,0.06666666666666665,0.0888888888888889,0.20833333333333331,0.522785711810136,0.0988128177798778,0.2888888888888888,0.2833333333333333,0.4305555555555556,0.375,0.1777777777777777,0.2083333333333333,0.3583333333333333,0.4638888888888889,0.0666666666666666,0.0888888888888888,0.2083333333333333
spline_pca,3,2,2026,subject02,True,0.0,2.220446049250313e-16,1.0614669940499297,0.19615711972984362,0.38333333333333336,0.20000000000000007,0.2416666666666667,0.3583333333333333,0.575,0.5,0.8416666666666667,0.7166666666666666,0.04166666666666663,0.5583333333333333,0.4833333333333333,1.0614669940499295,0.1961571197298436,0.3833333333333333,0.2,0.2416666666666666,0.3583333333333333,0.575,0.5,0.8416666666666667,0.7166666666666667,0.0416666666666666,0.5583333333333333,0.4833333333333333
spline_pca,3,2,2026,subject11,True,0.0,1.1102230246251565e-16,0.922163906563271,0.17343055530738205,0.2055555555555556,0.20833333333333331,0.5777777777777778,0.3138888888888889,0.16388888888888897,0.14166666666666672,0.6000000000000001,0.4027777777777778,0.022222222222222254,0.525,0.14166666666666666,0.922163906563271,0.173430555307382,0.2055555555555555,0.2083333333333333,0.5777777777777777,0.3138888888888889,0.1638888888888889,0.1416666666666666,0.6,0.4027777777777778,0.0222222222222222,0.525,0.1416666666666666
spline_pca,3,2,2026,subject22,True,0.0,1.6653345369377348e-16,0.433278549126789,0.07492459557314701,0.38055555555555565,0.16666666666666669,0.3194444444444445,0.12222222222222223,0.28055555555555556,0.22499999999999998,0.3527777777777778,0.22777777777777775,0.050000000000000044,0.41111111111111115,0.21944444444444444,0.433278549126789,0.074924595573147,0.3805555555555555,0.1666666666666666,0.3194444444444444,0.1222222222222222,0.2805555555555555,0.225,0.3527777777777778,0.2277777777777777,0.05,0.4111111111111111,0.2194444444444444
spline_pca,3,2,2026,subject30,True,0.0,1.1796119636642288e-16,1.1759499778183624,0.22605743684830537,0.5111111111111112,0.2055555555555556,0.23888888888888887,0.14722222222222214,0.3611111111111111,0.2694444444444444,0.8777777777777778,0.861111111111111,0.01666666666666672,0.22499999999999998,0.2583333333333333,1.1759499778183624,0.2260574368483053,0.5111111111111111,0.2055555555555555,0.2388888888888889,0.1472222222222222,0.3611111111111111,0.2694444444444444,0.8777777777777778,0.8611111111111112,0.0166666666666666,0.225,0.2583333333333333
spline_pca,3,2,2026,subject33,True,0.0,1.1102230246251565e-16,0.792805115871253,0.14869594060510138,0.41818181818181815,0.14015151515151514,0.15303030303030307,0.24393939393939396,0.478030303030303,0.3681818181818182,0.7977272727272727,0.6045454545454545,0.020454545454545392,0.41439393939393937,0.3560606060606061,0.792805115871253,0.1486959406051013,0.4181818181818181,0.1401515151515151,0.153030303030303,0.2439393939393939,0.478030303030303,0.3681818181818181,0.7977272727272727,0.6045454545454545,0.0204545454545454,0.4143939393939393,0.3560606060606061
spline_pca,3,2,2026,subject37,True,0.0,1.1102230246251565e-16,2.237640140504866,0.4138676675867228,0.39722222222222225,0.24999999999999997,0.4166666666666667,0.16666666666666663,0.5805555555555555,0.4583333333333333,0.9583333333333334,0.9555555555555556,0.025000000000000022,0.3722222222222221,0.46666666666666673,2.237640140504866,0.4138676675867228,0.3972222222222222,0.25,0.4166666666666667,0.1666666666666666,0.5805555555555556,0.4583333333333333,0.9583333333333334,0.9555555555555556,0.025,0.3722222222222222,0.4666666666666667
spline_pca,3,2,2026,subject40,True,0.0,1.1102230246251565e-16,0.5130807500945385,0.09608721998278058,0.5583333333333333,0.2777777777777778,0.2583333333333334,0.19444444444444442,0.2972222222222223,0.23611111111111105,0.3194444444444444,0.3472222222222222,0.022222222222222254,0.3555555555555556,0.23888888888888893,0.5130807500945385,0.0960872199827805,0.5583333333333333,0.2777777777777778,0.2583333333333333,0.1944444444444444,0.2972222222222222,0.2361111111111111,0.3194444444444444,0.3472222222222222,0.0222222222222222,0.3555555555555555,0.2388888888888889
spline_pca,3,3,2026,subject02,True,0.0,1.942890293094024e-16,0.7455504789584313,0.13473286951487728,0.38333333333333336,0.15000000000000002,0.20833333333333337,0.24166666666666664,0.575,0.5083333333333333,0.7000000000000001,0.5666666666666667,0.10833333333333328,0.15833333333333335,0.5083333333333333,0.7455504789584313,0.1347328695148771,0.3833333333333333,0.15,0.2083333333333333,0.2416666666666666,0.575,0.5083333333333333,0.7,0.5666666666666667,0.1083333333333333,0.1583333333333333,0.5083333333333333
spline_pca,3,3,2026,subject11,True,0.0,1.1102230246251565e-16,0.7961798801990829,0.15099929524689737,0.2361111111111111,0.22777777777777777,0.55,0.42499999999999993,0.11666666666666659,0.1861111111111111,0.6583333333333334,0.475,0.061111111111111116,0.19166666666666665,0.18611111111111112,0.7961798801990829,0.1509992952468973,0.2361111111111111,0.2277777777777777,0.55,0.425,0.1166666666666666,0.1861111111111111,0.6583333333333333,0.475,0.0611111111111111,0.1916666666666666,0.1861111111111111
spline_pca,3,3,2026,subject22,True,0.0,2.706168622523819e-16,0.2630774708964272,0.04421636556526587,0.313888888888889,0.10555555555555551,0.3972222222222222,0.22499999999999998,0.17222222222222228,0.1611111111111111,0.2194444444444444,0.13055555555555556,0.050000000000000044,0.11111111111111116,0.14166666666666672,0.2630774708964272,0.0442163655652656,0.3138888888888889,0.1055555555555555,0.3972222222222222,0.225,0.1722222222222222,0.1611111111111111,0.2194444444444444,0.1305555555555555,0.05,0.1111111111111111,0.1416666666666666
spline_pca,3,3,2026,subject30,True,0.0,1.1796119636642288e-16,0.9479812477132872,0.18513000594457585,0.47777777777777775,0.18055555555555558,0.24722222222222223,0.13888888888888884,0.2972222222222223,0.23333333333333328,0.7027777777777777,0.8138888888888889,0.01666666666666672,0.23333333333333328,0.23333333333333328,0.9479812477132872,0.1851300059445758,0.4777777777777778,0.1805555555555555,0.2472222222222222,0.1388888888888889,0.2972222222222222,0.2333333333333333,0.7027777777777777,0.8138888888888889,0.0166666666666666,0.2333333333333333,0.2333333333333333
spline_pca,3,3,2026,subject33,True,0.0,8.326672684688674e-17,0.6223993097572245,0.11342432980866557,0.4378787878787878,0.14848484848484844,0.16136363636363638,0.2772727272727273,0.4666666666666667,0.35454545454545455,0.6803030303030303,0.5,0.020454545454545392,0.125,0.3515151515151515,0.6223993097572245,0.1134243298086655,0.4378787878787878,0.1484848484848485,0.1613636363636363,0.2772727272727273,0.4666666666666667,0.3545454545454545,0.6803030303030303,0.5,0.0204545454545454,0.125,0.3515151515151515
spline_pca,3,3,2026,subject37,True,0.0,1.1102230246251565e-16,2.1018648856295643,0.3850363482031709,0.3916666666666666,0.20833333333333334,0.3583333333333333,0.19166666666666665,0.5666666666666667,0.43611111111111106,0.9194444444444444,0.9388888888888889,0.008333333333333304,0.2694444444444445,0.4333333333333334,2.1018648856295643,0.3850363482031709,0.3916666666666666,0.2083333333333333,0.3583333333333333,0.1916666666666666,0.5666666666666667,0.4361111111111111,0.9194444444444444,0.9388888888888888,0.0083333333333333,0.2694444444444444,0.4333333333333333
spline_pca,3,3,2026,subject40,True,0.0,1.5092094240998222e-16,0.3660733784213255,0.06617344220768473,0.5527777777777778,0.23611111111111113,0.21111111111111103,0.19444444444444442,0.28055555555555556,0.2333333333333334,0.22499999999999998,0.24444444444444446,0.01388888888888895,0.20277777777777778,0.2333333333333334,0.3660733784213255,0.0661734422076847,0.5527777777777778,0.2361111111111111,0.2111111111111111,0.1944444444444444,0.2805555555555555,0.2333333333333333,0.225,0.2444444444444444,0.0138888888888888,0.2027777777777777,0.2333333333333333
spline_pca,3,4,2026,subject02,True,0.0,1.1102230246251565e-16,0.7195697533821441,0.1307361114080332,0.39166666666666666,0.15833333333333335,0.20833333333333331,0.2583333333333333,0.49166666666666664,0.42499999999999993,0.5416666666666667,0.4583333333333333,0.1166666666666667,0.1333333333333333,0.42499999999999993,0.7195697533821441,0.1307361114080332,0.3916666666666666,0.1583333333333333,0.2083333333333333,0.2583333333333333,0.4916666666666666,0.425,0.5416666666666666,0.4583333333333333,0.1166666666666666,0.1333333333333333,0.425
spline_pca,3,4,2026,subject11,True,0.0,1.5265566588595902e-16,0.5447776407960445,0.09857065861829195,0.2055555555555556,0.19722222222222222,0.44166666666666665,0.36388888888888893,0.10277777777777786,0.1361111111111111,0.39444444444444443,0.3277777777777777,0.036111111111111094,0.18611111111111112,0.125,0.5447776407960445,0.0985706586182919,0.2055555555555555,0.1972222222222222,0.4416666666666666,0.3638888888888889,0.1027777777777777,0.1361111111111111,0.3944444444444444,0.3277777777777778,0.0361111111111111,0.1861111111111111,0.125
spline_pca,3,4,2026,subject22,True,0.0,2.983724378680108e-16,0.25705242194863676,0.0462291430099524,0.25555555555555565,0.1166666666666667,0.38055555555555554,0.15277777777777773,0.19999999999999996,0.19444444444444448,0.1694444444444444,0.1388888888888889,0.10833333333333328,0.15833333333333335,0.18333333333333335,0.2570524219486367,0.0462291430099521,0.2555555555555555,0.1166666666666666,0.3805555555555555,0.1527777777777778,0.2,0.1944444444444444,0.1694444444444444,0.1388888888888889,0.1083333333333333,0.1583333333333333,0.1833333333333333
spline_pca,3,4,2026,subject30,True,0.0,1.1102230246251565e-16,0.7196246186257178,0.13677231875483808,0.46944444444444444,0.13333333333333336,0.2555555555555556,0.1111111111111111,0.19999999999999996,0.15000000000000002,0.6277777777777778,0.7222222222222223,0.04166666666666663,0.15277777777777773,0.1444444444444445,0.7196246186257178,0.136772318754838,0.4694444444444444,0.1333333333333333,0.2555555555555555,0.1111111111111111,0.2,0.15,0.6277777777777778,0.7222222222222222,0.0416666666666666,0.1527777777777778,0.1444444444444444
spline_pca,3,4,2026,subject33,True,0.0,1.3877787807814457e-16,0.547971487916175,0.10285559135345368,0.4712121212121213,0.13181818181818172,0.15227272727272734,0.268939393939394,0.428030303030303,0.32348484848484854,0.5946969696969697,0.3848484848484849,0.04621212121212126,0.171969696969697,0.3287878787878788,0.547971487916175,0.1028555913534536,0.4712121212121212,0.1318181818181818,0.1522727272727272,0.2689393939393939,0.428030303030303,0.3234848484848485,0.5946969696969697,0.3848484848484848,0.0462121212121212,0.1719696969696969,0.3287878787878788
spline_pca,3,4,2026,subject37,True,0.0,1.1102230246251565e-16,1.9303033596294097,0.3486091034934403,0.4388888888888889,0.20277777777777778,0.40555555555555556,0.21666666666666667,0.5277777777777777,0.39444444444444443,0.8277777777777777,0.8666666666666667,0.04166666666666663,0.21944444444444444,0.4000000000000001,1.9303033596294097,0.3486091034934403,0.4388888888888889,0.2027777777777777,0.4055555555555555,0.2166666666666666,0.5277777777777778,0.3944444444444444,0.8277777777777777,0.8666666666666667,0.0416666666666666,0.2194444444444444,0.4
spline_pca,3,4,2026,subject40,True,0.0,1.249000902703301e-16,0.26948929580844494,0.047825471816201226,0.525,0.18611111111111112,0.17500000000000004,0.15555555555555556,0.26111111111111107,0.23611111111111105,0.125,0.10277777777777777,0.0444444444444444,0.175,0.2333333333333334,0.2694892958084449,0.0478254718162011,0.525,0.1861111111111111,0.175,0.1555555555555555,0.2611111111111111,0.2361111111111111,0.125,0.1027777777777777,0.0444444444444444,0.175,0.2333333333333333
spline_pca,3,8,2026,subject02,True,0.0,1.1102230246251565e-16,1.7135540405228098,0.27248955584622725,0.42500000000000004,0.15833333333333333,0.4416666666666667,0.225,0.55,0.7250000000000001,0.3583333333333334,0.25,0.22499999999999998,0.1833333333333333,0.7083333333333333,1.7135540405228098,0.2724895558462272,0.425,0.1583333333333333,0.4416666666666666,0.225,0.55,0.725,0.3583333333333333,0.25,0.225,0.1833333333333333,0.7083333333333334
spline_pca,3,8,2026,subject11,True,0.0,1.1102230246251565e-16,0.3331355184953786,0.04784677044701002,0.23333333333333334,0.16111111111111112,0.3166666666666667,0.32499999999999996,0.10555555555555556,0.175,0.20277777777777778,0.23611111111111105,0.0527777777777777,0.15555555555555556,0.1611111111111111,0.3331355184953786,0.04784677044701,0.2333333333333333,0.1611111111111111,0.3166666666666666,0.325,0.1055555555555555,0.175,0.2027777777777777,0.2361111111111111,0.0527777777777777,0.1555555555555555,0.1611111111111111
spline_pca,3,8,2026,subject22,True,0.0,5.551115123125783e-17,0.42228261178936854,0.0850932936236718,0.2583333333333333,0.13333333333333336,0.35,0.14444444444444443,0.2305555555555555,0.21111111111111108,0.33333333333333337,0.21944444444444444,0.2833333333333333,0.1694444444444444,0.20555555555555555,0.4222826117893685,0.0850932936236718,0.2583333333333333,0.1333333333333333,0.35,0.1444444444444444,0.2305555555555555,0.2111111111111111,0.3333333333333333,0.2194444444444444,0.2833333333333333,0.1694444444444444,0.2055555555555555
spline_pca,3,8,2026,subject30,True,0.0,1.6653345369377348e-16,0.4992895625245124,0.0888949413824599,0.4361111111111111,0.1305555555555556,0.288888888888889,0.14444444444444438,0.1638888888888889,0.19722222222222224,0.2777777777777778,0.3472222222222222,0.07499999999999996,0.12222222222222223,0.2027777777777778,0.4992895625245124,0.0888949413824599,0.4361111111111111,0.1305555555555555,0.2888888888888888,0.1444444444444444,0.1638888888888889,0.1972222222222222,0.2777777777777778,0.3472222222222222,0.075,0.1222222222222222,0.2027777777777777
spline_pca,3,8,2026,subject33,True,0.0,1.1102230246251565e-16,0.4694221820143163,0.04684379415227102,0.3295454545454546,0.14848484848484844,0.10530303030303029,0.21060606060606063,0.2727272727272727,0.2303030303030303,0.4606060606060606,0.35,0.054545454545454564,0.20530303030303032,0.22196969696969698,0.4694221820143163,0.046843794152271,0.3295454545454545,0.1484848484848485,0.1053030303030303,0.2106060606060606,0.2727272727272727,0.2303030303030303,0.4606060606060606,0.35,0.0545454545454545,0.2053030303030303,0.2219696969696969
spline_pca,3,8,2026,subject37,True,0.0,1.5265566588595902e-16,0.6803365479205219,0.10499298335573382,0.4444444444444445,0.10277777777777786,0.4027777777777778,0.14166666666666666,0.26388888888888895,0.2694444444444444,0.22222222222222224,0.3138888888888889,0.09999999999999998,0.18055555555555552,0.2833333333333334,0.6803365479205219,0.1049929833557338,0.4444444444444444,0.1027777777777777,0.4027777777777778,0.1416666666666666,0.2638888888888889,0.2694444444444444,0.2222222222222222,0.3138888888888889,0.1,0.1805555555555555,0.2833333333333333
spline_pca,3,8,2026,subject40,True,0.0,1.1102230246251565e-16,0.33332556174321226,0.047812116265852134,0.4027777777777778,0.23333333333333334,0.22777777777777777,0.1777777777777778,0.1527777777777778,0.15,0.125,0.10277777777777777,0.07777777777777772,0.125,0.15,0.3333255617432122,0.0478121162658522,0.4027777777777778,0.2333333333333333,0.2277777777777777,0.1777777777777777,0.1527777777777778,0.15,0.125,0.1027777777777777,0.0777777777777777,0.125,0.15
condition_ridge,3,0,42,subject02,True,0.0,1.4350252985906309e-08,0.6981122081964823,0.08185664534948756,0.3916666666666667,0.3416666666666667,0.4083333333333334,0.1416666666666666,0.3583333333333334,0.3500000000000001,0.2833333333333333,0.19166666666666665,0.050000000000000044,0.375,0.34166666666666673,0.6981122225467353,0.0818566484590815,0.3916666666666666,0.3416666666666667,0.4083333333333333,0.1416666666666666,0.3583333333333333,0.35,0.2833333333333333,0.1916666666666666,0.05,0.375,0.3416666666666667
condition_ridge,3,0,42,subject11,True,0.0,9.844486559273946e-09,0.5925830080314785,0.08276559840141506,0.10833333333333339,0.125,0.48888888888888893,0.11666666666666659,0.21944444444444444,0.1472222222222222,0.07499999999999996,0.18333333333333335,0.019444444444444375,0.32499999999999996,0.15555555555555556,0.592583017875965,0.0827656003654981,0.1083333333333333,0.125,0.4888888888888889,0.1166666666666666,0.2194444444444444,0.1472222222222222,0.075,0.1833333333333333,0.0194444444444444,0.325,0.1555555555555555
condition_ridge,3,0,42,subject22,True,0.0,5.0574495702448985e-09,0.8340658169120072,0.16173707400026405,0.35,0.4194444444444445,0.5138888888888888,0.275,0.19722222222222222,0.27499999999999997,0.4722222222222222,0.4166666666666667,0.050000000000000044,0.30555555555555547,0.28888888888888886,0.8340658219694568,0.1617370753295531,0.35,0.4194444444444444,0.5138888888888888,0.275,0.1972222222222222,0.275,0.4722222222222222,0.4166666666666667,0.05,0.3055555555555556,0.2888888888888888
condition_ridge,3,0,42,subject30,True,0.0,1.624434009528386e-08,0.5028167276305755,0.09398850717536456,0.16944444444444445,0.22222222222222224,0.25555555555555565,0.11944444444444444,0.35000000000000003,0.36944444444444446,0.29444444444444445,0.44166666666666665,0.07499999999999996,0.20277777777777778,0.3472222222222222,0.5028167438749156,0.093988509763965,0.1694444444444444,0.2222222222222222,0.2555555555555555,0.1194444444444444,0.35,0.3694444444444444,0.2944444444444444,0.4416666666666666,0.075,0.2027777777777777,0.3472222222222222
condition_ridge,3,0,42,subject33,True,0.0,1.0914178061316449e-08,0.22917647902410465,0.024596415844606145,0.10833333333333334,0.16515151515151516,0.08106060606060606,0.15530303030303028,0.281060606060606,0.2674242424242424,0.20530303030303032,0.1356060606060606,0.04621212121212126,0.19166666666666668,0.25530303030303036,0.2291764681099266,0.0245964136792101,0.1083333333333333,0.1651515151515151,0.081060606060606,0.1553030303030303,0.281060606060606,0.2674242424242424,0.2053030303030303,0.1356060606060606,0.0462121212121212,0.1916666666666666,0.2553030303030303
condition_ridge,3,0,42,subject37,True,0.0,1.0267922512241512e-08,1.465318193223915,0.22330045873598747,0.15,0.4444444444444444,0.4111111111111111,0.2944444444444444,0.4472222222222222,0.4,0.5222222222222221,0.6222222222222222,0.01666666666666672,0.1694444444444444,0.4083333333333334,1.4653181829559925,0.2233004581109762,0.15,0.4444444444444444,0.4111111111111111,0.2944444444444444,0.4472222222222222,0.4,0.5222222222222223,0.6222222222222222,0.0166666666666666,0.1694444444444444,0.4083333333333333
condition_ridge,3,0,42,subject40,True,0.0,9.170071813002778e-09,0.4511336803247268,0.06973310072070571,0.22777777777777775,0.1611111111111111,0.20000000000000007,0.11944444444444446,0.25555555555555554,0.2666666666666666,0.4888888888888889,0.4027777777777778,0.02777777777777779,0.25555555555555565,0.25555555555555565,0.4511336894947986,0.0697331025387613,0.2277777777777777,0.1611111111111111,0.2,0.1194444444444444,0.2555555555555555,0.2666666666666666,0.4888888888888889,0.4027777777777778,0.0277777777777777,0.2555555555555555,0.2555555555555555
condition_ridge,3,0,43,subject02,True,0.0,4.708149425880492e-09,0.6953673516033927,0.09492886420077984,0.38333333333333336,0.30000000000000004,0.35000000000000003,0.18333333333333324,0.36666666666666664,0.3833333333333334,0.2166666666666667,0.21666666666666665,0.07499999999999996,0.35,0.39166666666666666,0.6953673563115421,0.0949288654487419,0.3833333333333333,0.3,0.35,0.1833333333333333,0.3666666666666666,0.3833333333333333,0.2166666666666666,0.2166666666666666,0.075,0.35,0.3916666666666666
condition_ridge,3,0,43,subject11,True,0.0,1.5308238232591975e-08,0.6951265284574148,0.09601076507515272,0.09722222222222221,0.20833333333333331,0.5111111111111111,0.19166666666666665,0.20555555555555557,0.16666666666666663,0.10833333333333328,0.2138888888888888,0.0527777777777777,0.4083333333333333,0.16388888888888886,0.6951265131491766,0.096010762810731,0.0972222222222222,0.2083333333333333,0.5111111111111111,0.1916666666666666,0.2055555555555555,0.1666666666666666,0.1083333333333333,0.2138888888888888,0.0527777777777777,0.4083333333333333,0.1638888888888889
condition_ridge,3,0,43,subject22,True,0.0,1.8769668042040166e-08,1.050975129243386,0.2088557277070917,0.37499999999999994,0.3194444444444444,0.5,0.35,0.2777777777777778,0.2333333333333334,0.4861111111111111,0.4444444444444445,0.033333333333333326,0.36388888888888893,0.23055555555555557,1.050975110473718,0.2088557247982756,0.375,0.3194444444444444,0.5,0.35,0.2777777777777778,0.2333333333333333,0.4861111111111111,0.4444444444444444,0.0333333333333333,0.3638888888888889,0.2305555555555555
condition_ridge,3,0,43,subject30,True,0.0,2.0754013618784484e-08,0.43168320874812594,0.07609739640736723,0.1972222222222223,0.15,0.21111111111111114,0.1305555555555556,0.30277777777777776,0.3055555555555556,0.3416666666666667,0.3972222222222222,0.050000000000000044,0.18055555555555558,0.3055555555555556,0.4316831879941123,0.0760973930755907,0.1972222222222222,0.15,0.2111111111111111,0.1305555555555555,0.3027777777777777,0.3055555555555556,0.3416666666666667,0.3972222222222222,0.05,0.1805555555555555,0.3055555555555556
condition_ridge,3,0,43,subject33,True,0.0,3.827790528987407e-09,0.39327797547794985,0.04971499998439721,0.17803030303030298,0.18181818181818182,0.10151515151515156,0.171969696969697,0.4287878787878788,0.3765151515151515,0.21363636363636362,0.10681818181818181,0.01666666666666672,0.11363636363636365,0.381060606060606,0.3932779716501593,0.049714999192219,0.178030303030303,0.1818181818181818,0.1015151515151515,0.1719696969696969,0.4287878787878788,0.3765151515151515,0.2136363636363636,0.1068181818181818,0.0166666666666666,0.1136363636363636,0.381060606060606
condition_ridge,3,0,43,subject37,True,0.0,5.355005860963047e-08,1.320386936980558,0.20391991327331815,0.1694444444444445,0.5305555555555556,0.47777777777777775,0.375,0.47500000000000003,0.3888888888888889,0.525,0.55,0.050000000000000044,0.11111111111111105,0.4055555555555556,1.3203869905306167,0.2039199219018697,0.1694444444444444,0.5305555555555556,0.4777777777777778,0.375,0.475,0.3888888888888889,0.525,0.55,0.05,0.1111111111111111,0.4055555555555555
condition_ridge,3,0,43,subject40,True,0.0,4.468748926456101e-09,0.3990884780153392,0.05661345037003229,0.21944444444444444,0.2333333333333334,0.20555555555555557,0.20277777777777778,0.12777777777777782,0.1527777777777778,0.4972222222222222,0.4222222222222222,0.011111111111111072,0.16944444444444445,0.1527777777777778,0.3990884824840881,0.0566134509509372,0.2194444444444444,0.2333333333333333,0.2055555555555555,0.2027777777777777,0.1277777777777777,0.1527777777777778,0.4972222222222222,0.4222222222222222,0.0111111111111111,0.1694444444444444,0.1527777777777778
condition_ridge,3,0,44,subject02,True,0.0,4.2380143838727236e-09,0.5709130608791391,0.066185475219671,0.4,0.29166666666666663,0.3666666666666667,0.15833333333333344,0.325,0.3333333333333333,0.2166666666666667,0.21666666666666667,0.050000000000000044,0.29166666666666663,0.37500000000000006,0.5709130566411247,0.0661854743704134,0.4,0.2916666666666667,0.3666666666666666,0.1583333333333333,0.325,0.3333333333333333,0.2166666666666666,0.2166666666666666,0.05,0.2916666666666667,0.375
condition_ridge,3,0,44,subject11,True,0.0,8.196700207463437e-09,0.8176615840325479,0.12009818927621962,0.07500000000000007,0.18888888888888888,0.6166666666666667,0.1972222222222222,0.1444444444444445,0.14722222222222225,0.10555555555555557,0.20000000000000007,0.02777777777777779,0.41388888888888886,0.125,0.8176615758358476,0.120098188759154,0.075,0.1888888888888888,0.6166666666666667,0.1972222222222222,0.1444444444444444,0.1472222222222222,0.1055555555555555,0.2,0.0277777777777777,0.4138888888888888,0.125
condition_ridge,3,0,44,subject22,True,0.0,3.3073206395783927e-09,0.9705467687118503,0.19675638169985699,0.3916666666666666,0.3694444444444444,0.4944444444444444,0.33333333333333337,0.25,0.21111111111111108,0.5222222222222223,0.3972222222222222,0.09166666666666667,0.36944444444444446,0.225,0.970546772019171,0.1967563803891314,0.3916666666666666,0.3694444444444444,0.4944444444444444,0.3333333333333333,0.25,0.2111111111111111,0.5222222222222223,0.3972222222222222,0.0916666666666666,0.3694444444444444,0.225
condition_ridge,3,0,44,subject30,True,0.0,5.661108026799866e-09,0.35166013839106736,0.06320515479425604,0.12777777777777782,0.1777777777777778,0.2055555555555556,0.18888888888888888,0.25277777777777777,0.23055555555555557,0.3111111111111111,0.3888888888888889,0.033333333333333326,0.1694444444444444,0.23888888888888893,0.3516601440521754,0.0632051563854224,0.1277777777777777,0.1777777777777777,0.2055555555555555,0.1888888888888888,0.2527777777777777,0.2305555555555555,0.3111111111111111,0.3888888888888889,0.0333333333333333,0.1694444444444444,0.2388888888888889
condition_ridge,3,0,44,subject33,True,0.0,2.3160196427340907e-08,0.3589568125916065,0.04725106935894097,0.14469696969696966,0.13181818181818183,0.09242424242424242,0.2022727272727273,0.3643939393939394,0.296969696969697,0.32878787878787874,0.1803030303030303,0.008333333333333304,0.1515151515151516,0.29090909090909084,0.3589567894314101,0.0472510649510686,0.1446969696969696,0.1318181818181818,0.0924242424242424,0.2022727272727272,0.3643939393939394,0.296969696969697,0.3287878787878788,0.1803030303030303,0.0083333333333333,0.1515151515151515,0.2909090909090909
condition_ridge,3,0,44,subject37,True,0.0,5.4499182944312e-09,1.3354106977761178,0.21797741505300694,0.14722222222222223,0.33333333333333337,0.33333333333333337,0.2666666666666667,0.4666666666666666,0.39722222222222214,0.575,0.6527777777777778,0.033333333333333326,0.1694444444444444,0.38611111111111107,1.335410703226036,0.2179774127613525,0.1472222222222222,0.3333333333333333,0.3333333333333333,0.2666666666666666,0.4666666666666667,0.3972222222222222,0.575,0.6527777777777778,0.0333333333333333,0.1694444444444444,0.3861111111111111
condition_ridge,3,0,44,subject40,True,0.0,4.547850984693014e-09,0.3723984250897905,0.049260905627789286,0.19999999999999998,0.21944444444444444,0.19722222222222224,0.13611111111111113,0.15000000000000002,0.23055555555555562,0.4805555555555555,0.39444444444444443,0.06944444444444442,0.17222222222222228,0.23055555555555562,0.3723984205419395,0.0492609043739715,0.2,0.2194444444444444,0.1972222222222222,0.1361111111111111,0.15,0.2305555555555555,0.4805555555555555,0.3944444444444444,0.0694444444444444,0.1722222222222222,0.2305555555555555
