run,subject,n_generated,n_query,max_metric_difference,movement_floor_count,initiation_floor_count,crop_cap_count,energy_distance,mmd_rbf,ks_initiation_time_s,ks_movement_time_s,ks_peak_speed_tracker_units_s,ks_time_to_peak_speed,ks_path_length,ks_straight_line_dist,ks_curvature_index,ks_max_lateral_deviation,ks_n_submovements,ks_end_x,ks_end_y
conditional_ae\fold0\conditional_ae_z3_seed42,subject05,120,90,1.1102230246251565e-16,0,6,0,1.0254844051117216,0.1920258441088546,0.3111111111111111,0.39444444444444443,0.2055555555555556,0.2138888888888889,0.40833333333333327,0.39999999999999997,0.4277777777777778,0.5277777777777778,0.011111111111111072,0.4944444444444444,0.4222222222222222
conditional_ae\fold0\conditional_ae_z3_seed42,subject13,120,90,1.1102230246251565e-16,0,4,0,0.43393889680891196,0.08125839279359781,0.22500000000000003,0.275,0.20277777777777772,0.11111111111111116,0.3222222222222222,0.2694444444444445,0.4472222222222222,0.2944444444444444,0.011111111111111072,0.09722222222222221,0.2972222222222222
conditional_ae\fold0\conditional_ae_z3_seed42,subject19,120,90,1.1102230246251565e-16,0,0,0,0.40195656328859686,0.08528256561973058,0.3361111111111111,0.3666666666666667,0.2444444444444444,0.2416666666666667,0.13888888888888884,0.10277777777777775,0.3,0.2583333333333333,0.0,0.2055555555555555,0.1111111111111111
conditional_ae\fold0\conditional_ae_z3_seed42,subject24,120,90,1.3877787807814457e-16,0,5,0,0.18819615467964423,0.033804010348975844,0.24166666666666664,0.19444444444444445,0.21666666666666667,0.2277777777777778,0.050000000000000044,0.05277777777777781,0.16666666666666674,0.1388888888888889,0.05555555555555558,0.11666666666666664,0.061111111111111116
conditional_ae\fold0\conditional_ae_z3_seed42,subject27,120,90,1.465841337200402e-16,0,2,0,0.9828978015817333,0.19874558897389594,0.5888888888888889,0.21666666666666665,0.34444444444444444,0.4722222222222222,0.13055555555555565,0.16666666666666674,0.2666666666666667,0.2333333333333334,0.005555555555555647,0.42222222222222217,0.24722222222222223
conditional_ae\fold0\conditional_ae_z3_seed42,subject34,120,90,1.1102230246251565e-16,0,4,0,0.8006662865698146,0.1444001384557152,0.18055555555555547,0.24722222222222223,0.19444444444444445,0.4444444444444445,0.3777777777777778,0.4388888888888889,0.425,0.3388888888888889,0.0444444444444444,0.11666666666666664,0.45555555555555555
conditional_ae\fold0\conditional_ae_z3_seed42,subject35,120,86,1.0278236595162582e-16,0,13,0,0.47237680039827223,0.08127701982452529,0.2457364341085272,0.3819767441860465,0.43003875968992245,0.2651162790697674,0.07189922480620155,0.08837209302325583,0.17693798449612405,0.23372093023255813,0.003294573643410903,0.33081395348837206,0.09670542635658916
conditional_ae\fold0\conditional_ae_z3_seed43,subject05,120,90,1.1102230246251565e-16,0,4,0,0.9131785988422605,0.1795641743617714,0.3277777777777778,0.30833333333333335,0.2138888888888889,0.20277777777777772,0.40833333333333327,0.36944444444444446,0.49444444444444446,0.5277777777777778,0.002777777777777768,0.5055555555555555,0.3861111111111111
conditional_ae\fold0\conditional_ae_z3_seed43,subject13,120,90,6.938893903907228e-17,0,5,0,0.49485346513414674,0.08215322501241351,0.24722222222222223,0.2833333333333333,0.23333333333333334,0.11944444444444446,0.3472222222222222,0.3138888888888889,0.38055555555555554,0.3388888888888889,0.011111111111111072,0.20000000000000007,0.3138888888888889
conditional_ae\fold0\conditional_ae_z3_seed43,subject19,120,90,1.1102230246251565e-16,0,2,0,0.4617393188468326,0.09472611187620539,0.3222222222222222,0.4416666666666667,0.28888888888888886,0.2694444444444445,0.18333333333333335,0.15555555555555556,0.4305555555555555,0.3916666666666667,0.008333333333333304,0.21111111111111114,0.15277777777777773
conditional_ae\fold0\conditional_ae_z3_seed43,subject24,120,90,1.3877787807814457e-16,0,8,0,0.17133461548549533,0.0286552966092688,0.19444444444444448,0.2027777777777778,0.19444444444444442,0.2277777777777778,0.10277777777777775,0.16666666666666674,0.20000000000000007,0.17222222222222228,0.047222222222222276,0.16111111111111112,0.15000000000000002
conditional_ae\fold0\conditional_ae_z3_seed43,subject27,120,90,1.1102230246251565e-16,0,4,0,0.8459956842347474,0.17078142168128585,0.5888888888888889,0.21944444444444447,0.30555555555555547,0.41388888888888886,0.10000000000000009,0.1166666666666667,0.27222222222222225,0.21666666666666667,0.002777777777777768,0.4111111111111111,0.15555555555555556
conditional_ae\fold0\conditional_ae_z3_seed43,subject34,120,90,8.326672684688674e-17,0,2,0,0.7576475373843032,0.13364421538240578,0.13611111111111113,0.23888888888888887,0.26111111111111107,0.4361111111111111,0.42499999999999993,0.48611111111111116,0.32777777777777783,0.30277777777777776,0.0444444444444444,0.14166666666666666,0.48055555555555557
conditional_ae\fold0\conditional_ae_z3_seed43,subject35,120,86,9.71445146547012e-17,0,9,0,0.4118283621988348,0.07304563993125412,0.18740310077519384,0.3653100775193798,0.3550387596899225,0.20562015503875974,0.1742248062015504,0.15290697674418607,0.12364341085271319,0.09864341085271319,0.02170542635658912,0.29728682170542636,0.15445736434108526
conditional_ae\fold0\conditional_ae_z3_seed44,subject05,120,90,1.1102230246251565e-16,0,3,0,0.9132210246327612,0.19199844261354015,0.43888888888888894,0.4555555555555555,0.2444444444444444,0.2944444444444444,0.3972222222222222,0.3444444444444445,0.41666666666666663,0.5277777777777778,0.002777777777777768,0.48333333333333334,0.36111111111111116
conditional_ae\fold0\conditional_ae_z3_seed44,subject13,120,90,1.1102230246251565e-16,0,2,0,0.3726140113129808,0.06316020926222998,0.2361111111111111,0.28888888888888886,0.18055555555555555,0.1611111111111111,0.32499999999999996,0.2777777777777778,0.41388888888888886,0.35,0.002777777777777768,0.14166666666666672,0.29722222222222217
conditional_ae\fold0\conditional_ae_z3_seed44,subject19,120,90,1.1102230246251565e-16,0,0,0,0.5446582155751303,0.1179164516635195,0.39722222222222225,0.5222222222222221,0.3111111111111111,0.3166666666666667,0.11666666666666667,0.14166666666666666,0.36944444444444446,0.2333333333333334,0.0,0.13611111111111118,0.13611111111111113
conditional_ae\fold0\conditional_ae_z3_seed44,subject24,120,90,1.1102230246251565e-16,0,8,0,0.29743369607678405,0.053985168342213674,0.33611111111111114,0.2138888888888889,0.23611111111111116,0.15833333333333333,0.14722222222222214,0.20277777777777772,0.16388888888888886,0.13333333333333336,0.047222222222222276,0.15555555555555559,0.18055555555555558
conditional_ae\fold0\conditional_ae_z3_seed44,subject27,120,90,8.326672684688674e-17,0,3,0,1.2195092214654135,0.25434275976107956,0.6166666666666667,0.28611111111111115,0.30000000000000004,0.5694444444444444,0.07500000000000007,0.15833333333333333,0.375,0.32499999999999996,0.011111111111111072,0.3305555555555555,0.18611111111111117
conditional_ae\fold0\conditional_ae_z3_seed44,subject34,120,90,1.1102230246251565e-16,0,3,0,0.7123108242956002,0.14353789279608198,0.3083333333333333,0.4611111111111111,0.2694444444444445,0.46111111111111114,0.3444444444444445,0.3916666666666666,0.4194444444444445,0.3388888888888889,0.036111111111111094,0.08055555555555555,0.40555555555555556
conditional_ae\fold0\conditional_ae_z3_seed44,subject35,120,86,1.0278236595162582e-16,0,3,0,0.5033343216744788,0.08397135256854349,0.20232558139534884,0.33372093023255817,0.44670542635658916,0.24534883720930228,0.18333333333333335,0.2248062015503876,0.15193798449612403,0.1569767441860465,0.003294573643410903,0.16201550387596897,0.22499999999999998
conditional_ae\fold0\conditional_ae_z8_seed42,subject05,120,90,1.6653345369377348e-16,0,1,0,0.6996909284532462,0.17725669966580548,0.3944444444444445,0.42777777777777776,0.2,0.38055555555555565,0.3138888888888889,0.24444444444444446,0.41111111111111115,0.42777777777777776,0.030555555555555558,0.20277777777777772,0.23611111111111116
conditional_ae\fold0\conditional_ae_z8_seed42,subject13,120,90,1.1102230246251565e-16,0,3,0,0.8039796136000783,0.14777932180375597,0.3194444444444444,0.42500000000000004,0.17222222222222222,0.34444444444444444,0.4305555555555555,0.35,0.5972222222222222,0.4472222222222223,0.05555555555555558,0.14722222222222225,0.3722222222222222
conditional_ae\fold0\conditional_ae_z8_seed42,subject19,120,90,1.1796119636642288e-16,0,1,0,0.7808409975991948,0.16623060804372491,0.35277777777777775,0.4805555555555555,0.24444444444444446,0.375,0.36944444444444446,0.3222222222222222,0.46388888888888885,0.33611111111111114,0.01666666666666672,0.20833333333333337,0.3305555555555555
conditional_ae\fold0\conditional_ae_z8_seed42,subject24,120,90,9.020562075079397e-17,0,0,0,0.21534064937294284,0.04226926607519377,0.3861111111111112,0.2583333333333333,0.1527777777777778,0.1444444444444445,0.18055555555555558,0.10833333333333328,0.2861111111111111,0.19166666666666668,0.02777777777777779,0.1333333333333333,0.12222222222222223
conditional_ae\fold0\conditional_ae_z8_seed42,subject27,120,90,1.1102230246251565e-16,0,1,0,0.7131789463299563,0.14418740739286784,0.6000000000000001,0.2638888888888889,0.33611111111111114,0.3638888888888889,0.275,0.23888888888888882,0.26388888888888884,0.1694444444444444,0.030555555555555558,0.14444444444444443,0.25
conditional_ae\fold0\conditional_ae_z8_seed42,subject34,120,90,1.3877787807814457e-16,0,3,0,0.49824388103156636,0.09259512019061245,0.18888888888888888,0.3916666666666666,0.2611111111111112,0.31111111111111117,0.33055555555555555,0.31111111111111117,0.20000000000000007,0.2055555555555555,0.02777777777777768,0.09166666666666656,0.29999999999999993
conditional_ae\fold0\conditional_ae_z8_seed42,subject35,120,86,1.3877787807814457e-16,0,4,0,0.42608742222379625,0.06724267416319585,0.2232558139534883,0.30038759689922484,0.48236434108527126,0.1684108527131783,0.13856589147286824,0.14670542635658915,0.13468992248062023,0.16027131782945736,0.1217054263565891,0.17073643410852724,0.15503875968992248
conditional_ae\fold0\conditional_ae_z8_seed43,subject05,120,90,1.465841337200402e-16,0,2,0,0.845594307155964,0.18595844574063414,0.3972222222222222,0.5444444444444445,0.28055555555555556,0.36388888888888893,0.43333333333333335,0.36944444444444446,0.4444444444444445,0.4555555555555555,0.005555555555555647,0.23888888888888893,0.3555555555555555
conditional_ae\fold0\conditional_ae_z8_seed43,subject13,120,90,1.6653345369377348e-16,0,2,0,0.8923747472374934,0.16116108159107967,0.3222222222222222,0.4305555555555555,0.23055555555555557,0.3277777777777778,0.41388888888888886,0.3638888888888889,0.575,0.43888888888888894,0.06388888888888888,0.14722222222222225,0.3638888888888889
conditional_ae\fold0\conditional_ae_z8_seed43,subject19,120,90,1.1796119636642288e-16,0,1,0,0.778816599589744,0.15300968010938898,0.3472222222222222,0.5388888888888889,0.2611111111111112,0.2944444444444444,0.4527777777777778,0.32499999999999996,0.5472222222222222,0.33611111111111114,0.01666666666666672,0.18611111111111112,0.3388888888888888
conditional_ae\fold0\conditional_ae_z8_seed43,subject24,120,90,1.1102230246251565e-16,0,2,0,0.19199637947528592,0.0364204047113551,0.2833333333333334,0.2194444444444444,0.20277777777777772,0.13333333333333336,0.15555555555555556,0.10833333333333339,0.3166666666666667,0.17777777777777776,0.005555555555555536,0.12777777777777782,0.11111111111111116
conditional_ae\fold0\conditional_ae_z8_seed43,subject27,120,90,1.3877787807814457e-16,0,1,0,0.553186064815018,0.11008216679626703,0.5555555555555556,0.21944444444444444,0.4055555555555555,0.32222222222222224,0.20000000000000007,0.16666666666666674,0.28888888888888886,0.11944444444444446,0.022222222222222254,0.21388888888888888,0.15000000000000002
conditional_ae\fold0\conditional_ae_z8_seed43,subject34,120,90,8.326672684688674e-17,0,3,0,1.0012736940457878,0.17066856649082118,0.19444444444444448,0.45555555555555555,0.26944444444444443,0.25,0.5055555555555555,0.4888888888888889,0.25,0.20000000000000007,0.011111111111111072,0.18055555555555558,0.4888888888888889
conditional_ae\fold0\conditional_ae_z8_seed43,subject35,120,86,1.1102230246251565e-16,0,6,0,0.43781555040167364,0.07562735018037348,0.14670542635658912,0.4003875968992249,0.5170542635658915,0.2934108527131783,0.14011627906976742,0.16027131782945736,0.16240310077519382,0.13158914728682175,0.10503875968992249,0.1424418604651163,0.17170542635658914
conditional_ae\fold0\conditional_ae_z8_seed44,subject05,120,90,1.6653345369377348e-16,0,1,0,1.1144316408274255,0.22860149018692322,0.5222222222222221,0.5416666666666667,0.15833333333333335,0.413888888888889,0.46944444444444444,0.4361111111111111,0.5916666666666667,0.5583333333333333,0.030555555555555558,0.18611111111111112,0.4305555555555555
conditional_ae\fold0\conditional_ae_z8_seed44,subject13,120,90,1.6653345369377348e-16,0,2,0,0.8190996630963792,0.15290223599376918,0.35277777777777775,0.38333333333333336,0.16944444444444445,0.25,0.4305555555555555,0.33611111111111114,0.5333333333333333,0.38055555555555565,0.0805555555555556,0.1972222222222222,0.3472222222222222
conditional_ae\fold0\conditional_ae_z8_seed44,subject19,120,90,1.1102230246251565e-16,0,2,0,0.718529878282598,0.15687554732979125,0.4055555555555556,0.4388888888888889,0.14722222222222223,0.3916666666666667,0.3611111111111111,0.2694444444444445,0.4777777777777778,0.3611111111111111,0.04166666666666663,0.19722222222222224,0.27222222222222214
conditional_ae\fold0\conditional_ae_z8_seed44,subject24,120,90,1.1102230246251565e-16,0,7,0,0.22466813754232184,0.040277009833470157,0.3361111111111111,0.19166666666666665,0.2583333333333334,0.1138888888888889,0.18611111111111112,0.12222222222222223,0.3166666666666667,0.21111111111111108,0.002777777777777768,0.2138888888888889,0.125
conditional_ae\fold0\conditional_ae_z8_seed44,subject27,120,90,1.1102230246251565e-16,0,1,0,0.6657706846370504,0.13116218786359424,0.5388888888888889,0.2,0.4888888888888889,0.32777777777777783,0.19444444444444442,0.1694444444444445,0.30555555555555547,0.14166666666666666,0.030555555555555558,0.13055555555555556,0.1611111111111111
conditional_ae\fold0\conditional_ae_z8_seed44,subject34,120,90,1.1102230246251565e-16,0,3,0,0.7433009900878771,0.14734671633452345,0.2361111111111111,0.35,0.15555555555555556,0.3194444444444445,0.41388888888888886,0.3916666666666667,0.2333333333333334,0.18611111111111112,0.019444444444444375,0.20833333333333331,0.37500000000000006
conditional_ae\fold0\conditional_ae_z8_seed44,subject35,120,86,1.942890293094024e-16,0,7,0,0.5156203708187737,0.0829599934464923,0.20503875968992247,0.29050387596899224,0.6205426356589148,0.19224806201550393,0.21802325581395354,0.2579457364341085,0.16802325581395355,0.10387596899224805,0.1133720930232558,0.1374031007751938,0.2562015503875969
conditional_ae\fold1\conditional_ae_z3_seed42,subject08,120,90,1.1102230246251565e-16,0,23,0,3.2900505165935305,0.5875898349313196,0.5194444444444444,0.7861111111111111,0.9083333333333333,0.7361111111111112,0.08888888888888889,0.5416666666666667,0.6027777777777779,0.5638888888888889,0.022222222222222254,0.32499999999999996,0.5472222222222222
conditional_ae\fold1\conditional_ae_z3_seed42,subject18,120,90,1.5092094240998222e-16,0,0,0,1.1914279982903708,0.21588558460685736,0.2361111111111111,0.4888888888888889,0.6166666666666667,0.2694444444444445,0.3111111111111111,0.20277777777777772,0.6222222222222222,0.6111111111111112,0.01388888888888895,0.3166666666666667,0.2055555555555555
conditional_ae\fold1\conditional_ae_z3_seed42,subject23,120,90,1.1102230246251565e-16,0,1,0,0.38463068096186026,0.06107729676752727,0.18333333333333335,0.1527777777777778,0.30833333333333335,0.3416666666666666,0.2722222222222222,0.3583333333333333,0.3777777777777778,0.09166666666666667,0.2055555555555555,0.1972222222222222,0.3388888888888889
conditional_ae\fold1\conditional_ae_z3_seed42,subject25,120,90,3.0531133177191805e-16,0,2,0,0.8354249177935311,0.1538393892117984,0.27222222222222214,0.4388888888888889,0.24722222222222223,0.23611111111111105,0.3638888888888889,0.21944444444444444,0.6416666666666667,0.5277777777777777,0.3194444444444444,0.3972222222222222,0.2138888888888889
conditional_ae\fold1\conditional_ae_z3_seed42,subject26,120,90,1.1102230246251565e-16,0,4,0,1.627448220261579,0.24293747725298365,0.15,0.17777777777777778,0.25000000000000006,0.16666666666666669,0.6833333333333333,0.6083333333333334,0.6944444444444444,0.6916666666666667,0.036111111111111094,0.2472222222222222,0.6166666666666667
conditional_ae\fold1\conditional_ae_z3_seed42,subject41,120,13,5.551115123125783e-17,0,4,0,1.501759344797906,0.13593191311957586,0.4673076923076923,0.4256410256410256,0.3294871794871795,0.37820512820512825,0.27371794871794874,0.40256410256410263,0.5673076923076923,0.41987179487179493,0.12051282051282053,0.5025641025641026,0.5608974358974359
conditional_ae\fold1\conditional_ae_z3_seed42,subject43,120,90,1.1102230246251565e-16,0,0,0,0.3111702703811847,0.05053956706173113,0.19999999999999998,0.30000000000000004,0.2833333333333333,0.19722222222222224,0.28055555555555556,0.28888888888888886,0.18888888888888888,0.13055555555555554,0.011111111111111072,0.1777777777777778,0.29166666666666663
conditional_ae\fold1\conditional_ae_z3_seed43,subject08,120,90,4.440892098500626e-16,0,18,0,2.5130994189705596,0.4392185490034507,0.37222222222222223,0.625,0.775,0.6666666666666667,0.125,0.5111111111111111,0.49166666666666664,0.5055555555555555,0.002777777777777768,0.3916666666666666,0.5138888888888888
conditional_ae\fold1\conditional_ae_z3_seed43,subject18,120,90,1.1102230246251565e-16,0,1,0,1.3403255245479948,0.2356901229713565,0.29444444444444445,0.5555555555555556,0.5694444444444444,0.3527777777777778,0.3027777777777777,0.22777777777777775,0.5888888888888888,0.6083333333333334,0.011111111111111072,0.3833333333333334,0.20277777777777778
conditional_ae\fold1\conditional_ae_z3_seed43,subject23,120,90,1.1102230246251565e-16,0,2,0,0.8349692740806596,0.13419691317875349,0.1333333333333333,0.14444444444444443,0.32499999999999996,0.4083333333333334,0.4388888888888889,0.48611111111111116,0.27222222222222225,0.10833333333333334,0.2138888888888889,0.2305555555555555,0.49722222222222223
conditional_ae\fold1\conditional_ae_z3_seed43,subject25,120,90,2.220446049250313e-16,0,6,0,1.0875109140321881,0.1934315267250064,0.275,0.3305555555555556,0.25,0.3833333333333333,0.32222222222222224,0.17500000000000004,0.6472222222222221,0.5527777777777778,0.3944444444444444,0.2777777777777778,0.15833333333333333
conditional_ae\fold1\conditional_ae_z3_seed43,subject26,120,90,1.1102230246251565e-16,0,4,0,1.339897231123683,0.20528165731768744,0.20277777777777778,0.1694444444444445,0.3166666666666667,0.10833333333333339,0.5916666666666666,0.47777777777777775,0.675,0.65,0.0444444444444444,0.3305555555555556,0.4666666666666666
conditional_ae\fold1\conditional_ae_z3_seed43,subject41,120,13,1.1102230246251565e-16,0,4,0,1.433715109475961,0.12599230228605962,0.4153846153846154,0.45897435897435895,0.37948717948717947,0.48846153846153845,0.30641025641025643,0.41089743589743594,0.44871794871794873,0.3615384615384616,0.14551282051282055,0.3025641025641026,0.4775641025641026
conditional_ae\fold1\conditional_ae_z3_seed43,subject43,120,90,1.1102230246251565e-16,0,2,0,0.41879574769009675,0.07564766851584548,0.18333333333333332,0.3777777777777778,0.2861111111111111,0.3888888888888889,0.22499999999999998,0.26111111111111107,0.19999999999999998,0.15000000000000002,0.011111111111111072,0.12777777777777777,0.26666666666666666
conditional_ae\fold1\conditional_ae_z3_seed44,subject08,120,90,4.440892098500626e-16,0,6,0,2.8507790800567276,0.5244504501816684,0.4722222222222222,0.7194444444444444,0.7861111111111111,0.6583333333333334,0.30833333333333335,0.43333333333333335,0.6555555555555556,0.5611111111111111,0.030555555555555558,0.5277777777777777,0.4305555555555556
conditional_ae\fold1\conditional_ae_z3_seed44,subject18,120,90,1.1102230246251565e-16,0,1,0,1.3589065438698875,0.237255649658209,0.2777777777777778,0.5388888888888889,0.625,0.3194444444444445,0.3472222222222222,0.2694444444444444,0.6472222222222221,0.6444444444444445,0.002777777777777768,0.36111111111111116,0.23055555555555562
conditional_ae\fold1\conditional_ae_z3_seed44,subject23,120,90,1.6653345369377348e-16,0,0,0,0.4517676787447851,0.07273480221433726,0.13611111111111107,0.19166666666666676,0.3805555555555556,0.3333333333333333,0.31666666666666665,0.40833333333333327,0.3,0.1611111111111111,0.2055555555555555,0.19444444444444442,0.41944444444444445
conditional_ae\fold1\conditional_ae_z3_seed44,subject25,120,90,2.220446049250313e-16,0,6,0,1.1664585134083723,0.2030140483806686,0.188888888888889,0.2611111111111111,0.16111111111111112,0.4944444444444444,0.43888888888888883,0.275,0.6722222222222222,0.5583333333333333,0.36944444444444446,0.26944444444444443,0.25555555555555554
conditional_ae\fold1\conditional_ae_z3_seed44,subject26,120,90,2.220446049250313e-16,0,0,0,1.4344831322874385,0.20999024021058743,0.13333333333333341,0.13611111111111113,0.2916666666666667,0.11944444444444444,0.6666666666666667,0.5916666666666668,0.6555555555555557,0.625,0.0444444444444444,0.20833333333333337,0.6055555555555555
conditional_ae\fold1\conditional_ae_z3_seed44,subject41,120,13,1.1102230246251565e-16,0,2,0,1.5069683671904333,0.14063057871774076,0.48205128205128206,0.43397435897435893,0.3878205128205128,0.44679487179487176,0.2820512820512821,0.43589743589743596,0.5089743589743589,0.33653846153846156,0.12051282051282053,0.3096153846153846,0.5108974358974359
conditional_ae\fold1\conditional_ae_z3_seed44,subject43,120,90,8.326672684688674e-17,0,0,0,0.3161615280461243,0.05805630560402153,0.20833333333333334,0.39444444444444443,0.3361111111111111,0.32499999999999996,0.18888888888888888,0.17777777777777776,0.25,0.17222222222222225,0.011111111111111072,0.18888888888888888,0.18333333333333335
conditional_ae\fold1\conditional_ae_z8_seed42,subject08,120,90,1.1102230246251565e-16,0,1,0,0.980516599715556,0.17214868990265852,0.2527777777777778,0.5250000000000001,0.775,0.20555555555555557,0.27222222222222225,0.20555555555555557,0.3583333333333334,0.21944444444444444,0.047222222222222276,0.26944444444444443,0.21111111111111108
conditional_ae\fold1\conditional_ae_z8_seed42,subject18,120,90,1.465841337200402e-16,0,1,0,0.4332242465462466,0.07413670657905413,0.25277777777777777,0.4333333333333334,0.44166666666666665,0.125,0.15555555555555556,0.16666666666666669,0.13611111111111107,0.26944444444444443,0.005555555555555647,0.13055555555555556,0.1694444444444444
conditional_ae\fold1\conditional_ae_z8_seed42,subject23,120,90,1.1102230246251565e-16,0,0,0,0.2578915169140883,0.05570883080728817,0.2277777777777778,0.3083333333333334,0.30277777777777776,0.2777777777777778,0.1166666666666667,0.1166666666666667,0.13888888888888895,0.18611111111111117,0.17222222222222217,0.14722222222222223,0.11111111111111116
conditional_ae\fold1\conditional_ae_z8_seed42,subject25,120,90,1.1102230246251565e-16,0,3,0,0.5000218017243725,0.0771490996888573,0.2416666666666667,0.2277777777777778,0.0888888888888888,0.23888888888888893,0.08333333333333333,0.13888888888888884,0.41666666666666663,0.3472222222222222,0.3194444444444444,0.10277777777777775,0.14166666666666672
conditional_ae\fold1\conditional_ae_z8_seed42,subject26,120,90,1.1102230246251565e-16,0,2,0,0.4754101964380717,0.05680718776821969,0.1638888888888889,0.13611111111111113,0.1333333333333333,0.17500000000000004,0.2972222222222222,0.1694444444444444,0.425,0.39722222222222214,0.06944444444444442,0.1527777777777778,0.13333333333333341
conditional_ae\fold1\conditional_ae_z8_seed42,subject41,120,13,1.1102230246251565e-16,0,0,0,0.9785543029637127,0.04567478076595588,0.41089743589743594,0.4673076923076923,0.34615384615384615,0.3801282051282051,0.3442307692307692,0.17756410256410254,0.3948717948717949,0.32820512820512826,0.0871794871794872,0.2512820512820513,0.17500000000000004
conditional_ae\fold1\conditional_ae_z8_seed42,subject43,120,90,1.249000902703301e-16,0,0,0,0.3269073836336984,0.06576332932015683,0.25,0.4083333333333334,0.2777777777777778,0.19444444444444442,0.2972222222222223,0.275,0.15555555555555556,0.11944444444444452,0.011111111111111072,0.1972222222222222,0.2833333333333333
conditional_ae\fold1\conditional_ae_z8_seed43,subject08,120,90,1.1102230246251565e-16,0,0,0,1.2356221395688602,0.19293830791016608,0.25555555555555554,0.5666666666666667,0.675,0.18888888888888886,0.48611111111111116,0.5222222222222221,0.3194444444444444,0.30555555555555547,0.047222222222222276,0.25277777777777777,0.5194444444444445
conditional_ae\fold1\conditional_ae_z8_seed43,subject18,120,90,1.465841337200402e-16,0,0,0,0.7492331601132283,0.13728248656001163,0.28055555555555556,0.5166666666666667,0.49166666666666664,0.10833333333333339,0.18333333333333335,0.21666666666666667,0.2972222222222222,0.36111111111111116,0.005555555555555647,0.13888888888888895,0.22777777777777775
conditional_ae\fold1\conditional_ae_z8_seed43,subject23,120,90,1.3877787807814457e-16,0,0,0,0.3486027602060999,0.06791989557071876,0.22499999999999998,0.2694444444444445,0.32222222222222224,0.2861111111111111,0.13055555555555565,0.17500000000000004,0.1972222222222223,0.11666666666666667,0.2055555555555555,0.17222222222222222,0.1777777777777778
conditional_ae\fold1\conditional_ae_z8_seed43,subject25,120,90,1.1102230246251565e-16,0,1,0,0.3287098634946255,0.052931611742335516,0.22777777777777775,0.34722222222222215,0.12777777777777782,0.20833333333333334,0.29444444444444445,0.2138888888888889,0.31666666666666665,0.23055555555555562,0.2944444444444444,0.15555555555555556,0.18611111111111112
conditional_ae\fold1\conditional_ae_z8_seed43,subject26,120,90,1.3877787807814457e-16,0,0,0,0.6559448672601054,0.08067617001786764,0.15833333333333333,0.16944444444444445,0.16666666666666669,0.16666666666666674,0.36388888888888893,0.2833333333333333,0.4388888888888889,0.45277777777777783,0.02777777777777768,0.1472222222222222,0.27499999999999997
conditional_ae\fold1\conditional_ae_z8_seed43,subject41,120,13,1.1102230246251565e-16,0,1,0,1.0087216537332124,0.051176375164504906,0.42756410256410254,0.5173076923076922,0.4461538461538461,0.3198717948717949,0.3775641025641025,0.25256410256410255,0.3782051282051282,0.29487179487179493,0.10384615384615381,0.25961538461538464,0.2358974358974359
conditional_ae\fold1\conditional_ae_z8_seed43,subject43,120,90,9.71445146547012e-17,0,0,0,0.4142042926062044,0.06936929210130927,0.30833333333333335,0.4361111111111111,0.34444444444444444,0.21111111111111114,0.24722222222222223,0.2694444444444444,0.10833333333333339,0.13333333333333336,0.011111111111111072,0.09722222222222221,0.26666666666666666
conditional_ae\fold1\conditional_ae_z8_seed44,subject08,120,90,1.5092094240998222e-16,0,1,0,1.6133206359710304,0.2896266328418857,0.38888888888888895,0.6583333333333332,0.8222222222222223,0.19166666666666665,0.3888888888888889,0.4138888888888889,0.3527777777777778,0.3222222222222222,0.01388888888888895,0.2055555555555556,0.41666666666666674
conditional_ae\fold1\conditional_ae_z8_seed44,subject18,120,90,6.808789643208968e-17,0,0,0,0.5042524766871717,0.0921800611316057,0.29444444444444445,0.4777777777777778,0.39166666666666666,0.20000000000000007,0.16666666666666666,0.175,0.13888888888888887,0.275,0.002777777777777768,0.14444444444444443,0.21388888888888885
conditional_ae\fold1\conditional_ae_z8_seed44,subject23,120,90,1.1102230246251565e-16,0,1,0,0.5114175305617481,0.10375333819239341,0.29444444444444445,0.33611111111111114,0.36944444444444446,0.3333333333333333,0.18611111111111112,0.14444444444444446,0.14722222222222225,0.22499999999999998,0.18055555555555558,0.16388888888888892,0.1444444444444445
conditional_ae\fold1\conditional_ae_z8_seed44,subject25,120,90,8.326672684688674e-17,0,2,0,0.46287692907343914,0.07029631080930698,0.2694444444444444,0.18888888888888888,0.07777777777777777,0.275,0.2833333333333333,0.15555555555555556,0.39722222222222225,0.37222222222222223,0.3277777777777777,0.19166666666666665,0.1444444444444445
conditional_ae\fold1\conditional_ae_z8_seed44,subject26,120,90,1.6653345369377348e-16,0,3,0,0.5582765831599716,0.07537355077807273,0.19444444444444448,0.21111111111111114,0.17222222222222228,0.21666666666666667,0.3388888888888889,0.25555555555555565,0.40555555555555556,0.45833333333333337,0.0444444444444444,0.24444444444444446,0.23055555555555562
conditional_ae\fold1\conditional_ae_z8_seed44,subject41,120,13,1.249000902703301e-16,0,3,0,1.1492105859405903,0.07648080361677956,0.4756410256410256,0.533974358974359,0.4044871794871795,0.3801282051282051,0.32756410256410257,0.20512820512820507,0.3615384615384616,0.2865384615384615,0.11217948717948723,0.2262820512820513,0.17756410256410254
conditional_ae\fold1\conditional_ae_z8_seed44,subject43,120,90,1.6653345369377348e-16,0,1,0,0.42217847460492397,0.08023685948117565,0.2666666666666667,0.4027777777777778,0.26944444444444443,0.21111111111111114,0.22777777777777775,0.21666666666666656,0.23888888888888887,0.19166666666666676,0.011111111111111072,0.08611111111111108,0.24722222222222223
conditional_ae\fold2\conditional_ae_z3_seed42,subject01,120,90,1.1102230246251565e-16,0,11,0,0.4461882298338353,0.07665308381839397,0.13888888888888895,0.14166666666666666,0.1972222222222223,0.1527777777777778,0.4444444444444445,0.44999999999999996,0.2333333333333333,0.14722222222222225,0.025000000000000022,0.11666666666666667,0.45555555555555555
conditional_ae\fold2\conditional_ae_z3_seed42,subject04,120,90,1.1102230246251565e-16,0,2,0,0.2925347377728471,0.05965504782225328,0.21944444444444444,0.3666666666666667,0.15000000000000002,0.21666666666666667,0.336111111111111,0.3833333333333333,0.2,0.15000000000000002,0.008333333333333304,0.16111111111111115,0.3888888888888889
conditional_ae\fold2\conditional_ae_z3_seed42,subject10,120,90,1.1102230246251565e-16,0,4,0,0.664977782095749,0.12799670210480385,0.3222222222222222,0.49999999999999994,0.3916666666666667,0.2305555555555555,0.4027777777777778,0.36666666666666664,0.27499999999999997,0.1694444444444445,0.022222222222222254,0.10277777777777779,0.40833333333333327
conditional_ae\fold2\conditional_ae_z3_seed42,subject12,120,90,8.326672684688674e-17,0,1,0,0.7676713355044575,0.14536419299278047,0.20833333333333331,0.5166666666666667,0.4888888888888889,0.26388888888888884,0.29166666666666663,0.3166666666666666,0.25833333333333336,0.12777777777777777,0.0,0.16666666666666663,0.3138888888888889
conditional_ae\fold2\conditional_ae_z3_seed42,subject15,120,89,8.326672684688674e-17,0,0,0,0.3566757253347319,0.0699294582963601,0.17050561797752806,0.3640449438202247,0.29850187265917605,0.19016853932584266,0.18726591760299627,0.20318352059925093,0.10964419475655429,0.12846441947565546,0.1348314606741573,0.19232209737827718,0.22705992509363299
conditional_ae\fold2\conditional_ae_z3_seed42,subject21,120,90,1.942890293094024e-16,0,3,0,1.2006392373535166,0.2379946729961755,0.2694444444444444,0.5055555555555555,0.425,0.28333333333333327,0.5277777777777777,0.6333333333333333,0.5583333333333333,0.4805555555555555,0.02777777777777768,0.20833333333333334,0.6388888888888888
conditional_ae\fold2\conditional_ae_z3_seed42,subject36,120,90,8.326672684688674e-17,0,1,0,0.5031361622703923,0.09762074938440324,0.25555555555555554,0.20833333333333331,0.26944444444444443,0.2305555555555555,0.20277777777777778,0.2583333333333333,0.40555555555555556,0.49722222222222223,0.0,0.20833333333333331,0.24722222222222223
conditional_ae\fold2\conditional_ae_z3_seed43,subject01,120,90,8.326672684688674e-17,0,13,0,0.2774536635564524,0.045683506275604246,0.15000000000000002,0.125,0.18888888888888888,0.19166666666666668,0.31666666666666665,0.35,0.3055555555555556,0.20277777777777778,0.033333333333333326,0.10555555555555554,0.3527777777777778
conditional_ae\fold2\conditional_ae_z3_seed43,subject04,120,90,5.551115123125783e-17,0,2,0,0.2721688980607868,0.0513249473373214,0.16944444444444445,0.29166666666666674,0.18333333333333335,0.2,0.30833333333333335,0.3444444444444444,0.13333333333333333,0.1333333333333333,0.008333333333333304,0.16111111111111115,0.36388888888888893
conditional_ae\fold2\conditional_ae_z3_seed43,subject10,120,90,1.1102230246251565e-16,0,2,0,0.5290290003542819,0.10314991585086597,0.19444444444444448,0.41666666666666663,0.2833333333333333,0.2138888888888888,0.36944444444444446,0.36111111111111116,0.24722222222222223,0.13333333333333341,0.022222222222222254,0.14722222222222225,0.3833333333333333
conditional_ae\fold2\conditional_ae_z3_seed43,subject12,120,90,1.1102230246251565e-16,0,0,0,0.704317298938296,0.13230124003811794,0.16944444444444445,0.5,0.45,0.2055555555555556,0.21111111111111108,0.3111111111111111,0.3277777777777778,0.2055555555555556,0.0,0.12222222222222223,0.3083333333333333
conditional_ae\fold2\conditional_ae_z3_seed43,subject15,120,89,1.1102230246251565e-16,0,2,0,0.29721661125483,0.06093641331513411,0.14925093632958797,0.41076779026217225,0.3314606741573034,0.21048689138576782,0.13576779026217223,0.1698501872659176,0.1865168539325843,0.11797752808988765,0.126498127340824,0.19166666666666665,0.18614232209737824
conditional_ae\fold2\conditional_ae_z3_seed43,subject21,120,90,1.5092094240998222e-16,0,2,0,1.0706687497526417,0.21476101321173768,0.21111111111111108,0.4638888888888889,0.39166666666666666,0.24999999999999994,0.49166666666666664,0.5916666666666668,0.5333333333333332,0.5249999999999999,0.01388888888888895,0.19444444444444448,0.6166666666666667
conditional_ae\fold2\conditional_ae_z3_seed43,subject36,120,90,8.326672684688674e-17,0,2,0,0.48606320307537,0.09285599944720457,0.18333333333333335,0.22499999999999998,0.2472222222222222,0.35277777777777775,0.13611111111111118,0.19166666666666665,0.4638888888888889,0.5722222222222222,0.0,0.15277777777777785,0.18888888888888888
conditional_ae\fold2\conditional_ae_z3_seed44,subject01,120,90,8.326672684688674e-17,0,10,0,0.4245955142860969,0.07432118662328246,0.18888888888888888,0.17777777777777778,0.28055555555555556,0.17500000000000004,0.41666666666666663,0.4666666666666667,0.20555555555555555,0.15555555555555553,0.033333333333333326,0.1,0.44166666666666665
conditional_ae\fold2\conditional_ae_z3_seed44,subject04,120,90,1.1102230246251565e-16,0,3,0,0.4188983684135845,0.08053656591238234,0.35833333333333334,0.3944444444444444,0.1777777777777778,0.275,0.3333333333333333,0.37222222222222223,0.09166666666666667,0.10555555555555557,0.008333333333333304,0.125,0.3888888888888889
conditional_ae\fold2\conditional_ae_z3_seed44,subject10,120,90,1.1102230246251565e-16,0,2,0,0.6425677814459299,0.12899092946257473,0.32499999999999996,0.4527777777777778,0.2833333333333334,0.21944444444444444,0.4277777777777778,0.3916666666666666,0.3138888888888889,0.2222222222222222,0.022222222222222254,0.18055555555555552,0.4333333333333333
conditional_ae\fold2\conditional_ae_z3_seed44,subject12,120,90,8.326672684688674e-17,0,3,0,0.7199378122014695,0.1318005205878494,0.29444444444444445,0.45000000000000007,0.4111111111111111,0.3083333333333333,0.29999999999999993,0.37499999999999994,0.17222222222222228,0.09999999999999998,0.0,0.1638888888888889,0.3888888888888889
conditional_ae\fold2\conditional_ae_z3_seed44,subject15,120,89,1.1102230246251565e-16,0,1,0,0.3849133897872221,0.07524265921518047,0.24981273408239701,0.35571161048689137,0.2256554307116105,0.2196629213483146,0.24082397003745315,0.2382958801498128,0.1057116104868914,0.12209737827715356,0.126498127340824,0.20833333333333337,0.2691011235955056
conditional_ae\fold2\conditional_ae_z3_seed44,subject21,120,90,1.1102230246251565e-16,0,3,0,1.21376566963573,0.23717631463709,0.2777777777777778,0.4805555555555555,0.4333333333333334,0.3611111111111111,0.525,0.65,0.5083333333333333,0.38333333333333336,0.02777777777777768,0.24166666666666667,0.6666666666666667
conditional_ae\fold2\conditional_ae_z3_seed44,subject36,120,90,6.938893903907228e-17,0,0,0,0.450350881617279,0.08660860859224917,0.3444444444444444,0.20833333333333331,0.225,0.25555555555555554,0.17222222222222222,0.25,0.40555555555555556,0.5111111111111111,0.0,0.15833333333333333,0.24722222222222223
conditional_ae\fold2\conditional_ae_z8_seed42,subject01,120,90,1.3183898417423734e-16,0,3,0,0.21867511888898905,0.042493309544129665,0.15833333333333333,0.17500000000000002,0.21666666666666667,0.15555555555555556,0.1611111111111111,0.14999999999999997,0.1611111111111111,0.23611111111111116,0.06666666666666665,0.24722222222222223,0.14166666666666666
conditional_ae\fold2\conditional_ae_z8_seed42,subject04,120,90,1.1102230246251565e-16,0,2,0,0.2954542757385803,0.061109945793833886,0.27499999999999997,0.45,0.19166666666666668,0.175,0.2555555555555556,0.2138888888888889,0.18611111111111106,0.1777777777777778,0.07499999999999996,0.1777777777777778,0.23888888888888893
conditional_ae\fold2\conditional_ae_z8_seed42,subject10,120,90,1.1102230246251565e-16,0,1,0,0.6014450760937793,0.13583956272598774,0.24166666666666664,0.5166666666666667,0.33333333333333337,0.2777777777777778,0.3027777777777778,0.24444444444444446,0.4472222222222222,0.3083333333333333,0.036111111111111094,0.22777777777777775,0.28333333333333327
conditional_ae\fold2\conditional_ae_z8_seed42,subject12,120,90,1.3877787807814457e-16,0,1,0,1.373630679211109,0.2509935482356632,0.2666666666666667,0.6333333333333333,0.47500000000000003,0.43888888888888883,0.4722222222222222,0.5083333333333333,0.16666666666666674,0.12222222222222223,0.01666666666666672,0.1333333333333333,0.5305555555555554
conditional_ae\fold2\conditional_ae_z8_seed42,subject15,120,89,1.1102230246251565e-16,0,1,0,0.4849248887790969,0.09976796667069632,0.28295880149812735,0.3709737827715355,0.2256554307116105,0.15299625468164793,0.3691011235955056,0.3615168539325843,0.22088014981273407,0.14962546816479405,0.10149812734082397,0.19232209737827718,0.378183520599251
conditional_ae\fold2\conditional_ae_z8_seed42,subject21,120,90,1.1102230246251565e-16,0,1,0,0.645970923643453,0.1230798429080785,0.27777777777777773,0.5305555555555556,0.4416666666666667,0.2666666666666666,0.3277777777777777,0.4083333333333333,0.3166666666666667,0.3166666666666667,0.0888888888888889,0.07499999999999998,0.4333333333333333
conditional_ae\fold2\conditional_ae_z8_seed42,subject36,120,90,1.1102230246251565e-16,0,0,0,0.31553873278227673,0.06621715038861165,0.2416666666666667,0.24999999999999994,0.19722222222222222,0.2861111111111111,0.1777777777777778,0.16666666666666669,0.22499999999999998,0.25277777777777777,0.050000000000000044,0.0805555555555556,0.18055555555555558
conditional_ae\fold2\conditional_ae_z8_seed43,subject01,120,90,1.6653345369377348e-16,0,10,0,0.18244451973715226,0.03154874208008929,0.1972222222222223,0.1111111111111111,0.25555555555555565,0.11666666666666665,0.20277777777777783,0.21944444444444444,0.14166666666666672,0.15833333333333333,0.1166666666666667,0.125,0.18055555555555558
conditional_ae\fold2\conditional_ae_z8_seed43,subject04,120,90,1.249000902703301e-16,0,5,0,0.24910027526511636,0.05345268622000754,0.3194444444444444,0.37777777777777777,0.2166666666666667,0.14166666666666666,0.16388888888888892,0.10555555555555557,0.2222222222222222,0.19444444444444448,0.06666666666666665,0.13333333333333336,0.11388888888888893
conditional_ae\fold2\conditional_ae_z8_seed43,subject10,120,90,1.1102230246251565e-16,0,2,0,0.6762456735137663,0.1510187748897044,0.36666666666666664,0.5027777777777778,0.32499999999999996,0.2694444444444444,0.3666666666666667,0.3111111111111111,0.4527777777777778,0.2305555555555555,0.019444444444444375,0.13055555555555556,0.3194444444444445
conditional_ae\fold2\conditional_ae_z8_seed43,subject12,120,90,1.1102230246251565e-16,0,0,0,1.2865656964208698,0.23134057113331197,0.39444444444444443,0.6083333333333334,0.38333333333333336,0.45833333333333337,0.5083333333333333,0.5138888888888888,0.13611111111111107,0.07500000000000007,0.033333333333333326,0.15000000000000002,0.5055555555555555
conditional_ae\fold2\conditional_ae_z8_seed43,subject15,120,89,1.1102230246251565e-16,0,1,0,0.394584804706517,0.08472876191957046,0.21619850187265915,0.39597378277153555,0.26769662921348314,0.17715355805243438,0.3452247191011236,0.3115168539325843,0.2353932584269663,0.13820224719101126,0.09316479400749067,0.18398876404494383,0.3202247191011236
conditional_ae\fold2\conditional_ae_z8_seed43,subject21,120,90,8.326672684688674e-17,0,1,0,0.6231102137558806,0.12160711377648126,0.3861111111111111,0.5583333333333333,0.4583333333333333,0.2666666666666666,0.2638888888888889,0.35,0.3,0.275,0.05555555555555558,0.20833333333333331,0.3833333333333333
conditional_ae\fold2\conditional_ae_z8_seed43,subject36,120,90,9.020562075079397e-17,0,1,0,0.28852417188548696,0.06073258099360379,0.28888888888888886,0.28333333333333327,0.18611111111111112,0.19444444444444445,0.13888888888888895,0.13888888888888884,0.2388888888888889,0.36944444444444446,0.033333333333333326,0.08055555555555555,0.14166666666666666
conditional_ae\fold2\conditional_ae_z8_seed44,subject01,120,90,5.551115123125783e-17,0,6,0,0.28900364318389027,0.05347218148174682,0.14444444444444443,0.17500000000000002,0.25555555555555554,0.1527777777777778,0.2583333333333333,0.24722222222222223,0.25555555555555554,0.31666666666666665,0.05833333333333335,0.1833333333333333,0.23611111111111116
conditional_ae\fold2\conditional_ae_z8_seed44,subject04,120,90,1.1102230246251565e-16,0,2,0,0.33645762562798787,0.06516853700208924,0.26666666666666666,0.3916666666666667,0.1444444444444445,0.20833333333333331,0.28333333333333327,0.2583333333333333,0.2583333333333333,0.23611111111111116,0.05833333333333335,0.09444444444444444,0.2722222222222222
conditional_ae\fold2\conditional_ae_z8_seed44,subject10,120,90,1.1102230246251565e-16,0,3,0,0.7769805469658868,0.16423467496465216,0.23055555555555554,0.4527777777777778,0.3138888888888889,0.22777777777777775,0.38888888888888884,0.3638888888888889,0.5555555555555556,0.3638888888888889,0.002777777777777768,0.2277777777777778,0.3666666666666667
conditional_ae\fold2\conditional_ae_z8_seed44,subject12,120,90,1.1102230246251565e-16,0,1,0,1.052048187717678,0.2034183977412305,0.2611111111111111,0.5444444444444445,0.4222222222222223,0.40555555555555556,0.4305555555555555,0.4666666666666666,0.11944444444444441,0.0805555555555556,0.008333333333333304,0.15555555555555556,0.44999999999999996
conditional_ae\fold2\conditional_ae_z8_seed44,subject15,120,89,1.1102230246251565e-16,0,0,0,0.47376347313993294,0.09776860939213716,0.24925093632958795,0.39737827715355806,0.24232209737827717,0.15814606741573034,0.3952247191011236,0.37855805243445695,0.3121722846441948,0.2553370786516854,0.11816479400749058,0.1299625468164794,0.3865168539325843
conditional_ae\fold2\conditional_ae_z8_seed44,subject21,120,90,1.249000902703301e-16,0,1,0,0.5249918893016328,0.10066845494425192,0.29444444444444445,0.4388888888888889,0.36111111111111116,0.28055555555555556,0.21666666666666667,0.31666666666666665,0.35833333333333334,0.2611111111111111,0.09722222222222232,0.1833333333333334,0.3333333333333333
conditional_ae\fold2\conditional_ae_z8_seed44,subject36,120,90,1.1796119636642288e-16,0,1,0,0.3928826097397984,0.06851443050200301,0.21666666666666667,0.29166666666666663,0.19722222222222222,0.22777777777777777,0.2777777777777778,0.2666666666666667,0.19166666666666665,0.18611111111111112,0.01666666666666672,0.17777777777777776,0.2833333333333333
conditional_ae\fold3\conditional_ae_z3_seed42,subject02,120,30,1.1796119636642288e-16,0,6,0,1.0114926787116367,0.1892387985570415,0.3416666666666667,0.44166666666666665,0.22499999999999998,0.5083333333333333,0.30833333333333335,0.3416666666666667,0.34166666666666673,0.37500000000000006,0.01666666666666672,0.5333333333333333,0.275
conditional_ae\fold3\conditional_ae_z3_seed42,subject11,120,90,1.8041124150158794e-16,0,0,0,0.6448730398378943,0.10175519405929379,0.19166666666666665,0.19444444444444448,0.4277777777777778,0.29166666666666663,0.15833333333333333,0.21944444444444444,0.26111111111111107,0.12777777777777777,0.022222222222222254,0.18333333333333335,0.23333333333333334
conditional_ae\fold3\conditional_ae_z3_seed42,subject22,120,90,8.326672684688674e-17,0,1,0,0.3518983853405957,0.06263439773944635,0.28888888888888886,0.2,0.20833333333333331,0.12777777777777777,0.18611111111111117,0.20277777777777778,0.2583333333333333,0.2472222222222222,0.033333333333333326,0.4388888888888889,0.17777777777777776
conditional_ae\fold3\conditional_ae_z3_seed42,subject30,120,90,2.220446049250313e-16,0,0,0,0.3986818670473098,0.07810687765777902,0.28055555555555556,0.23333333333333328,0.23055555555555562,0.13333333333333333,0.21666666666666667,0.19444444444444448,0.37777777777777777,0.37222222222222223,0.008333333333333304,0.3305555555555556,0.20555555555555555
conditional_ae\fold3\conditional_ae_z3_seed42,subject33,120,88,8.326672684688674e-17,0,0,0,0.17948656600379165,0.03218436660263502,0.2265151515151515,0.12045454545454537,0.08712121212121213,0.16287878787878787,0.33106060606060606,0.22803030303030303,0.25,0.0856060606060606,0.012121212121212088,0.23181818181818176,0.21363636363636362
conditional_ae\fold3\conditional_ae_z3_seed42,subject37,120,90,1.1102230246251565e-16,0,0,0,1.3983385916556057,0.2418593398382396,0.2416666666666667,0.20555555555555555,0.14722222222222225,0.2222222222222222,0.5805555555555556,0.5194444444444444,0.6583333333333333,0.675,0.025000000000000022,0.40277777777777785,0.5083333333333333
conditional_ae\fold3\conditional_ae_z3_seed42,subject40,120,90,8.326672684688674e-17,0,0,0,0.36303732428302826,0.06975235501823618,0.34444444444444444,0.38055555555555554,0.3138888888888889,0.19444444444444442,0.1972222222222222,0.18611111111111112,0.28055555555555556,0.21111111111111114,0.002777777777777768,0.16666666666666669,0.19166666666666665
conditional_ae\fold3\conditional_ae_z3_seed43,subject02,120,30,2.220446049250313e-16,0,0,0,1.2698027018522153,0.2479466784577934,0.4,0.5416666666666666,0.3666666666666667,0.4833333333333333,0.43333333333333335,0.44166666666666665,0.175,0.275,0.15000000000000002,0.5499999999999999,0.43333333333333335
conditional_ae\fold3\conditional_ae_z3_seed43,subject11,120,90,1.1102230246251565e-16,0,0,0,0.9388789790136216,0.16025476430452368,0.18055555555555547,0.32500000000000007,0.6861111111111111,0.24999999999999994,0.13055555555555554,0.16666666666666669,0.3305555555555556,0.15555555555555556,0.02777777777777779,0.15000000000000002,0.17222222222222222
conditional_ae\fold3\conditional_ae_z3_seed43,subject22,120,90,1.1102230246251565e-16,0,0,0,0.3151777648233347,0.05680711758960766,0.2777777777777778,0.3388888888888889,0.17777777777777778,0.30555555555555547,0.2194444444444445,0.2361111111111111,0.11944444444444446,0.19444444444444442,0.14166666666666672,0.3777777777777778,0.18055555555555558
conditional_ae\fold3\conditional_ae_z3_seed43,subject30,120,90,1.3877787807814457e-16,0,0,0,0.4173633537245771,0.08226041132571771,0.27222222222222225,0.40833333333333327,0.3027777777777778,0.21111111111111114,0.07777777777777783,0.16944444444444443,0.3194444444444444,0.38055555555555554,0.04166666666666663,0.3361111111111111,0.19722222222222222
conditional_ae\fold3\conditional_ae_z3_seed43,subject33,120,88,1.1102230246251565e-16,0,0,0,0.4164616667526886,0.07432400310785736,0.27954545454545454,0.26439393939393935,0.3204545454545455,0.2545454545454545,0.43939393939393934,0.3598484848484848,0.4636363636363636,0.2295454545454546,0.008333333333333304,0.18787878787878787,0.3196969696969697
conditional_ae\fold3\conditional_ae_z3_seed43,subject37,120,90,1.1102230246251565e-16,0,0,0,1.0479183202512732,0.19190444144368346,0.23333333333333328,0.25555555555555554,0.15833333333333333,0.18333333333333335,0.4416666666666667,0.3444444444444444,0.6388888888888888,0.6722222222222223,0.05833333333333335,0.24444444444444446,0.34166666666666673
conditional_ae\fold3\conditional_ae_z3_seed43,subject40,120,90,1.6653345369377348e-16,0,0,0,0.4617592304148386,0.08606390343057291,0.3111111111111111,0.3666666666666667,0.4722222222222222,0.19444444444444445,0.29166666666666663,0.2666666666666667,0.16944444444444445,0.12777777777777777,0.011111111111111072,0.175,0.25555555555555565
conditional_ae\fold3\conditional_ae_z3_seed44,subject02,120,30,1.1102230246251565e-16,0,1,0,1.2109368592647718,0.2395414605116637,0.4833333333333333,0.5499999999999999,0.24166666666666664,0.3166666666666667,0.32499999999999996,0.33333333333333337,0.3583333333333333,0.45,0.008333333333333304,0.48333333333333334,0.29166666666666674
conditional_ae\fold3\conditional_ae_z3_seed44,subject11,120,90,1.5092094240998222e-16,0,0,0,1.0061183523454749,0.17144844059673714,0.25,0.3388888888888889,0.5888888888888889,0.27499999999999997,0.13055555555555554,0.16666666666666663,0.24444444444444446,0.14722222222222223,0.01388888888888895,0.3416666666666667,0.17777777777777776
conditional_ae\fold3\conditional_ae_z3_seed44,subject22,120,90,1.942890293094024e-16,0,3,0,0.4034299975902247,0.07020007819836471,0.25000000000000006,0.23333333333333334,0.2611111111111111,0.35,0.13055555555555554,0.17222222222222222,0.3416666666666666,0.3611111111111111,0.01666666666666672,0.31666666666666665,0.13611111111111107
conditional_ae\fold3\conditional_ae_z3_seed44,subject30,120,90,1.6653345369377348e-16,0,0,0,0.7700206234810363,0.15089887309223549,0.4611111111111111,0.41944444444444445,0.22777777777777786,0.10833333333333339,0.3277777777777778,0.288888888888889,0.4388888888888889,0.48611111111111116,0.0,0.38888888888888895,0.28055555555555556
conditional_ae\fold3\conditional_ae_z3_seed44,subject33,120,88,5.551115123125783e-17,0,1,0,0.43634355817345716,0.0781321376523062,0.38484848484848483,0.28106060606060607,0.19696969696969696,0.21060606060606063,0.42272727272727273,0.33333333333333337,0.3984848484848485,0.25757575757575757,0.03712121212121211,0.26439393939393935,0.3212121212121212
conditional_ae\fold3\conditional_ae_z3_seed44,subject37,120,90,1.1102230246251565e-16,0,1,0,1.5383274233461748,0.2812815525882213,0.35000000000000003,0.2972222222222222,0.14166666666666666,0.2583333333333333,0.5916666666666668,0.4861111111111111,0.7222222222222222,0.7222222222222222,0.008333333333333304,0.43333333333333335,0.47500000000000003
conditional_ae\fold3\conditional_ae_z3_seed44,subject40,120,90,1.1102230246251565e-16,0,0,0,0.5000049602498526,0.08927612980614785,0.4833333333333334,0.41111111111111115,0.28888888888888886,0.17222222222222228,0.18888888888888888,0.15000000000000002,0.3638888888888889,0.3027777777777778,0.022222222222222254,0.175,0.15833333333333335
conditional_ae\fold3\conditional_ae_z8_seed42,subject02,120,30,2.220446049250313e-16,0,19,0,1.2129538073075379,0.2322464032259718,0.4416666666666667,0.36666666666666664,0.18333333333333335,0.22499999999999998,0.4750000000000001,0.55,0.3666666666666667,0.35,0.05833333333333335,0.24166666666666667,0.5249999999999999
conditional_ae\fold3\conditional_ae_z8_seed42,subject11,120,90,1.1102230246251565e-16,0,1,0,0.7707790018898395,0.14424416514503768,0.3027777777777778,0.3916666666666666,0.5194444444444445,0.375,0.2861111111111111,0.27499999999999997,0.11944444444444446,0.125,0.036111111111111094,0.19444444444444442,0.2666666666666667
conditional_ae\fold3\conditional_ae_z8_seed42,subject22,120,90,1.1102230246251565e-16,0,2,0,0.34348889820998485,0.06540299369178704,0.29999999999999993,0.3055555555555556,0.2138888888888888,0.2138888888888889,0.17222222222222217,0.17500000000000004,0.36388888888888893,0.2583333333333333,0.15833333333333333,0.15555555555555556,0.18055555555555547
conditional_ae\fold3\conditional_ae_z8_seed42,subject30,120,90,1.3877787807814457e-16,0,0,0,0.4533044832651343,0.09142836614572536,0.4555555555555555,0.3472222222222222,0.26388888888888895,0.2583333333333334,0.20833333333333331,0.21111111111111108,0.20555555555555555,0.3138888888888889,0.008333333333333304,0.15833333333333333,0.2166666666666667
conditional_ae\fold3\conditional_ae_z8_seed42,subject33,120,88,1.1102230246251565e-16,0,0,0,0.16673712225555892,0.02226892200973163,0.3545454545454546,0.20378787878787874,0.08863636363636362,0.15227272727272728,0.09848484848484848,0.17272727272727273,0.18333333333333335,0.09393939393939393,0.02954545454545454,0.11666666666666667,0.16969696969696968
conditional_ae\fold3\conditional_ae_z8_seed42,subject37,120,90,9.71445146547012e-17,0,0,0,0.3943529487293058,0.06665026791192918,0.3833333333333333,0.2666666666666666,0.3277777777777777,0.13333333333333336,0.1166666666666667,0.08611111111111114,0.29722222222222217,0.27499999999999997,0.008333333333333304,0.14166666666666666,0.08333333333333337
conditional_ae\fold3\conditional_ae_z8_seed42,subject40,120,90,1.1102230246251565e-16,0,0,0,0.6912932260689413,0.1203548559381955,0.5083333333333334,0.46944444444444444,0.24722222222222223,0.36111111111111105,0.28055555555555556,0.28055555555555556,0.3583333333333334,0.22499999999999998,0.019444444444444375,0.11666666666666665,0.2916666666666667
conditional_ae\fold3\conditional_ae_z8_seed43,subject02,120,30,1.6653345369377348e-16,0,45,0,1.581401118527476,0.30986986423262164,0.475,0.41666666666666663,0.21666666666666673,0.2833333333333333,0.6333333333333334,0.6916666666666667,0.25,0.25,0.01666666666666672,0.30833333333333335,0.6583333333333334
conditional_ae\fold3\conditional_ae_z8_seed43,subject11,120,90,1.1102230246251565e-16,0,0,0,0.8247691952958602,0.1495767043801829,0.33611111111111114,0.4472222222222222,0.5249999999999999,0.38055555555555554,0.2222222222222222,0.23055555555555557,0.1777777777777778,0.14444444444444438,0.019444444444444375,0.2055555555555556,0.2972222222222222
conditional_ae\fold3\conditional_ae_z8_seed43,subject22,120,90,1.6653345369377348e-16,0,4,0,0.2988841971786318,0.058855396670296045,0.2361111111111111,0.3472222222222222,0.16111111111111112,0.17777777777777778,0.14444444444444443,0.17777777777777776,0.288888888888889,0.18055555555555547,0.125,0.11666666666666665,0.18888888888888886
conditional_ae\fold3\conditional_ae_z8_seed43,subject30,120,90,1.1102230246251565e-16,0,0,0,0.41532100570697494,0.0769331282072988,0.45277777777777783,0.33611111111111114,0.28055555555555556,0.20277777777777772,0.1694444444444445,0.1611111111111111,0.2138888888888889,0.33055555555555555,0.008333333333333304,0.13888888888888895,0.15555555555555556
conditional_ae\fold3\conditional_ae_z8_seed43,subject33,120,88,1.1102230246251565e-16,0,0,0,0.18829013553831242,0.020612915367451357,0.36742424242424243,0.1598484848484849,0.1659090909090909,0.14393939393939395,0.11060606060606065,0.16439393939393937,0.171969696969697,0.06590909090909092,0.0037878787878787845,0.1333333333333333,0.17272727272727273
conditional_ae\fold3\conditional_ae_z8_seed43,subject37,120,90,5.551115123125783e-17,0,1,0,0.6363334327416115,0.1040869035745644,0.38333333333333336,0.3055555555555556,0.28055555555555556,0.2638888888888889,0.2833333333333333,0.1972222222222222,0.4305555555555556,0.47500000000000003,0.025000000000000022,0.1972222222222222,0.19444444444444442
conditional_ae\fold3\conditional_ae_z8_seed43,subject40,120,90,1.1102230246251565e-16,0,1,0,0.547975387406602,0.10593288074525631,0.4666666666666667,0.5333333333333334,0.24722222222222223,0.36111111111111105,0.19722222222222224,0.2138888888888889,0.38888888888888884,0.22499999999999998,0.0527777777777777,0.09999999999999999,0.23333333333333334
conditional_ae\fold3\conditional_ae_z8_seed44,subject02,120,30,1.1102230246251565e-16,0,29,0,1.215129557596661,0.2318651219265515,0.4583333333333333,0.475,0.26666666666666666,0.29999999999999993,0.45,0.5166666666666666,0.2416666666666667,0.20000000000000007,0.04166666666666663,0.175,0.5083333333333333
conditional_ae\fold3\conditional_ae_z8_seed44,subject11,120,90,1.1102230246251565e-16,0,0,0,0.8299564933588623,0.16006406326661915,0.3583333333333334,0.45833333333333337,0.49444444444444446,0.3916666666666667,0.24722222222222223,0.25555555555555554,0.1388888888888889,0.1527777777777778,0.036111111111111094,0.18611111111111112,0.28055555555555556
conditional_ae\fold3\conditional_ae_z8_seed44,subject22,120,90,8.326672684688674e-17,0,6,0,0.35405588641088137,0.06892297614679421,0.3138888888888889,0.3638888888888889,0.21944444444444444,0.15555555555555556,0.19444444444444442,0.17500000000000004,0.32777777777777783,0.22777777777777775,0.09999999999999998,0.14722222222222225,0.18888888888888888
conditional_ae\fold3\conditional_ae_z8_seed44,subject30,120,90,1.6653345369377348e-16,0,0,0,0.5496465656608294,0.11046576504932937,0.47777777777777775,0.4444444444444445,0.25555555555555565,0.21944444444444444,0.3194444444444445,0.2361111111111111,0.23611111111111116,0.2861111111111111,0.01666666666666672,0.15277777777777773,0.23611111111111116
conditional_ae\fold3\conditional_ae_z8_seed44,subject33,120,88,1.1102230246251565e-16,0,0,0,0.20029947629553657,0.027040041125198422,0.38636363636363635,0.2242424242424243,0.12045454545454543,0.1272727272727273,0.08030303030303029,0.12878787878787878,0.19848484848484854,0.16742424242424245,0.012121212121212088,0.18333333333333332,0.12878787878787878
conditional_ae\fold3\conditional_ae_z8_seed44,subject37,120,90,1.1796119636642288e-16,0,0,0,0.549010178010565,0.0954300525700652,0.3666666666666667,0.3388888888888889,0.33333333333333337,0.11944444444444441,0.19999999999999996,0.1527777777777778,0.3055555555555556,0.3555555555555555,0.01666666666666672,0.18055555555555547,0.1611111111111111
conditional_ae\fold3\conditional_ae_z8_seed44,subject40,120,90,1.1102230246251565e-16,0,1,0,0.8375705419772812,0.14765223404700145,0.5861111111111111,0.5416666666666667,0.2055555555555556,0.4222222222222223,0.32222222222222224,0.28055555555555556,0.41388888888888886,0.21666666666666662,0.02777777777777779,0.09999999999999999,0.3
cvae\fold0\cvae_z2_seed42,subject05,120,90,1.1102230246251565e-16,0,0,0,0.7341215897412123,0.15594960485706155,0.25277777777777777,0.3666666666666667,0.2888888888888889,0.22777777777777775,0.40833333333333327,0.3861111111111111,0.24444444444444446,0.37777777777777777,0.002777777777777768,0.4166666666666667,0.3972222222222222
cvae\fold0\cvae_z2_seed42,subject13,120,90,1.1102230246251565e-16,0,0,0,0.4537609539549461,0.07702322550093943,0.1166666666666667,0.21111111111111108,0.23888888888888887,0.2416666666666667,0.3861111111111111,0.36944444444444446,0.2666666666666667,0.29166666666666663,0.011111111111111072,0.1694444444444444,0.3472222222222222
cvae\fold0\cvae_z2_seed42,subject19,120,90,1.3877787807814457e-16,0,0,0,0.7187484154866164,0.1473171120542529,0.3305555555555555,0.6055555555555555,0.5361111111111111,0.20833333333333337,0.15833333333333333,0.20277777777777783,0.16388888888888886,0.1611111111111111,0.0,0.18333333333333335,0.20277777777777783
cvae\fold0\cvae_z2_seed42,subject24,120,90,2.983724378680108e-16,0,1,0,0.2195458566894275,0.0392000767784374,0.19722222222222222,0.23055555555555557,0.2833333333333333,0.26944444444444443,0.20277777777777783,0.275,0.18055555555555555,0.12777777777777777,0.05555555555555558,0.12777777777777777,0.2666666666666667
cvae\fold0\cvae_z2_seed42,subject27,120,90,1.1102230246251565e-16,0,0,0,0.9618839244682138,0.20324209781016678,0.5527777777777778,0.25833333333333336,0.2666666666666667,0.4638888888888889,0.125,0.20833333333333331,0.44166666666666665,0.30277777777777776,0.002777777777777768,0.4305555555555556,0.24722222222222223
cvae\fold0\cvae_z2_seed42,subject34,120,90,2.7755575615628914e-16,0,0,0,0.6854076994181186,0.13659065316655028,0.09999999999999998,0.2416666666666667,0.33055555555555555,0.3472222222222222,0.35,0.3972222222222222,0.5638888888888889,0.46388888888888885,0.0444444444444444,0.16388888888888886,0.4027777777777778
cvae\fold0\cvae_z2_seed42,subject35,120,86,1.1102230246251565e-16,0,3,0,0.5643970414961048,0.10948586362459634,0.18430232558139537,0.5069767441860464,0.42170542635658914,0.3637596899224806,0.1420542635658915,0.2015503875968992,0.3775193798449612,0.30038759689922484,0.011627906976744207,0.21414728682170542,0.20329457364341086
cvae\fold0\cvae_z2_seed43,subject05,120,90,1.1102230246251565e-16,0,2,0,0.7421811078423564,0.153755640655862,0.28055555555555556,0.32500000000000007,0.2777777777777778,0.2222222222222222,0.3833333333333333,0.3527777777777778,0.3305555555555555,0.4305555555555555,0.011111111111111072,0.35,0.3444444444444445
cvae\fold0\cvae_z2_seed43,subject13,120,90,1.1102230246251565e-16,0,0,0,0.4432305892193864,0.0747481639671419,0.13055555555555554,0.22777777777777775,0.28055555555555556,0.33611111111111114,0.3722222222222222,0.3138888888888889,0.2583333333333333,0.2944444444444444,0.011111111111111072,0.1611111111111111,0.3388888888888888
cvae\fold0\cvae_z2_seed43,subject19,120,90,1.1102230246251565e-16,0,0,0,0.6850702685655228,0.13850512555908323,0.3555555555555555,0.5722222222222222,0.4888888888888888,0.2666666666666667,0.16388888888888886,0.1694444444444445,0.17222222222222217,0.1444444444444445,0.0,0.1166666666666667,0.1694444444444445
cvae\fold0\cvae_z2_seed43,subject24,120,90,8.326672684688674e-17,0,3,0,0.21755051218559096,0.03472692111462994,0.17777777777777776,0.2611111111111111,0.20833333333333331,0.3361111111111111,0.2333333333333334,0.275,0.21944444444444444,0.1,0.047222222222222276,0.18333333333333335,0.275
cvae\fold0\cvae_z2_seed43,subject27,120,90,8.326672684688674e-17,0,3,0,1.3095554433498666,0.2761567078125735,0.4722222222222222,0.34444444444444444,0.3388888888888889,0.6444444444444445,0.1611111111111111,0.16666666666666669,0.5472222222222223,0.40555555555555556,0.011111111111111072,0.5194444444444445,0.20833333333333331
cvae\fold0\cvae_z2_seed43,subject34,120,90,1.3877787807814457e-16,0,1,0,0.7020474485769395,0.1385815598693756,0.13055555555555565,0.2138888888888889,0.3055555555555556,0.4277777777777778,0.3638888888888889,0.38888888888888895,0.5361111111111111,0.4305555555555555,0.0444444444444444,0.28055555555555556,0.3944444444444445
cvae\fold0\cvae_z2_seed43,subject35,120,86,1.3877787807814457e-16,0,3,0,0.5881307628594135,0.11619619409674031,0.19593023255813946,0.4434108527131783,0.3653100775193798,0.3554263565891473,0.15910852713178303,0.19321705426356584,0.40193798449612406,0.3170542635658915,0.005038759689922512,0.3959302325581396,0.20174418604651162
cvae\fold0\cvae_z2_seed44,subject05,120,90,1.1102230246251565e-16,0,0,0,0.7934581339677509,0.16753572354260637,0.3194444444444444,0.29166666666666674,0.20833333333333334,0.2638888888888889,0.4305555555555555,0.41944444444444445,0.3666666666666667,0.4444444444444444,0.002777777777777768,0.42777777777777776,0.4388888888888889
cvae\fold0\cvae_z2_seed44,subject13,120,90,1.1102230246251565e-16,0,0,0,0.5409929704896626,0.09000869565976066,0.29722222222222217,0.2694444444444444,0.19722222222222224,0.24166666666666667,0.4305555555555555,0.3888888888888889,0.32500000000000007,0.3222222222222223,0.011111111111111072,0.18611111111111112,0.3861111111111111
cvae\fold0\cvae_z2_seed44,subject19,120,90,1.1102230246251565e-16,0,0,0,0.4870468772687424,0.0937851030054433,0.36944444444444446,0.6055555555555555,0.3027777777777778,0.42500000000000004,0.09444444444444444,0.1611111111111111,0.2833333333333333,0.21111111111111114,0.0,0.11111111111111105,0.15833333333333333
cvae\fold0\cvae_z2_seed44,subject24,120,90,1.1102230246251565e-16,0,3,0,0.302376589669636,0.05825927024722688,0.29722222222222217,0.2222222222222222,0.2861111111111111,0.3861111111111111,0.2333333333333334,0.26111111111111107,0.22222222222222224,0.15,0.05555555555555558,0.2111111111111111,0.2583333333333334
cvae\fold0\cvae_z2_seed44,subject27,120,90,2.220446049250313e-16,0,2,0,1.3146587586457699,0.2812347597594965,0.6499999999999999,0.26111111111111107,0.3138888888888889,0.5722222222222222,0.10833333333333339,0.21666666666666667,0.5166666666666667,0.43333333333333335,0.011111111111111072,0.38055555555555554,0.24722222222222223
cvae\fold0\cvae_z2_seed44,subject34,120,90,1.1102230246251565e-16,0,1,0,0.7321169871432742,0.14740592299406363,0.2361111111111111,0.2416666666666667,0.3,0.4194444444444445,0.42499999999999993,0.46388888888888885,0.47777777777777775,0.4111111111111111,0.0444444444444444,0.16666666666666669,0.4833333333333333
cvae\fold0\cvae_z2_seed44,subject35,120,86,1.0755285551056204e-16,0,2,0,0.584973081424975,0.1104299245261926,0.23895348837209307,0.3236434108527132,0.33003875968992247,0.39515503875968994,0.2420542635658915,0.30155038759689917,0.29360465116279066,0.26531007751937985,0.011627906976744207,0.2959302325581395,0.30988372093023253
cvae\fold0\cvae_z3_seed42,subject05,120,90,1.1102230246251565e-16,0,2,0,0.6615730546463392,0.1336336307770014,0.25277777777777777,0.25,0.1694444444444444,0.2138888888888889,0.33055555555555555,0.25,0.4277777777777778,0.525,0.002777777777777768,0.47500000000000003,0.2694444444444445
cvae\fold0\cvae_z3_seed42,subject13,120,90,1.1102230246251565e-16,0,0,0,0.1725336912401283,0.02386051286421309,0.16666666666666669,0.16388888888888886,0.11666666666666665,0.09166666666666667,0.2055555555555555,0.19166666666666668,0.3472222222222222,0.313888888888889,0.011111111111111072,0.0888888888888889,0.19999999999999998
cvae\fold0\cvae_z3_seed42,subject19,120,90,1.1102230246251565e-16,0,1,0,0.26536386330910533,0.04787268121102917,0.28611111111111115,0.41388888888888886,0.1888888888888889,0.2777777777777778,0.08611111111111108,0.12222222222222223,0.33888888888888885,0.3222222222222222,0.0,0.14722222222222225,0.11111111111111116
cvae\fold0\cvae_z3_seed42,subject24,120,90,1.1102230246251565e-16,0,2,0,0.21419828610643554,0.030141853103938354,0.16944444444444445,0.23611111111111113,0.20277777777777772,0.30277777777777776,0.2055555555555555,0.2222222222222222,0.14444444444444443,0.13333333333333336,0.03888888888888886,0.2111111111111111,0.2138888888888889
cvae\fold0\cvae_z3_seed42,subject27,120,90,1.1102230246251565e-16,0,0,0,0.7220221736808639,0.1472609433606753,0.5472222222222222,0.2583333333333333,0.32500000000000007,0.40555555555555556,0.1111111111111111,0.07222222222222219,0.4,0.3361111111111111,0.002777777777777768,0.33611111111111114,0.09166666666666667
cvae\fold0\cvae_z3_seed42,subject34,120,90,8.326672684688674e-17,0,3,0,0.5362467587620001,0.102034822143663,0.125,0.15000000000000002,0.16388888888888892,0.48611111111111116,0.3416666666666667,0.37222222222222223,0.4083333333333334,0.25,0.0444444444444444,0.16666666666666669,0.35555555555555557
cvae\fold0\cvae_z3_seed42,subject35,120,86,1.1188966420050406e-16,0,12,0,0.42568590803514317,0.07452092019185141,0.22248062015503878,0.4170542635658915,0.3337209302325581,0.20562015503875974,0.18197674418604648,0.17558139534883718,0.28527131782945736,0.20872093023255817,0.005038759689922512,0.3093023255813953,0.18546511627906978
cvae\fold0\cvae_z3_seed43,subject05,120,90,1.1102230246251565e-16,0,0,0,0.7092162158759092,0.14118482059455284,0.2361111111111111,0.29166666666666674,0.1777777777777778,0.22222222222222224,0.3388888888888889,0.3083333333333333,0.41111111111111115,0.4861111111111111,0.011111111111111072,0.5472222222222222,0.3055555555555555
cvae\fold0\cvae_z3_seed43,subject13,120,90,1.1102230246251565e-16,0,3,0,0.20184861856239555,0.030498460422448526,0.13333333333333336,0.18888888888888888,0.18888888888888888,0.09166666666666666,0.2138888888888889,0.21111111111111108,0.2861111111111111,0.27222222222222225,0.011111111111111072,0.13888888888888895,0.20555555555555557
cvae\fold0\cvae_z3_seed43,subject19,120,90,1.3877787807814457e-16,0,1,0,0.2763996147518242,0.05257798481458176,0.2277777777777778,0.35277777777777775,0.24166666666666667,0.2250000000000001,0.06944444444444442,0.07777777777777783,0.2527777777777778,0.30000000000000004,0.0,0.19444444444444442,0.07499999999999996
cvae\fold0\cvae_z3_seed43,subject24,120,90,9.020562075079397e-17,0,6,0,0.16722408772651054,0.02196330857096429,0.20833333333333331,0.23888888888888887,0.20000000000000007,0.2611111111111111,0.20277777777777778,0.20277777777777772,0.11388888888888887,0.17777777777777776,0.05555555555555558,0.15833333333333333,0.20833333333333337
cvae\fold0\cvae_z3_seed43,subject27,120,90,1.1102230246251565e-16,0,1,0,0.8963554270289675,0.18418034678633965,0.6138888888888888,0.26388888888888884,0.4055555555555555,0.4472222222222222,0.0805555555555556,0.09999999999999998,0.32499999999999996,0.275,0.002777777777777768,0.40555555555555556,0.1694444444444445
cvae\fold0\cvae_z3_seed43,subject34,120,90,1.1102230246251565e-16,0,1,0,0.6355519242159495,0.11793110885728653,0.1166666666666667,0.15000000000000002,0.23888888888888887,0.5222222222222221,0.33333333333333337,0.37777777777777777,0.4361111111111111,0.3277777777777778,0.0444444444444444,0.20277777777777778,0.37777777777777777
cvae\fold0\cvae_z3_seed43,subject35,120,86,1.3877787807814457e-16,0,8,0,0.4221003360531048,0.07279427991741094,0.21414728682170547,0.3670542635658915,0.3550387596899225,0.1887596899224806,0.16104651162790695,0.15910852713178303,0.21860465116279068,0.2003875968992248,0.003294573643410903,0.33430232558139533,0.14864341085271318
cvae\fold0\cvae_z3_seed44,subject05,120,90,8.326672684688674e-17,0,2,0,0.7051327021082758,0.14142034148264637,0.27777777777777773,0.25,0.16666666666666663,0.2722222222222222,0.29999999999999993,0.3111111111111111,0.39444444444444443,0.45555555555555555,0.011111111111111072,0.5666666666666667,0.3111111111111111
cvae\fold0\cvae_z3_seed44,subject13,120,90,2.740863092043355e-16,0,2,0,0.15557625888232485,0.021130924106787075,0.14166666666666666,0.13611111111111107,0.15833333333333333,0.06666666666666665,0.21944444444444444,0.18888888888888888,0.35,0.3055555555555556,0.011111111111111072,0.10555555555555562,0.1972222222222222
cvae\fold0\cvae_z3_seed44,subject19,120,90,1.3877787807814457e-16,0,0,0,0.26703949987098685,0.054337280522061215,0.17222222222222222,0.3472222222222222,0.2277777777777778,0.2694444444444445,0.11388888888888882,0.09166666666666667,0.42222222222222217,0.42500000000000004,0.0,0.16666666666666674,0.08333333333333334
cvae\fold0\cvae_z3_seed44,subject24,120,90,1.942890293094024e-16,0,5,0,0.1643765857967492,0.023103145604281505,0.2361111111111111,0.2138888888888889,0.15833333333333344,0.275,0.1472222222222222,0.14444444444444438,0.1222222222222222,0.12222222222222223,0.05555555555555558,0.2555555555555556,0.13055555555555554
cvae\fold0\cvae_z3_seed44,subject27,120,90,1.1102230246251565e-16,0,0,0,0.8590584927064868,0.17606764726203028,0.6083333333333334,0.20833333333333337,0.3388888888888888,0.3861111111111111,0.0888888888888888,0.19722222222222224,0.3666666666666667,0.3027777777777778,0.011111111111111072,0.38055555555555554,0.2194444444444445
cvae\fold0\cvae_z3_seed44,subject34,120,90,1.1102230246251565e-16,0,0,0,0.6012716444185573,0.10936140645685033,0.12777777777777782,0.2222222222222222,0.25555555555555554,0.4972222222222222,0.2722222222222222,0.35,0.4194444444444445,0.3055555555555556,0.0444444444444444,0.15555555555555556,0.3416666666666667
cvae\fold0\cvae_z3_seed44,subject35,120,86,1.0755285551056204e-16,0,5,0,0.37101138286862323,0.06121706587592646,0.21395348837209305,0.3670542635658915,0.3550387596899225,0.18507751937984496,0.0817829457364341,0.08313953488372094,0.23527131782945734,0.21705426356589147,0.011627906976744207,0.30910852713178294,0.08914728682170547
cvae\fold0\cvae_z4_seed42,subject05,120,90,6.808789643208968e-17,0,1,0,0.5488025405516019,0.11011044012284732,0.32222222222222224,0.43333333333333335,0.22500000000000003,0.23888888888888893,0.32222222222222224,0.29166666666666663,0.36944444444444446,0.4361111111111111,0.002777777777777768,0.24999999999999994,0.29444444444444445
cvae\fold0\cvae_z4_seed42,subject13,120,90,1.1102230246251565e-16,0,4,0,0.28034806799149026,0.045483191131774126,0.18611111111111112,0.18611111111111112,0.18055555555555558,0.08611111111111114,0.28888888888888886,0.2972222222222222,0.20833333333333337,0.2138888888888889,0.002777777777777768,0.18055555555555552,0.2722222222222222
cvae\fold0\cvae_z4_seed42,subject19,120,90,1.1102230246251565e-16,0,0,0,0.21644543288288443,0.0406393333996079,0.2194444444444445,0.37500000000000006,0.1972222222222222,0.2583333333333334,0.11944444444444446,0.08611111111111114,0.20833333333333337,0.19444444444444442,0.008333333333333304,0.18333333333333335,0.06944444444444442
cvae\fold0\cvae_z4_seed42,subject24,120,90,1.1102230246251565e-16,0,5,0,0.13660795462178,0.015183520908549797,0.14166666666666666,0.2694444444444445,0.20000000000000007,0.26944444444444443,0.15833333333333333,0.16666666666666669,0.23333333333333336,0.1611111111111111,0.047222222222222276,0.08333333333333334,0.18333333333333335
cvae\fold0\cvae_z4_seed42,subject27,120,90,1.1102230246251565e-16,0,0,0,0.6428293859847467,0.12934625078719397,0.5805555555555555,0.2583333333333333,0.3638888888888889,0.5222222222222223,0.15833333333333333,0.16388888888888886,0.24722222222222223,0.17222222222222225,0.011111111111111072,0.2611111111111111,0.2194444444444445
cvae\fold0\cvae_z4_seed42,subject34,120,90,1.1102230246251565e-16,0,0,0,0.6135978089817651,0.11297563776975894,0.08611111111111108,0.24166666666666664,0.28888888888888886,0.46111111111111114,0.3777777777777778,0.4083333333333333,0.3972222222222222,0.2833333333333333,0.036111111111111094,0.22499999999999998,0.41388888888888886
cvae\fold0\cvae_z4_seed42,subject35,120,86,1.1102230246251565e-16,0,11,0,0.39947181658392594,0.06659806606921326,0.2374031007751939,0.4069767441860465,0.4040697674418605,0.1552325581395349,0.1689922480620155,0.16724806201550388,0.24244186046511626,0.23372093023255813,0.008333333333333304,0.15930232558139534,0.17558139534883718
cvae\fold0\cvae_z4_seed43,subject05,120,90,5.551115123125783e-17,0,1,0,0.6455765787991612,0.13246542699899733,0.34444444444444444,0.42500000000000004,0.15,0.3861111111111111,0.3416666666666666,0.3277777777777778,0.39444444444444443,0.4888888888888889,0.011111111111111072,0.2972222222222222,0.3527777777777778
cvae\fold0\cvae_z4_seed43,subject13,120,90,8.326672684688674e-17,0,0,0,0.16381319817294715,0.02213421638416535,0.10555555555555557,0.17222222222222217,0.13888888888888884,0.11111111111111116,0.21666666666666667,0.1611111111111111,0.31666666666666665,0.2777777777777778,0.002777777777777768,0.11111111111111105,0.18888888888888888
cvae\fold0\cvae_z4_seed43,subject19,120,90,1.1102230246251565e-16,0,0,0,0.2070821303541539,0.0377918684235834,0.24722222222222223,0.3666666666666667,0.20277777777777778,0.2694444444444445,0.1611111111111111,0.1166666666666667,0.24722222222222223,0.22499999999999998,0.0,0.18611111111111117,0.12777777777777777
cvae\fold0\cvae_z4_seed43,subject24,120,90,1.249000902703301e-16,0,9,0,0.20454753177237173,0.030878872692153725,0.29722222222222217,0.15555555555555556,0.09444444444444444,0.14444444444444443,0.13611111111111107,0.13055555555555554,0.13055555555555554,0.09722222222222232,0.03888888888888886,0.16666666666666666,0.1388888888888889
cvae\fold0\cvae_z4_seed43,subject27,120,90,1.6653345369377348e-16,0,0,0,0.8064543256943328,0.16108889844396845,0.6722222222222222,0.21388888888888888,0.4055555555555555,0.4972222222222222,0.19166666666666676,0.175,0.2888888888888889,0.16666666666666666,0.01388888888888895,0.21388888888888888,0.23888888888888887
cvae\fold0\cvae_z4_seed43,subject34,120,90,1.5265566588595902e-16,0,1,0,0.5720475340032154,0.10153500340622246,0.13055555555555554,0.21666666666666667,0.18611111111111106,0.5583333333333333,0.3138888888888889,0.3388888888888889,0.38333333333333336,0.3138888888888889,0.0444444444444444,0.07499999999999996,0.3444444444444445
cvae\fold0\cvae_z4_seed43,subject35,120,86,1.1188966420050406e-16,0,11,0,0.46397158045587217,0.07577297445972586,0.22577519379844968,0.38372093023255816,0.522093023255814,0.17674418604651165,0.15503875968992242,0.1507751937984496,0.1686046511627907,0.18372093023255814,0.005038759689922512,0.13604651162790693,0.15251937984496122
cvae\fold0\cvae_z4_seed44,subject05,120,90,1.1102230246251565e-16,0,1,0,0.6585240189756867,0.13312243675582947,0.39444444444444443,0.43333333333333335,0.19166666666666668,0.3055555555555556,0.41388888888888886,0.3916666666666666,0.3277777777777778,0.4305555555555555,0.011111111111111072,0.2666666666666667,0.3861111111111111
cvae\fold0\cvae_z4_seed44,subject13,120,90,1.6653345369377348e-16,0,3,0,0.35061716414323474,0.05808836410029161,0.2,0.20000000000000007,0.18888888888888888,0.1166666666666667,0.3055555555555556,0.30277777777777776,0.2583333333333333,0.25555555555555565,0.011111111111111072,0.125,0.29999999999999993
cvae\fold0\cvae_z4_seed44,subject19,120,90,6.245004513516506e-17,0,0,0,0.24793362340171576,0.046223598717325065,0.2777777777777778,0.2972222222222222,0.14444444444444443,0.23611111111111116,0.15555555555555556,0.11111111111111105,0.33055555555555555,0.33333333333333337,0.0,0.1972222222222222,0.10277777777777775
cvae\fold0\cvae_z4_seed44,subject24,120,90,1.3877787807814457e-16,0,3,0,0.13668998723438452,0.015564892442677891,0.21666666666666673,0.23055555555555557,0.23611111111111116,0.15833333333333333,0.12222222222222223,0.13055555555555565,0.17222222222222222,0.16388888888888897,0.05555555555555558,0.09444444444444444,0.14722222222222214
cvae\fold0\cvae_z4_seed44,subject27,120,90,1.6653345369377348e-16,0,1,0,0.7957866349752032,0.16136606510176865,0.6472222222222221,0.25,0.3916666666666667,0.4444444444444445,0.17500000000000004,0.25555555555555554,0.2638888888888889,0.1888888888888889,0.011111111111111072,0.25555555555555565,0.3194444444444445
cvae\fold0\cvae_z4_seed44,subject34,120,90,5.551115123125783e-17,0,1,0,0.6006229818972217,0.11030040360730087,0.18055555555555547,0.18333333333333324,0.18611111111111112,0.45000000000000007,0.35555555555555557,0.40555555555555556,0.4388888888888889,0.3138888888888889,0.036111111111111094,0.15555555555555556,0.41111111111111115
cvae\fold0\cvae_z4_seed44,subject35,120,86,1.0278236595162582e-16,0,11,0,0.5008169769523145,0.08530025653489237,0.20581395348837206,0.44864341085271314,0.5133720930232558,0.22674418604651164,0.17732558139534885,0.16724806201550388,0.20193798449612402,0.2503875968992248,0.003294573643410903,0.12054263565891471,0.18391472868217054
cvae\fold0\cvae_z8_seed42,subject05,120,90,1.1102230246251565e-16,0,0,0,0.3572152924764911,0.07043738692280033,0.1916666666666667,0.38333333333333336,0.19999999999999998,0.3194444444444444,0.3138888888888889,0.29444444444444445,0.24444444444444446,0.3472222222222222,0.002777777777777768,0.18333333333333335,0.30833333333333335
cvae\fold0\cvae_z8_seed42,subject13,120,90,1.465841337200402e-16,0,0,0,0.22150024916091615,0.034132546834857,0.1833333333333334,0.20833333333333331,0.12222222222222223,0.19444444444444442,0.25277777777777777,0.25,0.25,0.20555555555555555,0.005555555555555647,0.16666666666666669,0.26666666666666666
cvae\fold0\cvae_z8_seed42,subject19,120,90,8.326672684688674e-17,0,1,0,0.14529063921965069,0.02046471097237723,0.08611111111111114,0.3027777777777777,0.15277777777777785,0.12777777777777777,0.1972222222222222,0.17500000000000002,0.28888888888888886,0.22777777777777775,0.0,0.1,0.1861111111111111
cvae\fold0\cvae_z8_seed42,subject24,120,90,8.326672684688674e-17,0,1,0,0.13703543418860464,0.013491526709067059,0.24166666666666664,0.18888888888888888,0.18055555555555558,0.1333333333333333,0.16944444444444445,0.19444444444444442,0.14722222222222214,0.17500000000000004,0.022222222222222254,0.175,0.19166666666666665
cvae\fold0\cvae_z8_seed42,subject27,120,90,2.3592239273284576e-16,0,0,0,0.5149497715074669,0.10199763664981454,0.6111111111111112,0.3222222222222222,0.43888888888888883,0.33611111111111114,0.09999999999999998,0.13888888888888887,0.09722222222222224,0.10555555555555557,0.01388888888888895,0.2861111111111111,0.1416666666666667
cvae\fold0\cvae_z8_seed42,subject34,120,90,8.326672684688674e-17,0,2,0,0.5572206164930722,0.09881730164222968,0.16944444444444445,0.28333333333333327,0.18611111111111106,0.4888888888888889,0.35,0.3861111111111111,0.21111111111111114,0.18611111111111112,0.019444444444444375,0.18333333333333335,0.37222222222222223
cvae\fold0\cvae_z8_seed42,subject35,120,86,1.1102230246251565e-16,0,4,0,0.5245867854664037,0.09238646445799903,0.22228682170542635,0.4670542635658915,0.5073643410852713,0.17674418604651165,0.2439922480620155,0.2436046511627907,0.1746124031007752,0.13372093023255816,0.03837209302325584,0.1308139534883721,0.25058139534883717
cvae\fold0\cvae_z8_seed43,subject05,120,90,1.3877787807814457e-16,0,0,0,0.288949419541241,0.053640150889093574,0.16666666666666674,0.2666666666666667,0.20833333333333334,0.23611111111111105,0.28055555555555556,0.2583333333333333,0.3583333333333334,0.4305555555555555,0.011111111111111072,0.25,0.2611111111111111
cvae\fold0\cvae_z8_seed43,subject13,120,90,1.465841337200402e-16,0,0,0,0.16744561409428105,0.022866407236462605,0.08611111111111114,0.17222222222222225,0.22500000000000003,0.11111111111111116,0.23333333333333334,0.22499999999999998,0.375,0.3277777777777777,0.005555555555555647,0.09722222222222221,0.2277777777777778
cvae\fold0\cvae_z8_seed43,subject19,120,90,1.1102230246251565e-16,0,0,0,0.20562173763530378,0.0353766105933504,0.2138888888888889,0.28055555555555556,0.1111111111111111,0.1777777777777778,0.2388888888888889,0.19722222222222222,0.3638888888888888,0.3027777777777778,0.0,0.11111111111111116,0.20555555555555555
cvae\fold0\cvae_z8_seed43,subject24,120,90,9.71445146547012e-17,0,5,0,0.11963669926297182,0.010789276731818953,0.11944444444444441,0.25555555555555554,0.21111111111111114,0.19444444444444448,0.1138888888888889,0.13333333333333336,0.15555555555555556,0.17777777777777776,0.047222222222222276,0.1111111111111111,0.13333333333333336
cvae\fold0\cvae_z8_seed43,subject27,120,90,1.3877787807814457e-16,0,0,0,0.4384040702400891,0.08310499156743179,0.5694444444444444,0.39722222222222214,0.4972222222222222,0.35555555555555557,0.16666666666666674,0.14722222222222223,0.1333333333333333,0.1388888888888889,0.011111111111111072,0.18055555555555558,0.16666666666666666
cvae\fold0\cvae_z8_seed43,subject34,120,90,1.3877787807814457e-16,0,1,0,0.2903742092107482,0.04886903714966062,0.2138888888888889,0.10555555555555562,0.1972222222222222,0.4388888888888889,0.17777777777777776,0.20277777777777783,0.3416666666666666,0.25277777777777777,0.0444444444444444,0.10555555555555557,0.19999999999999996
cvae\fold0\cvae_z8_seed43,subject35,120,86,1.1102230246251565e-16,0,5,0,0.38586382696280674,0.06623309538424993,0.2457364341085272,0.4170542635658915,0.47441860465116276,0.18313953488372092,0.20232558139534887,0.2005813953488372,0.23527131782945734,0.18372093023255814,0.08837209302325577,0.15406976744186052,0.22558139534883723
cvae\fold0\cvae_z8_seed44,subject05,120,90,1.1102230246251565e-16,0,0,0,0.23362662652729327,0.039647581903125007,0.19722222222222222,0.30000000000000004,0.15000000000000002,0.3388888888888889,0.2555555555555556,0.2277777777777778,0.2611111111111111,0.33055555555555555,0.002777777777777768,0.18055555555555547,0.24166666666666664
cvae\fold0\cvae_z8_seed44,subject13,120,90,1.5612511283791264e-16,0,2,0,0.18256430098493182,0.028525949453110044,0.2,0.16388888888888886,0.12222222222222223,0.1527777777777778,0.23333333333333334,0.23333333333333334,0.38055555555555554,0.35277777777777775,0.011111111111111072,0.11666666666666664,0.2361111111111111
cvae\fold0\cvae_z8_seed44,subject19,120,90,1.249000902703301e-16,0,1,0,0.11535075497176939,0.01390568071983922,0.21388888888888885,0.2444444444444444,0.09722222222222224,0.11388888888888893,0.16666666666666669,0.1388888888888889,0.3138888888888889,0.21666666666666667,0.0,0.10555555555555562,0.1472222222222222
cvae\fold0\cvae_z8_seed44,subject24,120,90,1.491862189340054e-16,0,2,0,0.1727541536024777,0.02070418345819225,0.20277777777777778,0.2222222222222222,0.2583333333333334,0.12777777777777782,0.23055555555555562,0.23333333333333334,0.13055555555555554,0.12777777777777777,0.030555555555555558,0.10555555555555557,0.2444444444444444
cvae\fold0\cvae_z8_seed44,subject27,120,90,1.465841337200402e-16,0,0,0,0.5135483838588146,0.10017792290029348,0.5972222222222222,0.3555555555555555,0.5388888888888889,0.37222222222222223,0.10555555555555557,0.12777777777777777,0.09166666666666667,0.09166666666666667,0.005555555555555647,0.19444444444444448,0.14444444444444443
cvae\fold0\cvae_z8_seed44,subject34,120,90,6.938893903907228e-17,0,3,0,0.37907251117757523,0.06970912709382471,0.17500000000000004,0.12777777777777777,0.125,0.5027777777777778,0.2611111111111111,0.2944444444444444,0.3083333333333333,0.28055555555555556,0.036111111111111094,0.09166666666666667,0.28055555555555556
cvae\fold0\cvae_z8_seed44,subject35,120,86,1.1102230246251565e-16,0,8,0,0.549227151990892,0.09496719202483561,0.2624031007751938,0.44031007751937984,0.6300387596899224,0.16666666666666669,0.15930232558139534,0.12112403100775193,0.1686046511627907,0.16705426356589148,0.04670542635658914,0.15406976744186052,0.13197674418604652
cvae\fold1\cvae_z2_seed42,subject08,120,90,2.220446049250313e-16,0,10,0,3.3894598248239944,0.6367438614284725,0.5277777777777777,0.7666666666666666,0.7305555555555556,0.7388888888888888,0.7333333333333334,0.35,0.8888888888888888,0.7361111111111112,0.2138888888888889,0.3583333333333333,0.34444444444444444
cvae\fold1\cvae_z2_seed42,subject18,120,90,1.1102230246251565e-16,0,0,0,1.7959148221526449,0.31907890418818197,0.3611111111111111,0.525,0.6083333333333334,0.38888888888888884,0.4388888888888889,0.3277777777777777,0.7138888888888889,0.6944444444444444,0.011111111111111072,0.5166666666666666,0.2972222222222223
cvae\fold1\cvae_z2_seed42,subject23,120,90,1.1102230246251565e-16,0,0,0,0.5826301026145129,0.10673267639036532,0.12777777777777782,0.13611111111111118,0.32777777777777783,0.45,0.35555555555555557,0.40833333333333327,0.4,0.12777777777777777,0.2222222222222222,0.19722222222222222,0.4027777777777778
cvae\fold1\cvae_z2_seed42,subject25,120,90,8.326672684688674e-17,0,1,0,1.1331340539513146,0.2079563399254083,0.2333333333333334,0.19166666666666665,0.20833333333333337,0.34166666666666673,0.375,0.21944444444444444,0.7638888888888888,0.7194444444444444,0.4027777777777778,0.41388888888888886,0.2416666666666667
cvae\fold1\cvae_z2_seed42,subject26,120,90,2.220446049250313e-16,0,0,0,1.4713529940602479,0.23078931993170648,0.13055555555555554,0.24444444444444444,0.2305555555555555,0.16388888888888892,0.7250000000000001,0.6111111111111112,0.6972222222222222,0.6333333333333333,0.07777777777777772,0.19999999999999998,0.625
cvae\fold1\cvae_z2_seed42,subject41,120,13,1.1102230246251565e-16,0,0,0,1.6642924847289886,0.17776576634487573,0.40897435897435896,0.3923076923076923,0.27115384615384613,0.49679487179487175,0.23205128205128206,0.3442307692307693,0.5570512820512821,0.42820512820512824,0.15384615384615385,0.4275641025641026,0.5192307692307693
cvae\fold1\cvae_z2_seed42,subject43,120,90,5.551115123125783e-17,0,0,0,0.40429369399174453,0.07655353406260312,0.17500000000000002,0.32500000000000007,0.35277777777777775,0.5083333333333333,0.2861111111111111,0.24444444444444446,0.21111111111111108,0.1416666666666666,0.011111111111111072,0.11111111111111105,0.22777777777777775
cvae\fold1\cvae_z2_seed43,subject08,120,90,1.1102230246251565e-16,0,12,0,2.50350774046605,0.4820822664907012,0.5055555555555555,0.6166666666666667,0.5805555555555555,0.5750000000000001,0.5305555555555556,0.3861111111111112,0.8555555555555556,0.6444444444444445,0.09722222222222221,0.3416666666666667,0.4305555555555556
cvae\fold1\cvae_z2_seed43,subject18,120,90,1.1102230246251565e-16,0,0,0,1.7427245466816297,0.3223674182021533,0.2444444444444444,0.5,0.6083333333333334,0.2694444444444445,0.475,0.3777777777777778,0.6472222222222223,0.7,0.002777777777777768,0.5,0.36111111111111105
cvae\fold1\cvae_z2_seed43,subject23,120,90,1.1102230246251565e-16,0,0,0,0.6561892249520884,0.12285819843861912,0.20833333333333337,0.1027777777777778,0.32499999999999996,0.6083333333333334,0.3388888888888889,0.3972222222222222,0.35,0.16944444444444445,0.2222222222222222,0.15833333333333333,0.3916666666666666
cvae\fold1\cvae_z2_seed43,subject25,120,90,1.1102230246251565e-16,0,1,0,1.031452819792053,0.2009812862865602,0.2222222222222222,0.2583333333333334,0.2583333333333333,0.30000000000000004,0.4972222222222222,0.33611111111111114,0.7111111111111111,0.6027777777777777,0.3944444444444444,0.3611111111111111,0.29722222222222217
cvae\fold1\cvae_z2_seed43,subject26,120,90,1.1102230246251565e-16,0,0,0,1.410830388816847,0.22920581325430656,0.18333333333333324,0.22777777777777777,0.25000000000000006,0.2944444444444444,0.7250000000000001,0.6333333333333333,0.6472222222222223,0.5916666666666666,0.061111111111111005,0.2694444444444444,0.6333333333333333
cvae\fold1\cvae_z2_seed43,subject41,120,13,1.1102230246251565e-16,0,0,0,1.5746117156002164,0.16786643647602884,0.48205128205128206,0.3173076923076923,0.27115384615384613,0.5217948717948717,0.3320512820512821,0.40256410256410263,0.45705128205128204,0.3865384615384616,0.15384615384615385,0.4525641025641026,0.5608974358974359
cvae\fold1\cvae_z2_seed43,subject43,120,90,8.326672684688674e-17,0,0,0,0.33158821631123514,0.060113054456290005,0.1972222222222222,0.27222222222222225,0.29444444444444445,0.36666666666666664,0.23888888888888882,0.23611111111111113,0.17222222222222222,0.16666666666666663,0.011111111111111072,0.09166666666666667,0.2583333333333333
cvae\fold1\cvae_z2_seed44,subject08,120,90,1.1102230246251565e-16,0,9,0,2.7349084005923787,0.5124862830660911,0.5305555555555556,0.6388888888888888,0.6055555555555555,0.6305555555555555,0.6694444444444445,0.2583333333333333,0.8555555555555556,0.6694444444444445,0.18888888888888888,0.375,0.2555555555555556
cvae\fold1\cvae_z2_seed44,subject18,120,90,2.220446049250313e-16,0,0,0,1.9416293775444413,0.349617969525308,0.3666666666666667,0.5861111111111111,0.7083333333333334,0.2944444444444444,0.4305555555555556,0.33888888888888885,0.7805555555555557,0.7722222222222221,0.002777777777777768,0.4277777777777778,0.2944444444444444
cvae\fold1\cvae_z2_seed44,subject23,120,90,8.326672684688674e-17,0,0,0,0.4678026819373864,0.07941709130347419,0.14444444444444438,0.09444444444444444,0.2361111111111111,0.4666666666666666,0.25,0.32777777777777783,0.45833333333333337,0.18611111111111112,0.2222222222222222,0.22222222222222227,0.32499999999999996
cvae\fold1\cvae_z2_seed44,subject25,120,90,2.220446049250313e-16,0,0,0,1.2017216283924235,0.21411771485736442,0.2111111111111111,0.32500000000000007,0.0888888888888889,0.4166666666666667,0.3972222222222222,0.22777777777777775,0.7416666666666667,0.6611111111111111,0.3944444444444444,0.3555555555555555,0.2055555555555555
cvae\fold1\cvae_z2_seed44,subject26,120,90,2.220446049250313e-16,0,0,0,1.6322004412426465,0.26138509402607446,0.18333333333333335,0.16944444444444445,0.3055555555555556,0.1777777777777777,0.7166666666666666,0.625,0.7583333333333333,0.675,0.07777777777777772,0.2777777777777778,0.625
cvae\fold1\cvae_z2_seed44,subject41,120,13,1.1102230246251565e-16,0,0,0,1.4644877896521011,0.13762892536739157,0.432051282051282,0.3076923076923077,0.2378205128205128,0.49679487179487175,0.16474358974358982,0.27756410256410263,0.5737179487179487,0.44487179487179485,0.14551282051282055,0.43589743589743596,0.4192307692307693
cvae\fold1\cvae_z2_seed44,subject43,120,90,1.1102230246251565e-16,0,0,0,0.45301227919730813,0.08553839047603318,0.2333333333333333,0.34444444444444444,0.3277777777777778,0.4666666666666666,0.23888888888888882,0.21111111111111114,0.2861111111111111,0.2138888888888889,0.011111111111111072,0.1638888888888889,0.2
cvae\fold1\cvae_z3_seed42,subject08,120,90,1.1102230246251565e-16,0,8,0,2.858002874850647,0.5140259673250326,0.37222222222222223,0.6972222222222222,0.825,0.6944444444444444,0.2666666666666667,0.38055555555555554,0.7277777777777777,0.6361111111111111,0.002777777777777768,0.3583333333333333,0.37222222222222223
cvae\fold1\cvae_z3_seed42,subject18,120,90,1.1102230246251565e-16,0,0,0,1.3311394636841718,0.24410665857924319,0.26944444444444443,0.5138888888888888,0.6333333333333334,0.18611111111111112,0.2944444444444444,0.2222222222222222,0.5888888888888888,0.6083333333333334,0.011111111111111072,0.3416666666666667,0.21944444444444441
cvae\fold1\cvae_z3_seed42,subject23,120,90,1.1102230246251565e-16,0,1,0,0.40721198870736286,0.06651786825877615,0.12777777777777777,0.10833333333333339,0.28055555555555556,0.41944444444444445,0.31666666666666665,0.37777777777777777,0.37222222222222223,0.12777777777777777,0.2222222222222222,0.16388888888888886,0.3805555555555556
cvae\fold1\cvae_z3_seed42,subject25,120,90,1.1102230246251565e-16,0,2,0,0.8846997753513319,0.16607984680820298,0.24444444444444446,0.37222222222222223,0.18055555555555547,0.23333333333333334,0.3805555555555555,0.19999999999999998,0.6694444444444444,0.5611111111111111,0.3111111111111111,0.38055555555555554,0.2138888888888889
cvae\fold1\cvae_z3_seed42,subject26,120,90,1.1102230246251565e-16,0,6,0,1.577302226723611,0.24761209930491457,0.14166666666666672,0.16111111111111112,0.26666666666666666,0.09722222222222221,0.6833333333333333,0.575,0.7361111111111112,0.7250000000000001,0.07777777777777772,0.23055555555555554,0.5833333333333333
cvae\fold1\cvae_z3_seed42,subject41,120,13,2.220446049250313e-16,0,6,0,1.6793342862422884,0.17922138812548427,0.507051282051282,0.43397435897435893,0.3294871794871795,0.4634615384615384,0.3320512820512821,0.43589743589743596,0.458974358974359,0.34487179487179487,0.12884615384615383,0.4775641025641026,0.5775641025641026
cvae\fold1\cvae_z3_seed42,subject43,120,90,1.1102230246251565e-16,0,0,0,0.34310294677759945,0.06254655538267839,0.25,0.3277777777777777,0.3138888888888889,0.3388888888888889,0.22222222222222227,0.2527777777777777,0.2138888888888889,0.13333333333333341,0.011111111111111072,0.14999999999999997,0.26666666666666666
cvae\fold1\cvae_z3_seed43,subject08,120,90,9.71445146547012e-17,0,12,0,2.393556569429508,0.4129194107783021,0.5055555555555555,0.7694444444444445,0.7638888888888888,0.4472222222222222,0.1166666666666667,0.4111111111111111,0.5222222222222223,0.40277777777777773,0.047222222222222276,0.42500000000000004,0.4000000000000001
cvae\fold1\cvae_z3_seed43,subject18,120,90,1.1102230246251565e-16,0,0,0,1.1969810506630956,0.21209069284973947,0.2222222222222222,0.5,0.5833333333333334,0.3277777777777778,0.2944444444444444,0.22777777777777775,0.5638888888888889,0.5583333333333333,0.011111111111111072,0.3055555555555556,0.1972222222222223
cvae\fold1\cvae_z3_seed43,subject23,120,90,1.1102230246251565e-16,0,2,0,0.314438667107503,0.04837306064286662,0.09444444444444444,0.11111111111111116,0.25,0.3416666666666666,0.22777777777777775,0.31666666666666665,0.3861111111111111,0.18333333333333332,0.2138888888888889,0.1972222222222222,0.32222222222222224
cvae\fold1\cvae_z3_seed43,subject25,120,90,1.1102230246251565e-16,0,11,0,1.061322911877972,0.18698054441672307,0.2138888888888888,0.2277777777777778,0.19722222222222224,0.4444444444444444,0.3611111111111111,0.19166666666666665,0.5833333333333333,0.5777777777777778,0.3944444444444444,0.1972222222222222,0.1777777777777777
cvae\fold1\cvae_z3_seed43,subject26,120,90,1.1102230246251565e-16,0,5,0,1.4280004836639413,0.21522526809806275,0.1972222222222222,0.16944444444444445,0.26666666666666666,0.14444444444444443,0.6833333333333333,0.5555555555555556,0.6416666666666666,0.5888888888888888,0.0527777777777777,0.21944444444444444,0.55
cvae\fold1\cvae_z3_seed43,subject41,120,13,1.3877787807814457e-16,0,3,0,1.3175222195839802,0.10340501858321327,0.3820512820512821,0.32564102564102565,0.18782051282051282,0.4717948717948718,0.18974358974358985,0.23589743589743595,0.49230769230769234,0.3948717948717949,0.14551282051282055,0.317948717948718,0.3673076923076923
cvae\fold1\cvae_z3_seed43,subject43,120,90,3.0531133177191805e-16,0,0,0,0.25171377658518823,0.040721947322114205,0.18611111111111112,0.29444444444444445,0.30277777777777776,0.3472222222222222,0.14166666666666666,0.16666666666666663,0.2388888888888889,0.175,0.011111111111111072,0.1111111111111111,0.18888888888888888
cvae\fold1\cvae_z3_seed44,subject08,120,90,1.734723475976807e-16,0,17,0,3.02676580662016,0.5639226017390891,0.5805555555555556,0.6416666666666666,0.8555555555555556,0.7083333333333334,0.1527777777777778,0.6194444444444445,0.6527777777777778,0.5388888888888889,0.03888888888888897,0.44999999999999996,0.6222222222222222
cvae\fold1\cvae_z3_seed44,subject18,120,90,1.465841337200402e-16,0,0,0,1.2178751835509214,0.21829213039194084,0.23333333333333336,0.5249999999999999,0.5916666666666666,0.26111111111111107,0.3277777777777777,0.2222222222222222,0.5305555555555556,0.5333333333333334,0.005555555555555647,0.38888888888888884,0.20833333333333337
cvae\fold1\cvae_z3_seed44,subject23,120,90,1.1102230246251565e-16,0,0,0,0.41823950596380355,0.06481794503746141,0.18611111111111112,0.13611111111111118,0.26944444444444443,0.4166666666666667,0.2972222222222222,0.36111111111111116,0.325,0.1,0.2138888888888889,0.125,0.3638888888888889
cvae\fold1\cvae_z3_seed44,subject25,120,90,5.551115123125783e-17,0,2,0,0.8168918218439019,0.14194174399536286,0.25277777777777777,0.2611111111111111,0.23055555555555557,0.275,0.30277777777777776,0.1416666666666666,0.6361111111111111,0.5138888888888888,0.36111111111111105,0.3694444444444444,0.14444444444444446
cvae\fold1\cvae_z3_seed44,subject26,120,90,1.1102230246251565e-16,0,3,0,1.3796933338084076,0.21020999220182746,0.18611111111111112,0.19444444444444445,0.25833333333333336,0.12222222222222223,0.6333333333333333,0.5333333333333334,0.6194444444444445,0.6083333333333334,0.06944444444444442,0.2361111111111111,0.5249999999999999
cvae\fold1\cvae_z3_seed44,subject41,120,13,1.6653345369377348e-16,0,3,0,1.4422138397300772,0.13035067211845242,0.48205128205128206,0.3698717948717949,0.26282051282051283,0.48846153846153845,0.31474358974358985,0.40256410256410263,0.42820512820512824,0.2865384615384615,0.14551282051282055,0.3096153846153846,0.5025641025641026
cvae\fold1\cvae_z3_seed44,subject43,120,90,8.326672684688674e-17,0,1,0,0.2584837465566938,0.04255872503216962,0.18888888888888888,0.275,0.27222222222222225,0.40555555555555556,0.18333333333333335,0.21944444444444444,0.19999999999999998,0.125,0.011111111111111072,0.11111111111111116,0.24166666666666664
cvae\fold1\cvae_z4_seed42,subject08,120,90,4.440892098500626e-16,0,1,0,3.1088141449974516,0.50312933494638,0.2777777777777778,0.8805555555555555,0.8666666666666667,0.5694444444444444,0.10555555555555557,0.47777777777777775,0.7611111111111111,0.6027777777777777,0.06388888888888888,0.2666666666666667,0.46388888888888896
cvae\fold1\cvae_z4_seed42,subject18,120,90,8.326672684688674e-17,0,0,0,1.0555540156657566,0.1812304907322937,0.1611111111111111,0.4333333333333333,0.525,0.21944444444444444,0.24722222222222223,0.16666666666666669,0.6305555555555555,0.6166666666666667,0.011111111111111072,0.27222222222222225,0.1611111111111111
cvae\fold1\cvae_z4_seed42,subject23,120,90,8.326672684688674e-17,0,2,0,0.2746296986754766,0.04323789995327787,0.21944444444444444,0.1611111111111111,0.2611111111111111,0.3416666666666666,0.18055555555555558,0.23611111111111116,0.36388888888888893,0.20833333333333334,0.2222222222222222,0.18888888888888888,0.23888888888888887
cvae\fold1\cvae_z4_seed42,subject25,120,90,1.1102230246251565e-16,0,3,0,0.7542904130959207,0.13777564717118174,0.23611111111111105,0.39722222222222225,0.16666666666666669,0.17777777777777776,0.39444444444444443,0.2666666666666667,0.6333333333333333,0.5111111111111111,0.36111111111111105,0.19444444444444445,0.275
cvae\fold1\cvae_z4_seed42,subject26,120,90,1.1102230246251565e-16,0,3,0,1.7235106925225474,0.2491210823236969,0.15833333333333333,0.25277777777777777,0.2055555555555556,0.0888888888888888,0.7166666666666666,0.6305555555555555,0.7055555555555555,0.675,0.0527777777777777,0.21111111111111114,0.6388888888888888
cvae\fold1\cvae_z4_seed42,subject41,120,13,1.1102230246251565e-16,0,4,0,1.4195769881185578,0.1272087187981371,0.4506410256410256,0.4506410256410256,0.3378205128205128,0.4551282051282051,0.18205128205128207,0.3442307692307693,0.4115384615384615,0.2782051282051282,0.15384615384615385,0.3858974358974359,0.4692307692307693
cvae\fold1\cvae_z4_seed42,subject43,120,90,1.3877787807814457e-16,0,0,0,0.21971159381059424,0.03314937727811085,0.1416666666666667,0.33055555555555555,0.36111111111111116,0.2583333333333333,0.18888888888888894,0.2194444444444444,0.275,0.24444444444444446,0.011111111111111072,0.07777777777777778,0.24166666666666664
cvae\fold1\cvae_z4_seed43,subject08,120,90,1.6653345369377348e-16,0,1,0,2.4636345707520264,0.4203151674640301,0.3833333333333333,0.7861111111111111,0.75,0.5527777777777778,0.10833333333333334,0.5444444444444445,0.6416666666666666,0.4638888888888889,0.047222222222222276,0.24722222222222223,0.5472222222222222
cvae\fold1\cvae_z4_seed43,subject18,120,90,1.1102230246251565e-16,0,0,0,1.021722866580141,0.18061901980930894,0.3277777777777777,0.4666666666666667,0.5416666666666667,0.06944444444444445,0.18055555555555547,0.18333333333333335,0.5972222222222223,0.6027777777777777,0.002777777777777768,0.29722222222222217,0.18611111111111112
cvae\fold1\cvae_z4_seed43,subject23,120,90,8.326672684688674e-17,0,0,0,0.36477474384159203,0.06365767025155389,0.15555555555555556,0.2250000000000001,0.37777777777777777,0.3138888888888889,0.24166666666666664,0.3194444444444445,0.3611111111111111,0.25277777777777777,0.2222222222222222,0.25833333333333336,0.3055555555555556
cvae\fold1\cvae_z4_seed43,subject25,120,90,1.1102230246251565e-16,0,2,0,0.6096867907629888,0.11353032507056138,0.21944444444444444,0.36388888888888893,0.23055555555555557,0.06666666666666665,0.4222222222222223,0.33333333333333337,0.5777777777777778,0.4527777777777777,0.3944444444444444,0.18333333333333332,0.30833333333333335
cvae\fold1\cvae_z4_seed43,subject26,120,90,1.1102230246251565e-16,0,1,0,1.663101213957543,0.23313271425144289,0.11388888888888889,0.22777777777777777,0.3305555555555555,0.19444444444444442,0.675,0.6138888888888888,0.7472222222222222,0.7305555555555556,0.0527777777777777,0.3138888888888889,0.6083333333333334
cvae\fold1\cvae_z4_seed43,subject41,120,13,1.1102230246251565e-16,0,2,0,1.4431056365319108,0.13203340232818506,0.41923076923076924,0.5006410256410256,0.4378205128205128,0.4301282051282051,0.1480769230769231,0.24423076923076925,0.4673076923076923,0.2865384615384615,0.12884615384615383,0.37820512820512825,0.3775641025641026
cvae\fold1\cvae_z4_seed43,subject43,120,90,1.3877787807814457e-16,0,0,0,0.26710968392298495,0.041598440464686415,0.14722222222222225,0.32222222222222224,0.36111111111111116,0.11111111111111105,0.22222222222222227,0.2583333333333333,0.3416666666666667,0.25555555555555554,0.011111111111111072,0.20277777777777783,0.26666666666666666
cvae\fold1\cvae_z4_seed44,subject08,120,90,1.734723475976807e-16,0,3,0,2.647103986885039,0.4801742469287409,0.5111111111111111,0.7777777777777778,0.6805555555555556,0.5694444444444444,0.16666666666666663,0.4111111111111111,0.675,0.586111111111111,0.03888888888888897,0.33055555555555555,0.3972222222222222
cvae\fold1\cvae_z4_seed44,subject18,120,90,1.1102230246251565e-16,0,0,0,1.2403188331033168,0.22687040203069697,0.2861111111111111,0.5249999999999999,0.6166666666666667,0.1611111111111111,0.2138888888888889,0.20833333333333334,0.5805555555555555,0.6027777777777777,0.011111111111111072,0.3777777777777778,0.21944444444444444
cvae\fold1\cvae_z4_seed44,subject23,120,90,8.326672684688674e-17,0,1,0,0.43349348026121115,0.0690095459003286,0.33333333333333337,0.18611111111111112,0.25,0.325,0.25,0.32777777777777783,0.4083333333333333,0.225,0.2222222222222222,0.16666666666666669,0.33611111111111114
cvae\fold1\cvae_z4_seed44,subject25,120,90,1.1102230246251565e-16,0,1,0,0.8171255959490025,0.15421118798864686,0.3222222222222222,0.31111111111111117,0.1694444444444444,0.13611111111111107,0.41666666666666663,0.2833333333333333,0.6666666666666667,0.5638888888888889,0.35277777777777775,0.22777777777777777,0.2666666666666667
cvae\fold1\cvae_z4_seed44,subject26,120,90,1.1102230246251565e-16,0,1,0,1.6402703886806056,0.25351904397555003,0.30833333333333335,0.1777777777777778,0.3166666666666667,0.1638888888888889,0.7083333333333333,0.6333333333333333,0.7333333333333334,0.7055555555555555,0.06944444444444442,0.275,0.6333333333333333
cvae\fold1\cvae_z4_seed44,subject41,120,13,1.3877787807814457e-16,0,2,0,1.4953732803894622,0.13819533669413053,0.6089743589743589,0.45897435897435895,0.3211538461538461,0.4717948717948718,0.17307692307692313,0.27756410256410263,0.42564102564102557,0.31153846153846154,0.13717948717948714,0.33397435897435895,0.41089743589743594
cvae\fold1\cvae_z4_seed44,subject43,120,90,5.551115123125783e-17,0,0,0,0.33050328535688767,0.057811189294318055,0.3861111111111111,0.37222222222222223,0.3333333333333333,0.23333333333333328,0.2305555555555555,0.2583333333333333,0.275,0.24166666666666664,0.011111111111111072,0.10555555555555551,0.2833333333333333
cvae\fold1\cvae_z8_seed42,subject08,120,90,1.1102230246251565e-16,0,15,0,1.3749342650877283,0.24099504502477764,0.4222222222222223,0.5916666666666666,0.775,0.28611111111111115,0.3472222222222222,0.24722222222222223,0.41111111111111115,0.3277777777777778,0.022222222222222254,0.13055555555555556,0.2666666666666667
cvae\fold1\cvae_z8_seed42,subject18,120,90,1.465841337200402e-16,0,0,0,0.6757471965259207,0.11651701218117527,0.25277777777777777,0.5027777777777778,0.5416666666666667,0.1694444444444444,0.18055555555555555,0.19166666666666668,0.3638888888888889,0.36111111111111116,0.005555555555555647,0.16944444444444445,0.20277777777777778
cvae\fold1\cvae_z8_seed42,subject23,120,90,1.3877787807814457e-16,0,0,0,0.1588149130015566,0.021089954499144525,0.19444444444444448,0.20277777777777783,0.2611111111111111,0.27499999999999997,0.09166666666666667,0.08611111111111111,0.22222222222222232,0.09999999999999998,0.1972222222222222,0.12222222222222223,0.10833333333333335
cvae\fold1\cvae_z8_seed42,subject25,120,90,1.1102230246251565e-16,0,3,0,0.4383517306551554,0.06363919449757183,0.28888888888888886,0.19444444444444448,0.14444444444444446,0.25,0.34444444444444444,0.26388888888888895,0.38888888888888884,0.30277777777777776,0.36944444444444446,0.13333333333333341,0.24444444444444446
cvae\fold1\cvae_z8_seed42,subject26,120,90,1.3877787807814457e-16,0,3,0,0.9994013172263512,0.13971464575889314,0.20833333333333337,0.11944444444444444,0.2055555555555556,0.14166666666666672,0.5027777777777778,0.3805555555555555,0.5638888888888889,0.5416666666666667,0.0527777777777777,0.15833333333333344,0.38055555555555554
cvae\fold1\cvae_z8_seed42,subject41,120,13,5.551115123125783e-17,0,6,0,1.1475752674376474,0.07097102454363491,0.47371794871794864,0.4506410256410256,0.25448717948717947,0.3717948717948718,0.41089743589743594,0.26089743589743586,0.41987179487179493,0.33653846153846156,0.10384615384615381,0.34294871794871795,0.2442307692307692
cvae\fold1\cvae_z8_seed42,subject43,120,90,1.1102230246251565e-16,0,0,0,0.15827256553061808,0.0209175003255192,0.18333333333333332,0.28888888888888886,0.2277777777777778,0.19999999999999996,0.13333333333333336,0.1694444444444444,0.17222222222222228,0.10833333333333328,0.011111111111111072,0.08611111111111114,0.18888888888888888
cvae\fold1\cvae_z8_seed43,subject08,120,90,1.1102230246251565e-16,0,3,0,1.5551350380432587,0.2764587846055183,0.3194444444444445,0.7000000000000001,0.8722222222222222,0.2777777777777778,0.3111111111111111,0.1694444444444444,0.4944444444444444,0.3194444444444445,0.0888888888888889,0.06944444444444442,0.17222222222222228
cvae\fold1\cvae_z8_seed43,subject18,120,90,8.326672684688674e-17,0,0,0,0.6118714536062133,0.10325606048849012,0.2444444444444444,0.4833333333333333,0.5,0.19722222222222224,0.18888888888888888,0.20833333333333334,0.3305555555555555,0.4333333333333333,0.011111111111111072,0.10833333333333334,0.2111111111111111
cvae\fold1\cvae_z8_seed43,subject23,120,90,6.938893903907228e-17,0,0,0,0.101297765045679,0.010829933839351602,0.18611111111111112,0.11111111111111116,0.23055555555555557,0.21944444444444444,0.13055555555555554,0.10000000000000003,0.30277777777777776,0.13055555555555548,0.2222222222222222,0.15833333333333333,0.09166666666666667
cvae\fold1\cvae_z8_seed43,subject25,120,90,1.1102230246251565e-16,0,4,0,0.49941807377672287,0.07348340770862727,0.26388888888888884,0.3138888888888889,0.2694444444444445,0.2111111111111111,0.2361111111111111,0.14722222222222214,0.4083333333333333,0.36111111111111116,0.35277777777777775,0.16666666666666663,0.13888888888888884
cvae\fold1\cvae_z8_seed43,subject26,120,90,1.942890293094024e-16,0,2,0,0.8570017529925247,0.12209221604385989,0.20833333333333337,0.11944444444444444,0.08611111111111114,0.13888888888888884,0.43333333333333335,0.29166666666666663,0.5694444444444444,0.5249999999999999,0.0527777777777777,0.16944444444444445,0.2972222222222223
cvae\fold1\cvae_z8_seed43,subject41,120,13,1.1102230246251565e-16,0,1,0,1.1659228743923244,0.07117733453200226,0.47371794871794864,0.3615384615384616,0.18782051282051282,0.4551282051282051,0.3525641025641026,0.21923076923076923,0.3903846153846154,0.31153846153846154,0.12051282051282053,0.33461538461538465,0.20256410256410257
cvae\fold1\cvae_z8_seed43,subject43,120,90,9.194034422677078e-17,0,0,0,0.12055805530609787,0.009410932529987592,0.12777777777777777,0.23055555555555557,0.20277777777777778,0.19166666666666665,0.175,0.1611111111111111,0.12222222222222223,0.11111111111111105,0.011111111111111072,0.09444444444444444,0.18888888888888888
cvae\fold1\cvae_z8_seed44,subject08,120,90,1.5092094240998222e-16,0,11,0,1.8248109494229143,0.3241132693198726,0.4194444444444445,0.75,0.8944444444444444,0.1527777777777778,0.4166666666666667,0.3138888888888889,0.4527777777777778,0.29722222222222217,0.01388888888888895,0.08333333333333337,0.3333333333333333
cvae\fold1\cvae_z8_seed44,subject18,120,90,1.1102230246251565e-16,0,0,0,0.594641040860413,0.10183607188598232,0.2666666666666667,0.5166666666666666,0.48333333333333334,0.2777777777777778,0.18888888888888888,0.2,0.3055555555555556,0.3305555555555555,0.011111111111111072,0.1333333333333333,0.2444444444444444
cvae\fold1\cvae_z8_seed44,subject23,120,90,9.71445146547012e-17,0,1,0,0.21903606476723647,0.03565292126416675,0.16111111111111115,0.1333333333333333,0.35833333333333334,0.3,0.10833333333333339,0.061111111111111116,0.27777777777777773,0.16666666666666666,0.18055555555555558,0.08055555555555555,0.061111111111111116
cvae\fold1\cvae_z8_seed44,subject25,120,90,1.8735013540549517e-16,0,2,0,0.4125277815576638,0.059248399002473584,0.26111111111111107,0.2333333333333334,0.175,0.25277777777777777,0.21666666666666667,0.14166666666666666,0.3833333333333333,0.3194444444444445,0.3111111111111111,0.16666666666666663,0.1111111111111111
cvae\fold1\cvae_z8_seed44,subject26,120,90,1.6653345369377348e-16,0,2,0,0.7946042137063367,0.10982185376941345,0.20000000000000007,0.12222222222222223,0.13888888888888895,0.1611111111111111,0.43333333333333335,0.28888888888888886,0.5416666666666667,0.5305555555555556,0.036111111111111094,0.19166666666666676,0.2916666666666667
cvae\fold1\cvae_z8_seed44,subject41,120,13,2.220446049250313e-16,0,1,0,1.0051409765948587,0.04202976157253557,0.36730769230769234,0.43397435897435893,0.27115384615384613,0.3051282051282051,0.31089743589743585,0.19999999999999996,0.4403846153846153,0.3698717948717949,0.13717948717948714,0.29294871794871796,0.20641025641025645
cvae\fold1\cvae_z8_seed44,subject43,120,90,1.249000902703301e-16,0,0,0,0.1759657127335026,0.02357281583188353,0.20277777777777778,0.3972222222222222,0.25555555555555554,0.25555555555555554,0.16944444444444445,0.175,0.10555555555555562,0.061111111111111116,0.011111111111111072,0.08055555555555549,0.19999999999999998
cvae\fold2\cvae_z2_seed42,subject01,120,90,4.440892098500626e-16,0,4,0,0.5099169239136834,0.10152208449770705,0.13888888888888884,0.20833333333333334,0.20277777777777772,0.3694444444444444,0.4388888888888889,0.4666666666666666,0.34166666666666673,0.06388888888888888,0.025000000000000022,0.11388888888888887,0.44999999999999996
cvae\fold2\cvae_z2_seed42,subject04,120,90,1.1102230246251565e-16,0,0,0,0.4211896016005938,0.0840569945774976,0.18611111111111112,0.2666666666666667,0.20833333333333334,0.44999999999999996,0.35,0.3944444444444444,0.23888888888888893,0.17222222222222228,0.0,0.1916666666666667,0.4083333333333333
cvae\fold2\cvae_z2_seed42,subject10,120,90,9.71445146547012e-17,0,0,0,0.4848982569894704,0.09446364935534157,0.29722222222222217,0.4444444444444445,0.37222222222222223,0.12777777777777777,0.32777777777777783,0.3083333333333333,0.125,0.1166666666666667,0.022222222222222254,0.11944444444444445,0.3333333333333333
cvae\fold2\cvae_z2_seed42,subject12,120,90,1.1102230246251565e-16,0,1,0,1.014672157874156,0.19033619867972618,0.23333333333333336,0.5833333333333334,0.6472222222222223,0.2138888888888889,0.1694444444444444,0.2583333333333333,0.5166666666666666,0.42777777777777776,0.0,0.1638888888888889,0.2611111111111111
cvae\fold2\cvae_z2_seed42,subject15,120,89,1.1102230246251565e-16,0,1,0,0.448872178142973,0.08853459865829161,0.23829588014981268,0.4376404494382022,0.4405430711610486,0.2308988764044944,0.15524344569288395,0.1298689138576779,0.3890449438202247,0.2838951310861423,0.1348314606741573,0.11872659176029965,0.1715355805243446
cvae\fold2\cvae_z2_seed42,subject21,120,90,1.1102230246251565e-16,0,3,0,1.2500288643679989,0.25392687000942005,0.23888888888888893,0.42499999999999993,0.4083333333333334,0.3833333333333333,0.461111111111111,0.5833333333333333,0.7333333333333334,0.6416666666666666,0.019444444444444375,0.08611111111111111,0.6000000000000001
cvae\fold2\cvae_z2_seed42,subject36,120,90,1.1102230246251565e-16,0,1,0,0.8011160700056319,0.16188201706975902,0.2305555555555555,0.24166666666666664,0.33055555555555555,0.37222222222222223,0.19444444444444442,0.18333333333333335,0.7083333333333334,0.7138888888888888,0.0,0.23333333333333328,0.17222222222222228
cvae\fold2\cvae_z2_seed43,subject01,120,90,5.551115123125783e-17,0,7,0,0.4921876680079378,0.0959422488458429,0.15833333333333333,0.18333333333333335,0.28888888888888886,0.31666666666666665,0.4444444444444445,0.49166666666666664,0.37222222222222223,0.1333333333333333,0.025000000000000022,0.14166666666666666,0.49166666666666664
cvae\fold2\cvae_z2_seed43,subject04,120,90,1.942890293094024e-16,0,3,0,0.28619239364890614,0.05204613781977541,0.15000000000000002,0.22777777777777775,0.19722222222222224,0.3583333333333333,0.2972222222222223,0.3444444444444445,0.31666666666666665,0.23888888888888893,0.0,0.16388888888888886,0.3388888888888889
cvae\fold2\cvae_z2_seed43,subject10,120,90,1.5092094240998222e-16,0,1,0,0.5608338566780198,0.11155522278377628,0.17222222222222225,0.5666666666666667,0.4305555555555555,0.18055555555555547,0.35555555555555557,0.3416666666666666,0.06944444444444445,0.08333333333333337,0.01388888888888895,0.1527777777777778,0.3527777777777778
cvae\fold2\cvae_z2_seed43,subject12,120,90,8.326672684688674e-17,0,0,0,1.086947867628846,0.210115178537977,0.1444444444444445,0.6166666666666667,0.6916666666666667,0.3055555555555555,0.10833333333333334,0.16666666666666669,0.4805555555555555,0.38888888888888884,0.0,0.13888888888888892,0.18333333333333335
cvae\fold2\cvae_z2_seed43,subject15,120,89,1.1102230246251565e-16,0,1,0,0.4562523207914997,0.08993515769429838,0.1909176029962546,0.4064606741573034,0.4459737827715356,0.18923220973782773,0.18782771535580522,0.16170411985018718,0.34485018726591765,0.21797752808988763,0.1348314606741573,0.17968164794007493,0.09756554307116105
cvae\fold2\cvae_z2_seed43,subject21,120,90,1.1102230246251565e-16,0,5,0,1.1540906272742384,0.23253423193666833,0.14444444444444443,0.3888888888888889,0.4416666666666667,0.4583333333333333,0.43333333333333335,0.5555555555555556,0.6027777777777777,0.5388888888888889,0.0444444444444444,0.11111111111111116,0.5555555555555556
cvae\fold2\cvae_z2_seed43,subject36,120,90,1.3877787807814457e-16,0,0,0,0.7787305450927229,0.1578565069535124,0.1027777777777778,0.22499999999999998,0.36944444444444446,0.2777777777777778,0.20277777777777783,0.1777777777777778,0.5944444444444444,0.625,0.0,0.23055555555555557,0.18055555555555558
cvae\fold2\cvae_z2_seed44,subject01,120,90,1.6653345369377348e-16,0,6,0,0.47748338878579677,0.08842608187506551,0.2222222222222222,0.25,0.18888888888888888,0.288888888888889,0.4638888888888889,0.5083333333333333,0.4416666666666667,0.13055555555555556,0.025000000000000022,0.15,0.4833333333333333
cvae\fold2\cvae_z2_seed44,subject04,120,90,1.3877787807814457e-16,0,0,0,0.3906774113555982,0.07615034234606877,0.11111111111111112,0.24444444444444446,0.21944444444444444,0.41111111111111115,0.40277777777777773,0.43611111111111117,0.28055555555555556,0.24722222222222223,0.0,0.175,0.4305555555555556
cvae\fold2\cvae_z2_seed44,subject10,120,90,1.1102230246251565e-16,0,1,0,0.4342812220129546,0.08329117223220883,0.17222222222222222,0.3916666666666667,0.3388888888888889,0.18611111111111112,0.3527777777777778,0.3416666666666666,0.0805555555555556,0.15000000000000002,0.022222222222222254,0.12222222222222223,0.3583333333333333
cvae\fold2\cvae_z2_seed44,subject12,120,90,1.1102230246251565e-16,0,1,0,0.9476284650904483,0.17908477838399872,0.08611111111111114,0.5083333333333333,0.5777777777777778,0.20555555555555555,0.21111111111111108,0.3166666666666666,0.5527777777777778,0.5,0.0,0.18333333333333335,0.33055555555555555
cvae\fold2\cvae_z2_seed44,subject15,120,89,1.1102230246251565e-16,0,0,0,0.37999515250463745,0.07390634502229976,0.15383895131086145,0.37237827715355803,0.4256554307116105,0.18305243445692884,0.1446629213483146,0.12696629213483146,0.4115168539325843,0.32378277153558055,0.1348314606741573,0.1333333333333333,0.16320224719101123
cvae\fold2\cvae_z2_seed44,subject21,120,90,5.551115123125783e-17,0,4,0,1.2705008303836682,0.25639259041280027,0.13055555555555554,0.35555555555555557,0.37499999999999994,0.35,0.47777777777777775,0.5944444444444444,0.7277777777777777,0.6555555555555556,0.0444444444444444,0.13888888888888887,0.625
cvae\fold2\cvae_z2_seed44,subject36,120,90,1.1102230246251565e-16,0,0,0,0.7991198946482863,0.1622732335202599,0.13055555555555554,0.21666666666666662,0.37777777777777777,0.3555555555555555,0.2138888888888888,0.18888888888888888,0.7166666666666667,0.7333333333333334,0.0,0.14166666666666666,0.17777777777777776
cvae\fold2\cvae_z3_seed42,subject01,120,90,1.3877787807814457e-16,0,10,0,0.34907299740209696,0.06180714995442815,0.14444444444444443,0.11388888888888887,0.13055555555555565,0.14722222222222225,0.41111111111111115,0.41111111111111115,0.325,0.14444444444444443,0.033333333333333326,0.1694444444444444,0.41388888888888886
cvae\fold2\cvae_z3_seed42,subject04,120,90,8.326672684688674e-17,0,3,0,0.3670782655548446,0.07170840371942455,0.20277777777777778,0.35,0.16944444444444445,0.32499999999999996,0.36388888888888893,0.4111111111111111,0.1472222222222222,0.08333333333333333,0.0,0.1472222222222222,0.4222222222222223
cvae\fold2\cvae_z3_seed42,subject10,120,90,8.326672684688674e-17,0,3,0,0.5287728940099465,0.10156187378028392,0.23055555555555554,0.4416666666666666,0.3388888888888889,0.25555555555555554,0.36944444444444446,0.3527777777777778,0.1972222222222222,0.1444444444444445,0.022222222222222254,0.13611111111111113,0.37499999999999994
cvae\fold2\cvae_z3_seed42,subject12,120,90,9.71445146547012e-17,0,2,0,0.6597243640132904,0.1189441131629696,0.11111111111111105,0.4472222222222222,0.45555555555555555,0.3416666666666666,0.18055555555555558,0.2666666666666666,0.36388888888888893,0.21388888888888885,0.0,0.1027777777777778,0.2638888888888889
cvae\fold2\cvae_z3_seed42,subject15,120,89,1.1102230246251565e-16,0,1,0,0.3225474342634391,0.05685322676662796,0.09925093632958792,0.33764044943820215,0.2651685393258427,0.2196629213483146,0.20177902621722843,0.22022471910112362,0.1865168539325843,0.1441947565543071,0.1348314606741573,0.16732209737827716,0.253183520599251
cvae\fold2\cvae_z3_seed42,subject21,120,90,1.1102230246251565e-16,0,5,0,1.3030761332290717,0.25576081950672847,0.18611111111111106,0.49999999999999994,0.4333333333333333,0.32499999999999996,0.5055555555555555,0.6361111111111111,0.5583333333333333,0.45,0.011111111111111072,0.23055555555555562,0.6527777777777778
cvae\fold2\cvae_z3_seed42,subject36,120,90,1.3877787807814457e-16,0,0,0,0.5418923642862747,0.10151928636735685,0.1222222222222222,0.14166666666666666,0.25277777777777777,0.28055555555555556,0.10833333333333328,0.19166666666666665,0.6138888888888888,0.5944444444444444,0.0,0.2361111111111111,0.18888888888888894
cvae\fold2\cvae_z3_seed43,subject01,120,90,1.1102230246251565e-16,0,8,0,0.3568230475767664,0.06820061458100835,0.13888888888888884,0.11944444444444446,0.1,0.2277777777777778,0.4222222222222222,0.4583333333333333,0.2722222222222222,0.18611111111111112,0.025000000000000022,0.175,0.4583333333333333
cvae\fold2\cvae_z3_seed43,subject04,120,90,2.0816681711721685e-16,0,4,0,0.21507376583147453,0.039229044986137995,0.1527777777777778,0.33333333333333337,0.2166666666666667,0.2277777777777778,0.2638888888888889,0.2944444444444444,0.23333333333333334,0.19999999999999998,0.0,0.12222222222222223,0.3138888888888889
cvae\fold2\cvae_z3_seed43,subject10,120,90,1.5092094240998222e-16,0,1,0,0.4758989579344943,0.09457009531093663,0.2416666666666667,0.5222222222222223,0.32777777777777783,0.2138888888888888,0.33611111111111114,0.3138888888888889,0.23611111111111116,0.15555555555555556,0.01388888888888895,0.23611111111111116,0.36111111111111116
cvae\fold2\cvae_z3_seed43,subject12,120,90,1.1102230246251565e-16,0,0,0,0.7413975213563053,0.13830568271251797,0.061111111111111116,0.525,0.5166666666666666,0.23888888888888887,0.20277777777777772,0.26666666666666666,0.3555555555555555,0.21388888888888888,0.0,0.16666666666666663,0.2583333333333333
cvae\fold2\cvae_z3_seed43,subject15,120,89,1.3877787807814457e-16,0,0,0,0.302318076116578,0.056829789234275396,0.10496254681647937,0.38979400749063675,0.40430711610486897,0.21132958801498125,0.13342696629213485,0.1558988764044944,0.17275280898876405,0.16376404494382021,0.126498127340824,0.15140449438202253,0.16713483146067415
cvae\fold2\cvae_z3_seed43,subject21,120,90,1.1102230246251565e-16,0,7,0,1.0495287608326374,0.2046829972727504,0.11111111111111116,0.3388888888888889,0.3166666666666667,0.5333333333333334,0.4194444444444444,0.5638888888888889,0.47777777777777775,0.4583333333333333,0.0444444444444444,0.1444444444444445,0.5916666666666667
cvae\fold2\cvae_z3_seed43,subject36,120,90,2.0816681711721685e-16,0,0,0,0.582309499151239,0.11345906919282689,0.14722222222222225,0.22777777777777775,0.35555555555555557,0.30277777777777776,0.1694444444444444,0.22777777777777775,0.5694444444444444,0.5694444444444444,0.008333333333333304,0.2055555555555556,0.22222222222222227
cvae\fold2\cvae_z3_seed44,subject01,120,90,1.1102230246251565e-16,0,4,0,0.25904636671928616,0.03834083229815621,0.20000000000000007,0.23333333333333334,0.2638888888888889,0.08611111111111108,0.2527777777777778,0.32499999999999996,0.2861111111111111,0.19166666666666668,0.033333333333333326,0.05833333333333333,0.32499999999999996
cvae\fold2\cvae_z3_seed44,subject04,120,90,1.1102230246251565e-16,0,1,0,0.30566164012146313,0.055958312049539605,0.2055555555555556,0.21666666666666667,0.2055555555555555,0.2916666666666667,0.35833333333333334,0.3805555555555556,0.12777777777777777,0.10833333333333328,0.0,0.10833333333333334,0.39166666666666666
cvae\fold2\cvae_z3_seed44,subject10,120,90,1.1102230246251565e-16,0,1,0,0.4620574434112572,0.0823402026973592,0.2277777777777778,0.33333333333333337,0.21666666666666667,0.15555555555555556,0.3944444444444445,0.3583333333333333,0.18055555555555558,0.14166666666666666,0.022222222222222254,0.13888888888888884,0.39722222222222225
cvae\fold2\cvae_z3_seed44,subject12,120,90,8.326672684688674e-17,0,0,0,0.5652605701822191,0.10502489364396794,0.13888888888888884,0.4166666666666667,0.4333333333333333,0.27499999999999997,0.20833333333333331,0.27499999999999997,0.38055555555555554,0.19444444444444448,0.0,0.13055555555555556,0.27777777777777773
cvae\fold2\cvae_z3_seed44,subject15,120,89,1.3877787807814457e-16,0,2,0,0.28103269984528234,0.05106239451174854,0.15917602996254687,0.3057116104868914,0.3006554307116105,0.174250936329588,0.17602996254681647,0.21151685393258435,0.1642322097378277,0.10131086142322099,0.1348314606741573,0.20205992509363302,0.23651685393258426
cvae\fold2\cvae_z3_seed44,subject21,120,90,1.3877787807814457e-16,0,0,0,0.9189689892603399,0.1793875787761976,0.16666666666666674,0.4638888888888889,0.3944444444444445,0.3166666666666667,0.49166666666666664,0.5972222222222222,0.47500000000000003,0.39722222222222214,0.011111111111111072,0.2361111111111111,0.6027777777777779
cvae\fold2\cvae_z3_seed44,subject36,120,90,1.1102230246251565e-16,0,0,0,0.5011410024970124,0.09679214680356774,0.2138888888888889,0.18333333333333332,0.27222222222222225,0.3055555555555556,0.10555555555555557,0.175,0.5722222222222222,0.6138888888888889,0.0,0.21666666666666667,0.175
cvae\fold2\cvae_z4_seed42,subject01,120,90,1.1102230246251565e-16,0,9,0,0.33025876837055845,0.056565435319294366,0.16388888888888886,0.15833333333333335,0.14722222222222225,0.15833333333333335,0.3777777777777778,0.42499999999999993,0.31666666666666665,0.1388888888888889,0.025000000000000022,0.10833333333333334,0.3944444444444445
cvae\fold2\cvae_z4_seed42,subject04,120,90,1.1102230246251565e-16,0,6,0,0.18779008248528806,0.03273537969630147,0.16111111111111115,0.24166666666666664,0.1777777777777778,0.21666666666666667,0.2638888888888889,0.26111111111111107,0.20555555555555555,0.2055555555555556,0.0,0.19166666666666665,0.2638888888888889
cvae\fold2\cvae_z4_seed42,subject10,120,90,1.249000902703301e-16,0,1,0,0.5629869070335101,0.10743515109954593,0.2194444444444445,0.44166666666666665,0.2583333333333333,0.21944444444444444,0.4277777777777778,0.39999999999999997,0.1166666666666667,0.10555555555555562,0.022222222222222254,0.1694444444444445,0.4305555555555555
cvae\fold2\cvae_z4_seed42,subject12,120,90,1.1102230246251565e-16,0,1,0,0.6971897268385301,0.12577255966516276,0.10277777777777775,0.45000000000000007,0.4361111111111111,0.3638888888888889,0.27777777777777773,0.3833333333333333,0.26388888888888884,0.18055555555555555,0.0,0.0888888888888889,0.37222222222222223
cvae\fold2\cvae_z4_seed42,subject15,120,89,8.326672684688674e-17,0,1,0,0.3243423650764994,0.060070832732227464,0.1164794007490636,0.39737827715355806,0.39232209737827717,0.21132958801498125,0.2298689138576779,0.24653558052434457,0.16151685393258428,0.11264044943820226,0.10983146067415728,0.18258426966292135,0.26320224719101126
cvae\fold2\cvae_z4_seed42,subject21,120,90,2.220446049250313e-16,0,0,0,1.1536450890620307,0.2255796497196224,0.1527777777777778,0.45833333333333326,0.4583333333333333,0.29166666666666663,0.5555555555555556,0.6611111111111111,0.3500000000000001,0.32777777777777783,0.011111111111111072,0.16388888888888886,0.6833333333333333
cvae\fold2\cvae_z4_seed42,subject36,120,90,1.1102230246251565e-16,0,1,0,0.4188537474846279,0.08163883228004232,0.10555555555555554,0.11666666666666664,0.2583333333333333,0.1972222222222222,0.11944444444444441,0.19166666666666665,0.5166666666666667,0.538888888888889,0.0,0.16666666666666663,0.18611111111111106
cvae\fold2\cvae_z4_seed43,subject01,120,90,8.326672684688674e-17,0,13,0,0.3012585370464995,0.05317059343451147,0.16388888888888886,0.14722222222222223,0.19166666666666665,0.06388888888888888,0.3527777777777778,0.39999999999999997,0.2611111111111112,0.1638888888888889,0.0,0.125,0.3833333333333333
cvae\fold2\cvae_z4_seed43,subject04,120,90,1.1102230246251565e-16,0,5,0,0.2706320116875407,0.05191300190735282,0.25277777777777777,0.32500000000000007,0.18333333333333332,0.125,0.2888888888888889,0.32777777777777783,0.21388888888888885,0.16111111111111115,0.033333333333333326,0.14166666666666666,0.32499999999999996
cvae\fold2\cvae_z4_seed43,subject10,120,90,1.1102230246251565e-16,0,5,0,0.5635425735127075,0.10717559433566626,0.22499999999999998,0.45833333333333326,0.3111111111111111,0.2861111111111111,0.4027777777777778,0.3944444444444445,0.18333333333333335,0.0888888888888889,0.022222222222222254,0.1527777777777778,0.41666666666666663
cvae\fold2\cvae_z4_seed43,subject12,120,90,1.942890293094024e-16,0,1,0,0.5280573728693199,0.098218605785927,0.14722222222222214,0.4083333333333334,0.4111111111111111,0.3722222222222222,0.18888888888888888,0.2583333333333333,0.3861111111111111,0.26944444444444443,0.0,0.13055555555555556,0.2638888888888889
cvae\fold2\cvae_z4_seed43,subject15,120,89,1.1102230246251565e-16,0,1,0,0.29747083742004854,0.05127024078633602,0.14550561797752815,0.25608614232209737,0.21516853932584268,0.2588014981273408,0.19410112359550558,0.22022471910112362,0.24737827715355806,0.15889513108614228,0.1348314606741573,0.16694756554307122,0.23689138576779023
cvae\fold2\cvae_z4_seed43,subject21,120,90,1.1102230246251565e-16,0,1,0,1.1771070041957117,0.22995944318846218,0.19444444444444448,0.4388888888888889,0.4333333333333333,0.3333333333333333,0.4944444444444444,0.6111111111111112,0.4916666666666667,0.4472222222222222,0.030555555555555558,0.13055555555555554,0.6305555555555555
cvae\fold2\cvae_z4_seed43,subject36,120,90,2.7755575615628914e-16,0,1,0,0.3961115053344302,0.07688514403803148,0.2222222222222222,0.13333333333333333,0.19722222222222224,0.18888888888888888,0.12499999999999997,0.1833333333333333,0.4722222222222222,0.5305555555555556,0.0,0.1,0.18055555555555558
cvae\fold2\cvae_z4_seed44,subject01,120,90,8.326672684688674e-17,0,9,0,0.29460100849668747,0.05228824933549814,0.13611111111111113,0.17500000000000002,0.16388888888888897,0.15833333333333333,0.3861111111111112,0.41111111111111115,0.25555555555555554,0.1527777777777778,0.016666666666666607,0.14166666666666666,0.39999999999999997
cvae\fold2\cvae_z4_seed44,subject04,120,90,8.326672684688674e-17,0,5,0,0.21612940139005854,0.0405236680879969,0.24166666666666664,0.2777777777777778,0.20277777777777778,0.20833333333333337,0.27222222222222225,0.3027777777777777,0.23888888888888893,0.2361111111111111,0.008333333333333304,0.09166666666666667,0.3138888888888889
cvae\fold2\cvae_z4_seed44,subject10,120,90,1.5092094240998222e-16,0,2,0,0.4232492841208537,0.07898042878193368,0.22777777777777775,0.40833333333333327,0.275,0.1972222222222222,0.36111111111111116,0.33611111111111114,0.18888888888888888,0.1333333333333333,0.01388888888888895,0.12222222222222223,0.37499999999999994
cvae\fold2\cvae_z4_seed44,subject12,120,90,1.249000902703301e-16,0,1,0,0.5375643999322355,0.09648149781715543,0.13888888888888884,0.4305555555555556,0.35000000000000003,0.3722222222222222,0.2194444444444444,0.28333333333333327,0.29444444444444445,0.2,0.008333333333333304,0.19166666666666665,0.2777777777777778
cvae\fold2\cvae_z4_seed44,subject15,120,89,1.1102230246251565e-16,0,1,0,0.28203124213462516,0.044104765847844396,0.09147940074906358,0.22930711610486887,0.16769662921348316,0.22256554307116105,0.1868913857677903,0.23651685393258426,0.21985018726591762,0.1361423220973783,0.1348314606741573,0.16666666666666663,0.23651685393258426
cvae\fold2\cvae_z4_seed44,subject21,120,90,5.551115123125783e-17,0,2,0,1.200327559541893,0.2159733708110647,0.19999999999999996,0.4638888888888889,0.3694444444444444,0.32499999999999996,0.49166666666666664,0.6277777777777778,0.39166666666666666,0.3305555555555555,0.011111111111111072,0.2972222222222223,0.6416666666666667
cvae\fold2\cvae_z4_seed44,subject36,120,90,1.1102230246251565e-16,0,0,0,0.37443694095377733,0.0711309189779441,0.1027777777777778,0.18333333333333335,0.21388888888888888,0.1972222222222223,0.09166666666666665,0.12777777777777777,0.4722222222222222,0.5305555555555556,0.0,0.1888888888888889,0.12777777777777777
cvae\fold2\cvae_z8_seed42,subject01,120,90,8.326672684688674e-17,0,4,0,0.1848965371932878,0.03044264751961956,0.1111111111111111,0.15000000000000002,0.23611111111111105,0.1444444444444445,0.2305555555555555,0.21666666666666662,0.15,0.18888888888888888,0.05833333333333335,0.16666666666666669,0.21944444444444444
cvae\fold2\cvae_z8_seed42,subject04,120,90,1.1102230246251565e-16,0,2,0,0.1441876683350447,0.022586075793718186,0.21666666666666667,0.2416666666666667,0.09999999999999998,0.22500000000000003,0.2138888888888889,0.22222222222222227,0.1111111111111111,0.13055555555555554,0.050000000000000044,0.09999999999999998,0.23055555555555557
cvae\fold2\cvae_z8_seed42,subject10,120,90,1.5092094240998222e-16,0,0,0,0.26262649244145164,0.04518000038767722,0.19166666666666665,0.32499999999999996,0.15,0.20000000000000007,0.3027777777777778,0.2611111111111111,0.25555555555555554,0.1333333333333333,0.01388888888888895,0.11666666666666667,0.28888888888888886
cvae\fold2\cvae_z8_seed42,subject12,120,90,1.1102230246251565e-16,0,0,0,0.44922240860600704,0.08189242512782524,0.06666666666666671,0.35833333333333334,0.41666666666666663,0.3472222222222222,0.20833333333333331,0.27499999999999997,0.3166666666666667,0.15555555555555556,0.0,0.1166666666666667,0.27499999999999997
cvae\fold2\cvae_z8_seed42,subject15,120,89,5.551115123125783e-17,0,1,0,0.28987741030953096,0.049709617923125116,0.16142322097378276,0.34007490636704124,0.23464419475655435,0.2446629213483146,0.26189138576779025,0.29485018726591766,0.09485018726591762,0.08492509363295875,0.1348314606741573,0.24990636704119845,0.2923220973782771
cvae\fold2\cvae_z8_seed42,subject21,120,90,1.6653345369377348e-16,0,1,0,0.5370565028401364,0.09940209604663497,0.16944444444444445,0.4111111111111111,0.35833333333333334,0.19999999999999996,0.2972222222222222,0.3916666666666666,0.4166666666666667,0.3555555555555555,0.011111111111111072,0.19999999999999998,0.4083333333333333
cvae\fold2\cvae_z8_seed42,subject36,120,90,8.326672684688674e-17,0,0,0,0.12179273448629457,0.01542422808511612,0.1444444444444445,0.17777777777777776,0.1,0.11388888888888887,0.07499999999999996,0.14166666666666664,0.25,0.30833333333333335,0.008333333333333304,0.09722222222222221,0.1111111111111111
cvae\fold2\cvae_z8_seed43,subject01,120,90,1.1102230246251565e-16,0,4,0,0.13567807828308975,0.01970174782741263,0.11388888888888882,0.12777777777777777,0.16388888888888897,0.15555555555555556,0.12777777777777777,0.10833333333333328,0.1166666666666667,0.2055555555555556,0.05833333333333335,0.15833333333333333,0.11666666666666659
cvae\fold2\cvae_z8_seed43,subject04,120,90,1.249000902703301e-16,0,1,0,0.17986745589154207,0.030508617726053733,0.18611111111111112,0.2777777777777778,0.12777777777777777,0.275,0.2472222222222222,0.2583333333333333,0.07222222222222219,0.11944444444444452,0.04166666666666663,0.10833333333333334,0.24722222222222223
cvae\fold2\cvae_z8_seed43,subject10,120,90,1.5092094240998222e-16,0,3,0,0.2533212017776574,0.04462176466141754,0.14722222222222223,0.4083333333333334,0.3222222222222222,0.15555555555555556,0.23611111111111116,0.18611111111111112,0.28055555555555556,0.1694444444444444,0.01388888888888895,0.15277777777777785,0.20555555555555555
cvae\fold2\cvae_z8_seed43,subject12,120,90,9.71445146547012e-17,0,0,0,0.5192060621400407,0.09464634188443322,0.10277777777777779,0.45,0.4361111111111111,0.3138888888888889,0.1694444444444444,0.19999999999999996,0.2,0.06944444444444442,0.0,0.1138888888888889,0.21666666666666667
cvae\fold2\cvae_z8_seed43,subject15,120,89,1.3877787807814457e-16,0,1,0,0.23464986909144825,0.035327014046608984,0.0912921348314607,0.2911048689138577,0.19007490636704122,0.1696629213483146,0.26189138576779025,0.27237827715355806,0.08941947565543074,0.08511235955056179,0.1348314606741573,0.15140449438202253,0.2865168539325843
cvae\fold2\cvae_z8_seed43,subject21,120,90,8.326672684688674e-17,0,0,0,0.4661549670147367,0.08659155204914804,0.18888888888888888,0.45555555555555555,0.39444444444444443,0.21666666666666656,0.31944444444444436,0.3916666666666666,0.325,0.22222222222222224,0.011111111111111072,0.17500000000000002,0.4333333333333333
cvae\fold2\cvae_z8_seed43,subject36,120,90,1.1102230246251565e-16,0,2,0,0.10422427717588434,0.01021565517836942,0.0888888888888889,0.21666666666666665,0.11111111111111105,0.17222222222222228,0.11666666666666664,0.11944444444444444,0.21111111111111108,0.26388888888888895,0.0,0.08611111111111114,0.1111111111111111
cvae\fold2\cvae_z8_seed44,subject01,120,90,8.326672684688674e-17,0,5,0,0.1280208200403714,0.01833522961267875,0.17777777777777776,0.14166666666666666,0.2305555555555555,0.07500000000000001,0.15555555555555556,0.16111111111111115,0.14166666666666666,0.15555555555555556,0.06666666666666665,0.1444444444444445,0.15277777777777785
cvae\fold2\cvae_z8_seed44,subject04,120,90,8.326672684688674e-17,0,0,0,0.11084878916193919,0.015228004438595177,0.1611111111111111,0.17500000000000004,0.11111111111111116,0.21666666666666667,0.16944444444444445,0.1777777777777777,0.10555555555555551,0.10555555555555554,0.04166666666666663,0.07499999999999996,0.19166666666666665
cvae\fold2\cvae_z8_seed44,subject10,120,90,1.5092094240998222e-16,0,1,0,0.20025417024115422,0.032511487393567684,0.1888888888888889,0.4,0.2472222222222222,0.18888888888888888,0.2138888888888889,0.15000000000000002,0.26666666666666666,0.15,0.01388888888888895,0.13888888888888884,0.1833333333333333
cvae\fold2\cvae_z8_seed44,subject12,120,90,1.1102230246251565e-16,0,0,0,0.5998232739339757,0.1126424042116212,0.13888888888888884,0.47500000000000003,0.37499999999999994,0.3972222222222222,0.3027777777777778,0.3833333333333333,0.26944444444444443,0.16666666666666669,0.0,0.1444444444444445,0.38055555555555554
cvae\fold2\cvae_z8_seed44,subject15,120,89,2.498001805406602e-16,0,0,0,0.22697265954121315,0.03773653033766555,0.10758426966292134,0.20243445692883888,0.2006554307116105,0.21423220973782775,0.31582397003745316,0.3365168539325843,0.19775280898876407,0.17378277153558053,0.126498127340824,0.1180711610486892,0.34485018726591765
cvae\fold2\cvae_z8_seed44,subject21,120,90,6.938893903907228e-17,0,2,0,0.598267440348955,0.10778492828373853,0.13611111111111107,0.3972222222222222,0.38333333333333336,0.3416666666666666,0.31666666666666665,0.4222222222222222,0.4,0.3,0.022222222222222254,0.21666666666666665,0.4666666666666667
cvae\fold2\cvae_z8_seed44,subject36,120,90,1.1102230246251565e-16,0,0,0,0.11664696483146875,0.01470847231338046,0.21111111111111114,0.15833333333333333,0.1527777777777778,0.11111111111111116,0.10000000000000003,0.10555555555555557,0.2666666666666667,0.2777777777777778,0.008333333333333304,0.09444444444444444,0.09444444444444444
cvae\fold3\cvae_z2_seed42,subject02,120,30,1.3877787807814457e-16,0,7,0,1.119167612640649,0.22099955586746167,0.375,0.49166666666666664,0.2416666666666667,0.4666666666666666,0.5,0.4666666666666667,0.2833333333333333,0.16666666666666674,0.025000000000000022,0.2666666666666667,0.44999999999999996
cvae\fold3\cvae_z2_seed42,subject11,120,90,1.1102230246251565e-16,0,0,0,1.0615783373945966,0.19174177218172472,0.13888888888888895,0.26666666666666666,0.5722222222222222,0.37499999999999994,0.25277777777777777,0.21944444444444444,0.3861111111111111,0.20833333333333337,0.022222222222222254,0.3555555555555556,0.18611111111111112
cvae\fold3\cvae_z2_seed42,subject22,120,90,1.3877787807814457e-16,0,0,0,0.33957140513584516,0.060346625721387825,0.13888888888888892,0.2972222222222222,0.30555555555555547,0.20277777777777778,0.13611111111111118,0.1972222222222222,0.37499999999999994,0.37499999999999994,0.01666666666666672,0.2194444444444445,0.20277777777777783
cvae\fold3\cvae_z2_seed42,subject30,120,90,1.1102230246251565e-16,0,2,0,0.8023208365545509,0.1547391307879148,0.3555555555555556,0.34444444444444444,0.13333333333333336,0.20833333333333331,0.39722222222222225,0.3472222222222223,0.6194444444444445,0.6055555555555555,0.0,0.3305555555555556,0.3555555555555556
cvae\fold3\cvae_z2_seed42,subject33,120,88,6.938893903907228e-17,0,0,0,0.5233672243873029,0.09712406724034917,0.33333333333333337,0.2257575757575757,0.22954545454545455,0.2606060606060606,0.531060606060606,0.4318181818181818,0.4871212121212121,0.2537878787878788,0.045454545454545414,0.1053030303030303,0.41893939393939394
cvae\fold3\cvae_z2_seed42,subject37,120,90,1.1102230246251565e-16,0,2,0,1.6079626702279817,0.29623798205576934,0.33333333333333337,0.28055555555555556,0.125,0.15000000000000002,0.6833333333333333,0.5805555555555556,0.7333333333333334,0.7555555555555555,0.033333333333333326,0.32500000000000007,0.5833333333333333
cvae\fold3\cvae_z2_seed42,subject40,120,90,1.5092094240998222e-16,0,0,0,0.531299739431776,0.09454084161519538,0.39722222222222225,0.33611111111111114,0.3916666666666667,0.11111111111111105,0.40555555555555556,0.36388888888888893,0.24444444444444446,0.16388888888888886,0.01388888888888895,0.1388888888888889,0.3583333333333334
cvae\fold3\cvae_z2_seed43,subject02,120,30,2.498001805406602e-16,0,9,0,0.800257655006523,0.14899891214117045,0.3583333333333334,0.4583333333333333,0.4583333333333333,0.1416666666666666,0.44999999999999996,0.4,0.35,0.25,0.06666666666666665,0.29166666666666663,0.3833333333333333
cvae\fold3\cvae_z2_seed43,subject11,120,90,1.6653345369377348e-16,0,1,0,1.0709092500469617,0.19070662230862923,0.15833333333333344,0.2777777777777778,0.7027777777777778,0.2583333333333333,0.19166666666666676,0.1527777777777778,0.28888888888888886,0.1527777777777778,0.01388888888888895,0.3583333333333333,0.1611111111111111
cvae\fold3\cvae_z2_seed43,subject22,120,90,1.1102230246251565e-16,0,7,0,0.22827363703192116,0.03748927030826499,0.1972222222222222,0.2194444444444445,0.2583333333333333,0.1416666666666666,0.18055555555555558,0.14722222222222225,0.20833333333333337,0.19444444444444442,0.0,0.275,0.18611111111111106
cvae\fold3\cvae_z2_seed43,subject30,120,90,1.1102230246251565e-16,0,0,0,0.5223112670788326,0.09565213335655764,0.3611111111111111,0.2694444444444445,0.16944444444444445,0.16388888888888886,0.2833333333333333,0.30000000000000004,0.4277777777777778,0.45555555555555555,0.008333333333333304,0.3555555555555556,0.29722222222222217
cvae\fold3\cvae_z2_seed43,subject33,120,88,1.942890293094024e-16,0,0,0,0.5846584220091717,0.1066150720982314,0.23787878787878788,0.171969696969697,0.1742424242424242,0.2583333333333333,0.475,0.39318181818181813,0.4053030303030303,0.2689393939393939,0.045454545454545414,0.2212121212121212,0.36136363636363633
cvae\fold3\cvae_z2_seed43,subject37,120,90,4.440892098500626e-16,0,6,0,1.425863829289466,0.25942471431647607,0.3166666666666667,0.3055555555555556,0.11111111111111105,0.20000000000000007,0.6055555555555555,0.4777777777777778,0.6055555555555555,0.6888888888888889,0.033333333333333326,0.35277777777777775,0.4444444444444445
cvae\fold3\cvae_z2_seed43,subject40,120,90,8.326672684688674e-17,0,2,0,0.4601993337505972,0.08175912716295586,0.3472222222222222,0.34166666666666673,0.3722222222222222,0.1527777777777778,0.18333333333333335,0.18888888888888888,0.3083333333333333,0.22499999999999998,0.022222222222222254,0.11944444444444446,0.1527777777777778
cvae\fold3\cvae_z2_seed44,subject02,120,30,1.1102230246251565e-16,0,17,0,0.901954661575707,0.17380522848657243,0.3583333333333334,0.44166666666666665,0.5166666666666666,0.17499999999999993,0.4916666666666667,0.5,0.3666666666666667,0.2583333333333333,0.04166666666666663,0.35,0.4666666666666667
cvae\fold3\cvae_z2_seed44,subject11,120,90,1.1102230246251565e-16,0,1,0,0.9963233784838366,0.17732685746010646,0.09999999999999998,0.2972222222222222,0.6722222222222223,0.2666666666666666,0.13888888888888884,0.12777777777777777,0.32500000000000007,0.2055555555555556,0.022222222222222254,0.275,0.12777777777777782
cvae\fold3\cvae_z2_seed44,subject22,120,90,8.326672684688674e-17,0,7,0,0.3084872118179609,0.05446601882762825,0.2222222222222222,0.24722222222222223,0.2833333333333333,0.16666666666666663,0.15833333333333333,0.1444444444444445,0.38055555555555554,0.32499999999999996,0.008333333333333304,0.34444444444444444,0.1472222222222222
cvae\fold3\cvae_z2_seed44,subject30,120,90,1.1102230246251565e-16,0,3,0,0.7920553843893998,0.15240446124110352,0.3472222222222222,0.3611111111111111,0.2861111111111111,0.1777777777777778,0.4,0.3722222222222221,0.6222222222222222,0.6194444444444445,0.0,0.2972222222222223,0.3555555555555556
cvae\fold3\cvae_z2_seed44,subject33,120,88,1.1102230246251565e-16,0,0,0,0.7226969078020278,0.13571528282960765,0.3098484848484848,0.2121212121212121,0.22954545454545455,0.268939393939394,0.5727272727272728,0.47348484848484845,0.493939393939394,0.2787878787878787,0.045454545454545414,0.22196969696969698,0.4681818181818182
cvae\fold3\cvae_z2_seed44,subject37,120,90,1.1102230246251565e-16,0,2,0,1.6540152268896686,0.29513343195259767,0.15277777777777773,0.23888888888888887,0.15833333333333333,0.2666666666666667,0.6583333333333334,0.5444444444444445,0.7138888888888889,0.7638888888888888,0.025000000000000022,0.3194444444444445,0.5416666666666667
cvae\fold3\cvae_z2_seed44,subject40,120,90,1.5092094240998222e-16,0,4,0,0.5863649714769408,0.10806037497575316,0.41666666666666674,0.3916666666666667,0.4083333333333333,0.11944444444444446,0.37777777777777777,0.35277777777777775,0.23333333333333334,0.14166666666666666,0.01388888888888895,0.18055555555555552,0.3555555555555556
cvae\fold3\cvae_z3_seed42,subject02,120,30,1.1102230246251565e-16,0,26,0,0.8332921100025912,0.16094686107806833,0.3833333333333333,0.5333333333333333,0.49166666666666664,0.14166666666666664,0.35,0.275,0.24166666666666667,0.2666666666666667,0.008333333333333304,0.22499999999999998,0.2416666666666667
cvae\fold3\cvae_z3_seed42,subject11,120,90,8.326672684688674e-17,0,0,0,0.739346422958628,0.12397891771440006,0.07500000000000007,0.21666666666666667,0.55,0.2,0.15555555555555556,0.13611111111111107,0.3111111111111111,0.13055555555555554,0.008333333333333304,0.23888888888888893,0.09166666666666667
cvae\fold3\cvae_z3_seed42,subject22,120,90,8.326672684688674e-17,0,11,0,0.2790048107244463,0.047630475297389285,0.25277777777777777,0.27777777777777785,0.3055555555555556,0.19166666666666665,0.16666666666666663,0.16388888888888886,0.24722222222222223,0.2611111111111111,0.0,0.17777777777777776,0.18611111111111112
cvae\fold3\cvae_z3_seed42,subject30,120,90,1.1102230246251565e-16,0,3,0,0.6129296548483842,0.11763265953432922,0.40277777777777773,0.28055555555555556,0.23611111111111116,0.09722222222222221,0.2388888888888889,0.20000000000000007,0.4555555555555555,0.45833333333333337,0.0,0.3666666666666667,0.18611111111111112
cvae\fold3\cvae_z3_seed42,subject33,120,88,5.551115123125783e-17,0,3,0,0.4334135453614758,0.07288998527988344,0.30151515151515146,0.16363636363636364,0.1484848484848485,0.268939393939394,0.40984848484848485,0.2901515151515151,0.4984848484848485,0.2871212121212121,0.03712121212121211,0.16666666666666666,0.2590909090909091
cvae\fold3\cvae_z3_seed42,subject37,120,90,1.1796119636642288e-16,0,2,0,1.476996932655518,0.2664672232114995,0.3083333333333334,0.23055555555555557,0.19166666666666668,0.24722222222222218,0.575,0.4388888888888889,0.7083333333333334,0.7083333333333334,0.01666666666666672,0.33611111111111114,0.4333333333333334
cvae\fold3\cvae_z3_seed42,subject40,120,90,1.734723475976807e-16,0,1,0,0.3545156047941149,0.061872947316752525,0.40555555555555556,0.3027777777777778,0.2833333333333333,0.22777777777777775,0.3055555555555556,0.26111111111111107,0.25833333333333336,0.14166666666666666,0.022222222222222254,0.13611111111111113,0.25
cvae\fold3\cvae_z3_seed43,subject02,120,30,8.326672684688674e-17,0,0,0,0.933214215594079,0.16750496004063786,0.43333333333333335,0.5,0.16666666666666669,0.39999999999999997,0.43333333333333335,0.3416666666666667,0.20833333333333334,0.21666666666666667,0.22499999999999998,0.4666666666666667,0.3416666666666667
cvae\fold3\cvae_z3_seed43,subject11,120,90,1.5092094240998222e-16,0,0,0,1.0282171284878698,0.20457692172791653,0.1333333333333333,0.37222222222222223,0.6000000000000001,0.4222222222222222,0.24722222222222223,0.2861111111111111,0.47777777777777775,0.4083333333333334,0.01388888888888895,0.21944444444444444,0.30833333333333335
cvae\fold3\cvae_z3_seed43,subject22,120,90,1.1102230246251565e-16,0,0,0,0.22434565872308054,0.034724755381807304,0.26388888888888884,0.15833333333333333,0.2138888888888889,0.09444444444444444,0.25,0.2611111111111111,0.0638888888888889,0.19166666666666665,0.08333333333333337,0.17777777777777778,0.23888888888888893
cvae\fold3\cvae_z3_seed43,subject30,120,90,1.1102230246251565e-16,0,0,0,0.8483146803357431,0.172151828387334,0.47777777777777775,0.22499999999999998,0.18333333333333335,0.23888888888888887,0.3583333333333334,0.3638888888888888,0.5055555555555555,0.5944444444444444,0.008333333333333304,0.40277777777777773,0.3416666666666667
cvae\fold3\cvae_z3_seed43,subject33,120,88,1.3877787807814457e-16,0,0,0,0.7912019688869414,0.16505779993420833,0.3712121212121212,0.14015151515151514,0.12954545454545463,0.325,0.5893939393939394,0.5151515151515151,0.5348484848484849,0.32651515151515154,0.045454545454545414,0.16666666666666669,0.4924242424242425
cvae\fold3\cvae_z3_seed43,subject37,120,90,1.1102230246251565e-16,0,0,0,1.9320175429946689,0.37350242534739,0.375,0.18333333333333332,0.3194444444444445,0.2833333333333333,0.675,0.586111111111111,0.7833333333333333,0.8305555555555555,0.025000000000000022,0.34444444444444444,0.5666666666666667
cvae\fold3\cvae_z3_seed43,subject40,120,90,1.5092094240998222e-16,0,0,0,0.51948230526882,0.1030423850745098,0.41666666666666674,0.36666666666666664,0.24722222222222218,0.3583333333333333,0.34444444444444444,0.31666666666666665,0.1277777777777778,0.25,0.01388888888888895,0.17777777777777778,0.29166666666666663
cvae\fold3\cvae_z3_seed44,subject02,120,30,8.326672684688674e-17,0,26,0,1.029388934905921,0.1990338814183581,0.42500000000000004,0.5416666666666666,0.37500000000000006,0.2666666666666666,0.41666666666666663,0.4166666666666667,0.16666666666666663,0.2416666666666667,0.05833333333333335,0.4083333333333333,0.41666666666666663
cvae\fold3\cvae_z3_seed44,subject11,120,90,1.6653345369377348e-16,0,3,0,0.9722779182120584,0.17196401621951407,0.19166666666666676,0.36944444444444446,0.675,0.23333333333333328,0.13333333333333341,0.18888888888888888,0.26388888888888884,0.14444444444444438,0.022222222222222254,0.26111111111111107,0.18333333333333335
cvae\fold3\cvae_z3_seed44,subject22,120,90,2.7755575615628914e-16,0,8,0,0.385459023105851,0.07360690298573158,0.2305555555555555,0.33055555555555555,0.16666666666666666,0.29999999999999993,0.18888888888888888,0.2277777777777778,0.25555555555555554,0.23333333333333328,0.033333333333333326,0.19166666666666665,0.1972222222222223
cvae\fold3\cvae_z3_seed44,subject30,120,90,1.3877787807814457e-16,0,2,0,0.6037380030221313,0.11309232554007465,0.27222222222222225,0.3111111111111111,0.2611111111111112,0.16666666666666674,0.3416666666666667,0.30833333333333335,0.36944444444444446,0.39722222222222225,0.0,0.28611111111111115,0.31388888888888883
cvae\fold3\cvae_z3_seed44,subject33,120,88,1.3877787807814457e-16,0,2,0,0.5133963001403057,0.08648728640024084,0.2689393939393939,0.21287878787878795,0.29924242424242425,0.2272727272727273,0.4575757575757576,0.3757575757575758,0.4431818181818182,0.24848484848484842,0.03712121212121211,0.19318181818181818,0.34848484848484845
cvae\fold3\cvae_z3_seed44,subject37,120,90,1.3877787807814457e-16,0,1,0,1.4073330026407884,0.2416795802011732,0.30000000000000004,0.2972222222222222,0.13055555555555565,0.16666666666666663,0.6000000000000001,0.4722222222222222,0.6499999999999999,0.6555555555555556,0.016666666666666607,0.2777777777777778,0.4583333333333333
cvae\fold3\cvae_z3_seed44,subject40,120,90,1.8041124150158794e-16,0,2,0,0.5753378151203816,0.10934858799229619,0.49444444444444446,0.47500000000000003,0.4027777777777778,0.24444444444444446,0.31666666666666665,0.30833333333333335,0.2222222222222222,0.175,0.01388888888888895,0.1138888888888889,0.30000000000000004
cvae\fold3\cvae_z4_seed42,subject02,120,30,1.1102230246251565e-16,0,28,0,0.8700600359351998,0.1612657051565387,0.3666666666666667,0.41666666666666663,0.13333333333333336,0.49166666666666664,0.3666666666666667,0.33333333333333337,0.15833333333333333,0.2583333333333334,0.008333333333333304,0.3666666666666667,0.29166666666666674
cvae\fold3\cvae_z4_seed42,subject11,120,90,1.3877787807814457e-16,0,0,0,0.5084102861081545,0.09427763323919924,0.10555555555555551,0.20000000000000007,0.5222222222222221,0.16666666666666663,0.13611111111111107,0.2138888888888889,0.21666666666666667,0.125,0.022222222222222254,0.2138888888888888,0.20833333333333331
cvae\fold3\cvae_z4_seed42,subject22,120,90,1.1796119636642288e-16,0,7,0,0.33573731479755686,0.06322725152544839,0.25833333333333336,0.25,0.20555555555555555,0.2666666666666666,0.11944444444444441,0.12777777777777782,0.14722222222222225,0.13611111111111118,0.01666666666666672,0.09444444444444444,0.1111111111111111
cvae\fold3\cvae_z4_seed42,subject30,120,90,1.3877787807814457e-16,0,1,0,0.33009406890579607,0.06337590350321354,0.4527777777777778,0.16388888888888892,0.22222222222222232,0.13055555555555565,0.16944444444444445,0.14444444444444443,0.2638888888888889,0.31666666666666665,0.0,0.23888888888888893,0.13888888888888884
cvae\fold3\cvae_z4_seed42,subject33,120,88,1.6653345369377348e-16,0,1,0,0.24814295208079296,0.033980034763350875,0.29166666666666663,0.1984848484848485,0.21818181818181825,0.2272727272727273,0.2590909090909091,0.24015151515151517,0.2863636363636364,0.12196969696969695,0.045454545454545414,0.21136363636363636,0.22575757575757577
cvae\fold3\cvae_z4_seed42,subject37,120,90,1.1102230246251565e-16,0,0,0,1.093215991500077,0.18451309431453022,0.3916666666666666,0.18333333333333332,0.20833333333333337,0.33333333333333337,0.4527777777777778,0.3611111111111111,0.5083333333333334,0.5416666666666667,0.008333333333333304,0.2666666666666667,0.37500000000000006
cvae\fold3\cvae_z4_seed42,subject40,120,90,1.1102230246251565e-16,0,0,0,0.32734489311320925,0.062230436336153994,0.4916666666666667,0.3277777777777778,0.3,0.18888888888888888,0.16388888888888897,0.15,0.26388888888888884,0.1694444444444444,0.022222222222222254,0.11666666666666667,0.17777777777777776
cvae\fold3\cvae_z4_seed43,subject02,120,30,1.1796119636642288e-16,0,24,0,0.9561438641336926,0.17601337284464358,0.3916666666666667,0.4666666666666667,0.2,0.3916666666666666,0.2583333333333333,0.25000000000000006,0.3333333333333333,0.37500000000000006,0.01666666666666672,0.39166666666666666,0.2416666666666667
cvae\fold3\cvae_z4_seed43,subject11,120,90,1.3877787807814457e-16,0,0,0,0.6860945694760878,0.11743668543166286,0.17499999999999993,0.21666666666666667,0.5361111111111111,0.3,0.1166666666666667,0.17500000000000002,0.31111111111111106,0.11944444444444446,0.022222222222222254,0.16666666666666674,0.16944444444444443
cvae\fold3\cvae_z4_seed43,subject22,120,90,8.326672684688674e-17,0,7,0,0.25093764145116504,0.04351584268770625,0.18888888888888888,0.2222222222222222,0.18333333333333335,0.29166666666666663,0.08055555555555555,0.09444444444444444,0.19999999999999996,0.19166666666666665,0.008333333333333304,0.15000000000000002,0.07222222222222222
cvae\fold3\cvae_z4_seed43,subject30,120,90,1.1796119636642288e-16,0,1,0,0.2460781129560372,0.04093680767954011,0.3055555555555556,0.23611111111111116,0.18333333333333335,0.13888888888888895,0.17777777777777776,0.17500000000000004,0.26944444444444443,0.26944444444444443,0.01666666666666672,0.2527777777777778,0.18055555555555552
cvae\fold3\cvae_z4_seed43,subject33,120,88,1.8735013540549517e-16,0,1,0,0.28503962977496533,0.04420132446741809,0.25909090909090904,0.15681818181818175,0.22196969696969698,0.2212121212121212,0.3893939393939394,0.31439393939393934,0.378030303030303,0.24393939393939393,0.020454545454545392,0.15075757575757576,0.3212121212121212
cvae\fold3\cvae_z4_seed43,subject37,120,90,2.220446049250313e-16,0,3,0,1.0200428394170453,0.17144767185441712,0.19999999999999996,0.19999999999999998,0.17222222222222228,0.275,0.48888888888888893,0.41388888888888886,0.55,0.5638888888888889,0.008333333333333304,0.2277777777777778,0.4166666666666667
cvae\fold3\cvae_z4_seed43,subject40,120,90,1.5092094240998222e-16,0,1,0,0.26013910704673826,0.04250331606613433,0.2833333333333333,0.2666666666666667,0.29444444444444445,0.23055555555555562,0.16388888888888886,0.13611111111111107,0.18611111111111112,0.14166666666666672,0.01388888888888895,0.09722222222222222,0.13055555555555554
cvae\fold3\cvae_z4_seed44,subject02,120,30,1.1102230246251565e-16,0,27,0,0.9343067350178496,0.17578493580112753,0.3666666666666667,0.41666666666666663,0.25833333333333336,0.3333333333333333,0.32499999999999996,0.33333333333333337,0.24999999999999994,0.35,0.0,0.3666666666666667,0.32499999999999996
cvae\fold3\cvae_z4_seed44,subject11,120,90,5.551115123125783e-17,0,0,0,0.6503016515500191,0.11321536630037876,0.1972222222222222,0.15555555555555556,0.5583333333333333,0.175,0.08333333333333333,0.15833333333333333,0.325,0.1611111111111111,0.022222222222222254,0.14722222222222225,0.13888888888888892
cvae\fold3\cvae_z4_seed44,subject22,120,90,1.942890293094024e-16,0,5,0,0.2727223845165465,0.047733797114184906,0.28888888888888886,0.3027777777777778,0.1388888888888889,0.31666666666666665,0.09444444444444444,0.11388888888888882,0.18888888888888888,0.21111111111111114,0.033333333333333326,0.09166666666666667,0.07777777777777783
cvae\fold3\cvae_z4_seed44,subject30,120,90,1.1102230246251565e-16,0,1,0,0.3806566158970246,0.0706938225083904,0.16944444444444445,0.14722222222222225,0.1611111111111111,0.10555555555555554,0.2972222222222222,0.26944444444444443,0.3138888888888889,0.32222222222222224,0.008333333333333304,0.3222222222222222,0.2555555555555556
cvae\fold3\cvae_z4_seed44,subject33,120,88,1.3877787807814457e-16,0,0,0,0.21521845680439444,0.02889755130430216,0.23636363636363633,0.14924242424242426,0.08257575757575764,0.268939393939394,0.36136363636363633,0.2893939393939394,0.29318181818181815,0.12727272727272726,0.045454545454545414,0.14090909090909087,0.2606060606060606
cvae\fold3\cvae_z4_seed44,subject37,120,90,1.1102230246251565e-16,0,0,0,1.2036329377492114,0.20024842801297105,0.2444444444444444,0.16666666666666666,0.16388888888888897,0.29166666666666663,0.5222222222222223,0.4583333333333333,0.5416666666666667,0.5666666666666667,0.016666666666666607,0.2611111111111111,0.47500000000000003
cvae\fold3\cvae_z4_seed44,subject40,120,90,1.1102230246251565e-16,0,0,0,0.3387885371984143,0.06110108400886061,0.3666666666666667,0.34166666666666673,0.3666666666666667,0.24722222222222223,0.20277777777777772,0.20000000000000007,0.24166666666666664,0.1777777777777778,0.005555555555555536,0.07777777777777778,0.19166666666666665
cvae\fold3\cvae_z8_seed42,subject02,120,30,1.1102230246251565e-16,0,9,0,0.8497456545203801,0.15326458798516474,0.33333333333333337,0.4083333333333333,0.10833333333333332,0.3416666666666666,0.4166666666666667,0.4416666666666667,0.3083333333333333,0.33333333333333337,0.1166666666666667,0.2833333333333333,0.4416666666666667
cvae\fold3\cvae_z8_seed42,subject11,120,90,1.5092094240998222e-16,0,0,0,0.6751220383597882,0.1175623770769203,0.1166666666666667,0.26388888888888884,0.5916666666666666,0.3555555555555555,0.18055555555555555,0.22777777777777777,0.25277777777777777,0.1527777777777778,0.01388888888888895,0.18055555555555558,0.23333333333333334
cvae\fold3\cvae_z8_seed42,subject22,120,90,1.1102230246251565e-16,0,3,0,0.2852560566143989,0.053284974328617674,0.22222222222222232,0.33611111111111114,0.2055555555555555,0.15277777777777776,0.21111111111111114,0.20000000000000007,0.3388888888888889,0.2527777777777778,0.050000000000000044,0.18333333333333335,0.2055555555555555
cvae\fold3\cvae_z8_seed42,subject30,120,90,1.1102230246251565e-16,0,0,0,0.20372312278109383,0.030438126428001366,0.3305555555555556,0.23611111111111116,0.1972222222222223,0.12777777777777782,0.13611111111111118,0.125,0.21111111111111114,0.27222222222222225,0.025000000000000022,0.15833333333333333,0.13333333333333336
cvae\fold3\cvae_z8_seed42,subject33,120,88,1.1102230246251565e-16,0,0,0,0.1350071566756479,0.015145312589368354,0.17121212121212123,0.10530303030303029,0.09242424242424242,0.21893939393939396,0.1431818181818182,0.0946969696969697,0.321969696969697,0.16893939393939392,0.045454545454545414,0.13939393939393935,0.09696969696969698
cvae\fold3\cvae_z8_seed42,subject37,120,90,1.1102230246251565e-16,0,2,0,0.4652961276734384,0.07623586282503891,0.275,0.2138888888888889,0.2250000000000001,0.20833333333333337,0.28055555555555556,0.17222222222222228,0.4305555555555556,0.40555555555555556,0.025000000000000022,0.1277777777777778,0.18333333333333335
cvae\fold3\cvae_z8_seed42,subject40,120,90,1.1102230246251565e-16,0,0,0,0.29542296380056676,0.043863694251689234,0.3277777777777778,0.3611111111111111,0.2583333333333333,0.1972222222222223,0.15555555555555559,0.15833333333333333,0.28055555555555556,0.1833333333333333,0.019444444444444375,0.10555555555555556,0.17222222222222225
cvae\fold3\cvae_z8_seed43,subject02,120,30,1.1102230246251565e-16,0,15,0,0.9971356188289975,0.18474208666858827,0.30833333333333335,0.3,0.13333333333333341,0.16666666666666669,0.5166666666666666,0.55,0.27499999999999997,0.2666666666666667,0.050000000000000044,0.25,0.5416666666666667
cvae\fold3\cvae_z8_seed43,subject11,120,90,9.71445146547012e-17,0,0,0,0.6667905906634282,0.11601052745557616,0.1166666666666667,0.2527777777777777,0.55,0.36666666666666664,0.1166666666666667,0.1388888888888889,0.26111111111111107,0.11944444444444441,0.019444444444444375,0.2222222222222222,0.13333333333333336
cvae\fold3\cvae_z8_seed43,subject22,120,90,8.326672684688674e-17,0,3,0,0.37629094294403975,0.0742241771739458,0.17222222222222228,0.24722222222222223,0.24722222222222223,0.3194444444444444,0.15555555555555556,0.20277777777777778,0.3027777777777777,0.24444444444444446,0.09166666666666667,0.12222222222222223,0.21388888888888888
cvae\fold3\cvae_z8_seed43,subject30,120,90,1.1102230246251565e-16,0,0,0,0.1333213978536003,0.01618781713151274,0.2972222222222223,0.15833333333333333,0.14722222222222225,0.125,0.06944444444444442,0.1027777777777778,0.20277777777777778,0.24166666666666667,0.025000000000000022,0.12777777777777782,0.0916666666666667
cvae\fold3\cvae_z8_seed43,subject33,120,88,1.8041124150158794e-16,0,1,0,0.2437560551949245,0.03707232062757748,0.15303030303030307,0.1575757575757576,0.15454545454545454,0.15833333333333333,0.33106060606060606,0.24090909090909096,0.38257575757575757,0.20909090909090916,0.028787878787878696,0.12727272727272732,0.22575757575757577
cvae\fold3\cvae_z8_seed43,subject37,120,90,1.1796119636642288e-16,0,0,0,0.5219245353348381,0.08444781589495676,0.23333333333333328,0.21666666666666667,0.35000000000000003,0.17500000000000004,0.31111111111111106,0.2277777777777778,0.40277777777777773,0.38333333333333336,0.01666666666666672,0.10833333333333334,0.21944444444444444
cvae\fold3\cvae_z8_seed43,subject40,120,90,1.1102230246251565e-16,0,0,0,0.21962571978767587,0.03158445461280657,0.26944444444444443,0.3388888888888889,0.2833333333333333,0.24444444444444446,0.14166666666666672,0.11388888888888887,0.26666666666666666,0.21666666666666667,0.011111111111111072,0.09722222222222222,0.125
cvae\fold3\cvae_z8_seed44,subject02,120,30,1.1102230246251565e-16,0,23,0,1.0184601437919207,0.18746942051007254,0.3416666666666667,0.39166666666666666,0.20833333333333331,0.10833333333333328,0.49166666666666664,0.5416666666666667,0.2666666666666667,0.29166666666666674,0.008333333333333304,0.25,0.5249999999999999
cvae\fold3\cvae_z8_seed44,subject11,120,90,1.5092094240998222e-16,0,0,0,0.5904375447706447,0.09485038335517726,0.1138888888888889,0.24444444444444446,0.55,0.24166666666666664,0.1694444444444444,0.19166666666666665,0.21944444444444444,0.08611111111111103,0.01388888888888895,0.16388888888888886,0.18888888888888894
cvae\fold3\cvae_z8_seed44,subject22,120,90,1.942890293094024e-16,0,2,0,0.27274877250234253,0.05217226705388489,0.188888888888889,0.23888888888888887,0.1833333333333333,0.2111111111111111,0.17500000000000004,0.19166666666666665,0.2861111111111111,0.1777777777777778,0.033333333333333326,0.15833333333333333,0.17500000000000004
cvae\fold3\cvae_z8_seed44,subject30,120,90,1.6653345369377348e-16,0,1,0,0.20846671698738284,0.0319955721542573,0.31111111111111106,0.1694444444444445,0.288888888888889,0.14444444444444443,0.11944444444444446,0.09444444444444444,0.12500000000000003,0.19444444444444448,0.0,0.23055555555555562,0.08333333333333337
cvae\fold3\cvae_z8_seed44,subject33,120,88,1.5265566588595902e-16,0,0,0,0.13729220215555316,0.016192722283500993,0.2265151515151515,0.09848484848484851,0.16742424242424245,0.175,0.14924242424242423,0.08484848484848495,0.2689393939393939,0.12272727272727268,0.020454545454545392,0.19015151515151515,0.10606060606060608
cvae\fold3\cvae_z8_seed44,subject37,120,90,5.551115123125783e-17,0,1,0,0.2946989023344484,0.04465963789479033,0.30833333333333335,0.16388888888888892,0.2944444444444444,0.22499999999999998,0.28055555555555556,0.15000000000000002,0.3083333333333333,0.26666666666666666,0.008333333333333304,0.11111111111111116,0.1694444444444444
cvae\fold3\cvae_z8_seed44,subject40,120,90,1.5092094240998222e-16,0,0,0,0.3125120496118159,0.04577370891814048,0.3583333333333333,0.3083333333333334,0.2416666666666667,0.1611111111111111,0.16111111111111112,0.16666666666666666,0.2694444444444445,0.17500000000000004,0.01388888888888895,0.07777777777777778,0.1861111111111111
unconditional_vae\fold0\unconditional_vae_z3_seed42,subject05,120,90,6.808789643208968e-17,0,2,0,0.5908719459258682,0.12144350853547625,0.18611111111111112,0.29166666666666674,0.175,0.26666666666666666,0.28055555555555556,0.28055555555555556,0.3638888888888889,0.4611111111111111,0.002777777777777768,0.4722222222222222,0.29444444444444445
unconditional_vae\fold0\unconditional_vae_z3_seed42,subject13,120,90,8.326672684688674e-17,0,0,0,0.16797905672037716,0.024549880842308025,0.12222222222222223,0.18888888888888888,0.18055555555555555,0.09999999999999998,0.21944444444444444,0.1972222222222222,0.29722222222222217,0.2972222222222223,0.011111111111111072,0.11944444444444441,0.20277777777777772
unconditional_vae\fold0\unconditional_vae_z3_seed42,subject19,120,90,1.1102230246251565e-16,0,1,0,0.2568865982362891,0.04900062569239538,0.1111111111111111,0.40555555555555556,0.28888888888888886,0.2583333333333334,0.0888888888888889,0.08333333333333337,0.29999999999999993,0.3666666666666667,0.0,0.14166666666666672,0.10833333333333334
unconditional_vae\fold0\unconditional_vae_z3_seed42,subject24,120,90,8.326672684688674e-17,0,5,0,0.16679549506597757,0.020550617184214026,0.13611111111111107,0.24722222222222223,0.21944444444444444,0.29444444444444445,0.20833333333333337,0.2416666666666667,0.14722222222222223,0.13333333333333336,0.047222222222222276,0.19444444444444445,0.20833333333333337
unconditional_vae\fold0\unconditional_vae_z3_seed42,subject27,120,90,1.1102230246251565e-16,0,2,0,0.7438898328001775,0.15110808179222368,0.5694444444444444,0.29166666666666663,0.33333333333333337,0.3555555555555555,0.0888888888888889,0.11666666666666664,0.4138888888888889,0.3194444444444444,0.011111111111111072,0.37222222222222223,0.16388888888888892
unconditional_vae\fold0\unconditional_vae_z3_seed42,subject34,120,90,1.1102230246251565e-16,0,3,0,0.6570853868110214,0.12639780284922875,0.1638888888888889,0.14166666666666666,0.19722222222222224,0.5222222222222221,0.35277777777777775,0.39722222222222225,0.49444444444444446,0.26666666666666666,0.0444444444444444,0.13611111111111113,0.38888888888888895
unconditional_vae\fold0\unconditional_vae_z3_seed42,subject35,120,86,1.1188966420050406e-16,0,9,0,0.4517990047740814,0.07887338342551731,0.21744186046511627,0.4153100775193798,0.29670542635658914,0.2052325581395349,0.19844961240310077,0.17693798449612405,0.2757751937984496,0.21705426356589147,0.005038759689922512,0.36395348837209307,0.17713178294573642
unconditional_vae\fold0\unconditional_vae_z3_seed43,subject05,120,90,1.465841337200402e-16,0,0,0,0.6985727959052133,0.13714736411004624,0.2138888888888889,0.3027777777777778,0.2,0.24722222222222223,0.3194444444444445,0.25555555555555554,0.4388888888888889,0.5166666666666667,0.005555555555555647,0.5527777777777778,0.2694444444444445
unconditional_vae\fold0\unconditional_vae_z3_seed43,subject13,120,90,1.1102230246251565e-16,0,2,0,0.1507484730334947,0.019758956183305365,0.125,0.13333333333333341,0.15555555555555556,0.08333333333333333,0.2055555555555555,0.19722222222222224,0.2833333333333333,0.2861111111111111,0.002777777777777768,0.10000000000000009,0.21111111111111108
unconditional_vae\fold0\unconditional_vae_z3_seed43,subject19,120,90,8.326672684688674e-17,0,1,0,0.24127274928642883,0.04422010762153583,0.18611111111111117,0.3277777777777777,0.21944444444444444,0.13611111111111107,0.16666666666666669,0.10833333333333334,0.4222222222222222,0.4027777777777778,0.008333333333333304,0.2222222222222222,0.10555555555555557
unconditional_vae\fold0\unconditional_vae_z3_seed43,subject24,120,90,2.949029909160572e-16,0,3,0,0.14610292539737824,0.017262506374865594,0.175,0.2138888888888889,0.19166666666666676,0.2444444444444444,0.20000000000000007,0.23888888888888893,0.11388888888888887,0.125,0.03888888888888886,0.19444444444444445,0.20833333333333337
unconditional_vae\fold0\unconditional_vae_z3_seed43,subject27,120,90,1.1102230246251565e-16,0,0,0,0.850449950135117,0.1712729334485934,0.5527777777777778,0.29722222222222217,0.39444444444444443,0.48611111111111116,0.0722222222222223,0.16388888888888886,0.35555555555555557,0.2666666666666667,0.011111111111111072,0.36388888888888893,0.18333333333333324
unconditional_vae\fold0\unconditional_vae_z3_seed43,subject34,120,90,2.3592239273284576e-16,0,2,0,0.6729610245946009,0.12407608531499403,0.19166666666666668,0.13611111111111113,0.22777777777777775,0.5416666666666666,0.31666666666666665,0.37222222222222223,0.39722222222222225,0.3194444444444445,0.0444444444444444,0.15555555555555556,0.3861111111111111
unconditional_vae\fold0\unconditional_vae_z3_seed43,subject35,120,86,1.1188966420050406e-16,0,8,0,0.38187312042673494,0.06539517964027752,0.24728682170542637,0.3569767441860465,0.32170542635658916,0.19515503875968992,0.14941860465116275,0.17577519379844964,0.2808139534883721,0.23372093023255813,0.005038759689922512,0.37596899224806196,0.16085271317829453
unconditional_vae\fold0\unconditional_vae_z3_seed44,subject05,120,90,1.3877787807814457e-16,0,1,0,0.6373713453104393,0.12329359849404786,0.26111111111111107,0.32500000000000007,0.18333333333333335,0.20277777777777783,0.3416666666666666,0.32499999999999996,0.4222222222222222,0.4888888888888889,0.008333333333333304,0.4833333333333334,0.3333333333333333
unconditional_vae\fold0\unconditional_vae_z3_seed44,subject13,120,90,1.6653345369377348e-16,0,5,0,0.2301476329138712,0.03488015941846889,0.11666666666666664,0.15555555555555556,0.2222222222222222,0.10833333333333334,0.25,0.2305555555555555,0.25277777777777777,0.288888888888889,0.011111111111111072,0.16666666666666669,0.23333333333333334
unconditional_vae\fold0\unconditional_vae_z3_seed44,subject19,120,90,1.1102230246251565e-16,0,1,0,0.23543356938488325,0.047924311906609174,0.15555555555555556,0.3388888888888889,0.21944444444444444,0.1527777777777778,0.14166666666666672,0.13611111111111107,0.33611111111111114,0.3583333333333334,0.0,0.14722222222222225,0.13055555555555554
unconditional_vae\fold0\unconditional_vae_z3_seed44,subject24,120,90,1.1102230246251565e-16,0,13,0,0.18295180004710065,0.028208343661637714,0.1833333333333334,0.2027777777777778,0.18055555555555555,0.25,0.2138888888888888,0.26111111111111107,0.2222222222222222,0.15000000000000002,0.05555555555555558,0.2361111111111111,0.2583333333333334
unconditional_vae\fold0\unconditional_vae_z3_seed44,subject27,120,90,1.1102230246251565e-16,0,1,0,0.8329719041939967,0.17000527920800168,0.6055555555555555,0.25555555555555554,0.30555555555555547,0.44722222222222224,0.09166666666666656,0.14722222222222225,0.3666666666666667,0.29166666666666663,0.011111111111111072,0.38888888888888884,0.2138888888888889
unconditional_vae\fold0\unconditional_vae_z3_seed44,subject34,120,90,1.1102230246251565e-16,0,0,0,0.7154912368983988,0.13714259464891776,0.1166666666666667,0.2138888888888889,0.3194444444444445,0.44999999999999996,0.35,0.3944444444444445,0.5611111111111111,0.4055555555555556,0.0444444444444444,0.20833333333333337,0.41111111111111115
unconditional_vae\fold0\unconditional_vae_z3_seed44,subject35,120,86,1.0755285551056204e-16,0,13,0,0.3800689084734943,0.06251889967568525,0.22093023255813948,0.3236434108527132,0.3633720930232558,0.11007751937984496,0.1317829457364341,0.1224806201550388,0.21860465116279068,0.23372093023255813,0.011627906976744207,0.3959302325581396,0.12170542635658915
unconditional_vae\fold0\unconditional_vae_z8_seed42,subject05,120,90,1.465841337200402e-16,0,0,0,0.32397343689647196,0.06913353170347036,0.25,0.3277777777777777,0.3833333333333333,0.23055555555555562,0.15833333333333333,0.12222222222222223,0.23888888888888887,0.3055555555555555,0.005555555555555647,0.1722222222222222,0.11944444444444446
unconditional_vae\fold0\unconditional_vae_z8_seed42,subject13,120,90,1.1102230246251565e-16,0,3,0,0.2288621713671386,0.03700490510169807,0.18333333333333335,0.28888888888888886,0.22499999999999998,0.2305555555555555,0.2277777777777778,0.19444444444444442,0.30000000000000004,0.28055555555555556,0.002777777777777768,0.15000000000000002,0.20277777777777772
unconditional_vae\fold0\unconditional_vae_z8_seed42,subject19,120,90,5.551115123125783e-17,0,0,0,0.2668987758946879,0.04973231509268594,0.14444444444444443,0.37222222222222223,0.35833333333333334,0.20000000000000007,0.26666666666666666,0.2722222222222222,0.28888888888888886,0.23611111111111116,0.0,0.18333333333333335,0.2472222222222222
unconditional_vae\fold0\unconditional_vae_z8_seed42,subject24,120,90,8.326672684688674e-17,0,2,0,0.12026292000462169,0.014376961000088007,0.27499999999999997,0.15277777777777773,0.10833333333333328,0.20555555555555557,0.10277777777777775,0.13333333333333336,0.125,0.18055555555555555,0.022222222222222254,0.10277777777777775,0.1388888888888889
unconditional_vae\fold0\unconditional_vae_z8_seed42,subject27,120,90,1.6653345369377348e-16,0,0,0,0.4726487408032223,0.08876957743136393,0.6277777777777778,0.25,0.5638888888888889,0.28888888888888886,0.19166666666666676,0.125,0.20277777777777783,0.11111111111111105,0.011111111111111072,0.19722222222222222,0.11388888888888893
unconditional_vae\fold0\unconditional_vae_z8_seed42,subject34,120,90,8.326672684688674e-17,0,2,0,0.379737824561559,0.06796061971437461,0.125,0.16666666666666663,0.19444444444444448,0.26388888888888884,0.32499999999999996,0.3583333333333333,0.3472222222222222,0.2833333333333333,0.0444444444444444,0.12500000000000003,0.3444444444444444
unconditional_vae\fold0\unconditional_vae_z8_seed42,subject35,120,86,1.1796119636642288e-16,0,8,0,0.44844407434384204,0.07386849998922018,0.23410852713178298,0.33372093023255817,0.5920542635658914,0.18507751937984496,0.10058139534883723,0.13391472868217058,0.06220930232558142,0.10872093023255815,0.10503875968992249,0.14031007751937985,0.1455426356589148
unconditional_vae\fold0\unconditional_vae_z8_seed43,subject05,120,90,1.465841337200402e-16,0,0,0,0.28066517881413366,0.04981125905142636,0.20833333333333337,0.2583333333333334,0.16388888888888886,0.24722222222222223,0.2972222222222222,0.3027777777777778,0.21944444444444444,0.28888888888888886,0.005555555555555647,0.16388888888888892,0.2777777777777778
unconditional_vae\fold0\unconditional_vae_z8_seed43,subject13,120,90,1.1102230246251565e-16,0,1,0,0.27815218504274686,0.04510844646370993,0.17222222222222222,0.14166666666666672,0.11666666666666665,0.125,0.27222222222222214,0.26944444444444443,0.3861111111111111,0.3472222222222223,0.002777777777777768,0.09166666666666667,0.2666666666666667
unconditional_vae\fold0\unconditional_vae_z8_seed43,subject19,120,90,1.1102230246251565e-16,0,0,0,0.23339579248648246,0.039916637885859085,0.13055555555555554,0.2666666666666667,0.13611111111111113,0.2250000000000001,0.26111111111111107,0.22500000000000003,0.2694444444444445,0.21111111111111114,0.0,0.1111111111111111,0.22777777777777777
unconditional_vae\fold0\unconditional_vae_z8_seed43,subject24,120,90,8.326672684688674e-17,0,1,0,0.13136843310328583,0.011746218716193524,0.2194444444444444,0.21944444444444447,0.24444444444444446,0.15277777777777785,0.15833333333333333,0.16944444444444445,0.15555555555555556,0.17222222222222222,0.022222222222222254,0.16666666666666666,0.17500000000000002
unconditional_vae\fold0\unconditional_vae_z8_seed43,subject27,120,90,1.5092094240998222e-16,0,2,0,0.49314897453153295,0.09605789852598612,0.5472222222222222,0.32499999999999996,0.43888888888888883,0.4138888888888889,0.13333333333333341,0.09722222222222221,0.13611111111111118,0.12222222222222223,0.01388888888888895,0.17500000000000004,0.12222222222222223
unconditional_vae\fold0\unconditional_vae_z8_seed43,subject34,120,90,1.6653345369377348e-16,0,1,0,0.31990212982350696,0.059563162943721326,0.23055555555555557,0.16388888888888886,0.06666666666666676,0.3888888888888889,0.25,0.2694444444444445,0.3194444444444444,0.19444444444444442,0.0444444444444444,0.11944444444444446,0.2611111111111111
unconditional_vae\fold0\unconditional_vae_z8_seed43,subject35,120,86,1.1102230246251565e-16,0,6,0,0.4009240445457123,0.06982340207857629,0.21259689922480618,0.39031007751937985,0.45872093023255817,0.25,0.20794573643410852,0.23410852713178296,0.07693798449612402,0.12364341085271313,0.08003875968992247,0.15406976744186052,0.21395348837209305
unconditional_vae\fold0\unconditional_vae_z8_seed44,subject05,120,90,1.1102230246251565e-16,0,0,0,0.21550495307429696,0.03712897216992839,0.19444444444444448,0.2583333333333334,0.22222222222222224,0.2777777777777778,0.22777777777777775,0.20833333333333331,0.19444444444444448,0.36111111111111116,0.011111111111111072,0.15833333333333335,0.23333333333333334
unconditional_vae\fold0\unconditional_vae_z8_seed44,subject13,120,90,1.5092094240998222e-16,0,3,0,0.2022923815764477,0.0339567925905766,0.125,0.15833333333333333,0.1527777777777778,0.09722222222222221,0.25,0.22777777777777775,0.2833333333333333,0.26388888888888895,0.01388888888888895,0.125,0.22777777777777777
unconditional_vae\fold0\unconditional_vae_z8_seed44,subject19,120,90,1.1102230246251565e-16,0,1,0,0.08841990451047099,0.008160716398164958,0.1444444444444445,0.13333333333333341,0.1111111111111111,0.10555555555555557,0.16944444444444443,0.1166666666666667,0.25555555555555554,0.2333333333333334,0.0,0.13888888888888884,0.1111111111111111
unconditional_vae\fold0\unconditional_vae_z8_seed44,subject24,120,90,1.1102230246251565e-16,0,3,0,0.1316022866190032,0.011650533865964152,0.175,0.20555555555555555,0.15000000000000002,0.14444444444444443,0.1416666666666666,0.18333333333333335,0.125,0.19722222222222222,0.022222222222222254,0.0888888888888889,0.19166666666666665
unconditional_vae\fold0\unconditional_vae_z8_seed44,subject27,120,90,1.1102230246251565e-16,0,0,0,0.5298906386694417,0.10274257750343618,0.5805555555555555,0.4722222222222222,0.6305555555555555,0.2972222222222222,0.13888888888888887,0.14722222222222223,0.16666666666666666,0.1,0.011111111111111072,0.14722222222222225,0.16944444444444445
unconditional_vae\fold0\unconditional_vae_z8_seed44,subject34,120,90,8.326672684688674e-17,0,1,0,0.3252824717353593,0.056944440015440856,0.15555555555555556,0.15833333333333333,0.16944444444444445,0.3583333333333333,0.27499999999999997,0.3194444444444445,0.3416666666666667,0.28611111111111115,0.0444444444444444,0.20277777777777778,0.31111111111111117
unconditional_vae\fold0\unconditional_vae_z8_seed44,subject35,120,86,8.326672684688674e-17,0,3,0,0.4965881479937999,0.08368286879736586,0.21414728682170547,0.44050387596899226,0.5187984496124031,0.17170542635658914,0.20891472868217056,0.22558139534883723,0.09360465116279068,0.10368217054263562,0.09670542635658907,0.1275193798449612,0.23391472868217053
unconditional_vae\fold1\unconditional_vae_z3_seed42,subject08,120,90,1.465841337200402e-16,0,10,0,2.834031404257007,0.511688029171865,0.43611111111111106,0.7527777777777778,0.8666666666666667,0.6916666666666667,0.10833333333333334,0.5472222222222222,0.5916666666666668,0.4555555555555556,0.005555555555555647,0.26111111111111107,0.5638888888888889
unconditional_vae\fold1\unconditional_vae_z3_seed42,subject18,120,90,2.220446049250313e-16,0,0,0,1.1141363990186441,0.20125633961011236,0.20277777777777778,0.5249999999999999,0.6166666666666667,0.19444444444444442,0.3055555555555556,0.21388888888888885,0.5888888888888889,0.5333333333333334,0.002777777777777768,0.3,0.19444444444444442
unconditional_vae\fold1\unconditional_vae_z3_seed42,subject23,120,90,6.938893903907228e-17,0,2,0,0.3485306656564746,0.05470050279431227,0.1694444444444444,0.12777777777777777,0.2583333333333333,0.39999999999999997,0.225,0.3,0.4083333333333333,0.15,0.2222222222222222,0.18055555555555555,0.2972222222222222
unconditional_vae\fold1\unconditional_vae_z3_seed42,subject25,120,90,8.326672684688674e-17,0,6,0,0.8654497217122157,0.16537912842592928,0.2861111111111111,0.40555555555555556,0.21111111111111114,0.19166666666666665,0.4388888888888889,0.3472222222222222,0.6444444444444445,0.5083333333333333,0.35277777777777775,0.37777777777777777,0.35
unconditional_vae\fold1\unconditional_vae_z3_seed42,subject26,120,90,2.220446049250313e-16,0,7,0,1.7041129406687827,0.2661318444046752,0.21666666666666667,0.1222222222222222,0.3083333333333334,0.10555555555555557,0.7083333333333333,0.6583333333333334,0.6861111111111111,0.6416666666666666,0.07777777777777772,0.25555555555555554,0.6555555555555556
unconditional_vae\fold1\unconditional_vae_z3_seed42,subject41,120,13,1.1102230246251565e-16,0,6,0,1.5709384981876648,0.15817884372584,0.5237179487179486,0.41730769230769227,0.34615384615384615,0.4551282051282051,0.1807692307692308,0.28589743589743594,0.458974358974359,0.30320512820512824,0.14551282051282055,0.45897435897435895,0.4525641025641026
unconditional_vae\fold1\unconditional_vae_z3_seed42,subject43,120,90,1.1102230246251565e-16,0,0,0,0.23281728496798149,0.035316949239483586,0.15555555555555556,0.2833333333333333,0.2833333333333333,0.2722222222222222,0.2055555555555556,0.23611111111111105,0.26111111111111107,0.17222222222222217,0.011111111111111072,0.18611111111111112,0.2583333333333333
unconditional_vae\fold1\unconditional_vae_z3_seed43,subject08,120,90,4.440892098500626e-16,0,14,0,2.9388091769416596,0.518719214093996,0.4638888888888889,0.7000000000000001,0.8277777777777777,0.5944444444444444,0.15000000000000002,0.3972222222222222,0.6027777777777779,0.5777777777777777,0.0722222222222223,0.5194444444444444,0.39722222222222225
unconditional_vae\fold1\unconditional_vae_z3_seed43,subject18,120,90,1.6653345369377348e-16,0,0,0,1.1195221630844432,0.19528217037978435,0.25277777777777777,0.5138888888888888,0.6083333333333334,0.3111111111111111,0.3361111111111111,0.2861111111111111,0.5305555555555557,0.5249999999999999,0.002777777777777768,0.3166666666666667,0.25555555555555565
unconditional_vae\fold1\unconditional_vae_z3_seed43,subject23,120,90,1.1102230246251565e-16,0,1,0,0.3795192929528324,0.05752875657303502,0.10833333333333339,0.09444444444444444,0.2888888888888889,0.425,0.30000000000000004,0.3527777777777778,0.3444444444444445,0.16666666666666666,0.2222222222222222,0.1527777777777778,0.3333333333333333
unconditional_vae\fold1\unconditional_vae_z3_seed43,subject25,120,90,1.1102230246251565e-16,0,13,0,1.044551783627187,0.18157946906256006,0.20277777777777772,0.27222222222222214,0.21944444444444444,0.3861111111111111,0.41944444444444445,0.2666666666666667,0.6666666666666667,0.5444444444444445,0.38611111111111107,0.28055555555555556,0.2583333333333333
unconditional_vae\fold1\unconditional_vae_z3_seed43,subject26,120,90,1.6653345369377348e-16,0,3,0,1.5572016008615854,0.23604465314543943,0.15833333333333333,0.16944444444444445,0.3166666666666667,0.09444444444444444,0.7166666666666666,0.6333333333333333,0.6777777777777778,0.6722222222222223,0.061111111111111005,0.2194444444444445,0.6499999999999999
unconditional_vae\fold1\unconditional_vae_z3_seed43,subject41,120,13,1.8041124150158794e-16,0,3,0,1.3897522664423554,0.12397763421324448,0.46538461538461534,0.4006410256410256,0.30448717948717946,0.44679487179487176,0.24038461538461542,0.40256410256410263,0.4673076923076923,0.2865384615384615,0.13717948717948714,0.317948717948718,0.5089743589743589
unconditional_vae\fold1\unconditional_vae_z3_seed43,subject43,120,90,5.551115123125783e-17,0,2,0,0.2415930726755442,0.039322567512310225,0.15833333333333335,0.33611111111111114,0.34444444444444444,0.29999999999999993,0.18611111111111106,0.19444444444444445,0.21111111111111108,0.14166666666666666,0.011111111111111072,0.13055555555555554,0.20833333333333331
unconditional_vae\fold1\unconditional_vae_z3_seed44,subject08,120,90,1.1102230246251565e-16,0,22,0,2.496076245833003,0.45998185551934,0.4638888888888889,0.6833333333333333,0.775,0.6555555555555556,0.2583333333333333,0.3361111111111111,0.6666666666666667,0.586111111111111,0.030555555555555558,0.4,0.3416666666666667
unconditional_vae\fold1\unconditional_vae_z3_seed44,subject18,120,90,1.1102230246251565e-16,0,0,0,1.3797587879634166,0.2502322585583322,0.3027777777777778,0.5277777777777778,0.663888888888889,0.21111111111111114,0.3222222222222223,0.22777777777777775,0.65,0.6527777777777778,0.002777777777777768,0.36944444444444446,0.21666666666666667
unconditional_vae\fold1\unconditional_vae_z3_seed44,subject23,120,90,1.1102230246251565e-16,0,2,0,0.3462124102955677,0.05270612119234119,0.18888888888888888,0.11111111111111116,0.3111111111111111,0.26666666666666666,0.24722222222222223,0.3444444444444445,0.40277777777777773,0.20277777777777778,0.2222222222222222,0.18888888888888888,0.32499999999999996
unconditional_vae\fold1\unconditional_vae_z3_seed44,subject25,120,90,1.6653345369377348e-16,0,0,0,0.7584590842351595,0.13306842332705626,0.2333333333333334,0.39444444444444443,0.2277777777777778,0.225,0.4138888888888889,0.2972222222222223,0.5833333333333333,0.45277777777777783,0.3111111111111111,0.38055555555555554,0.2833333333333333
unconditional_vae\fold1\unconditional_vae_z3_seed44,subject26,120,90,1.1102230246251565e-16,0,2,0,1.6130263004419172,0.24120605699003417,0.15000000000000002,0.17777777777777778,0.3083333333333333,0.2416666666666667,0.6916666666666667,0.6000000000000001,0.7,0.6416666666666666,0.061111111111111005,0.2833333333333333,0.6166666666666667
unconditional_vae\fold1\unconditional_vae_z3_seed44,subject41,120,13,1.1102230246251565e-16,0,3,0,1.4834006840758138,0.134729797782717,0.3775641025641025,0.4423076923076923,0.4128205128205128,0.42179487179487174,0.22307692307692317,0.3442307692307693,0.4756410256410256,0.34487179487179487,0.0871794871794872,0.45897435897435895,0.4692307692307693
unconditional_vae\fold1\unconditional_vae_z3_seed44,subject43,120,90,1.6653345369377348e-16,0,0,0,0.42192747940344244,0.07887087311441665,0.24166666666666667,0.41388888888888886,0.46944444444444444,0.3833333333333333,0.21111111111111114,0.23333333333333334,0.25555555555555565,0.18055555555555558,0.011111111111111072,0.17777777777777778,0.2583333333333333
unconditional_vae\fold1\unconditional_vae_z8_seed42,subject08,120,90,2.220446049250313e-16,0,6,0,1.6689049345453317,0.2795246758313503,0.3916666666666666,0.7000000000000001,0.788888888888889,0.29444444444444445,0.15555555555555556,0.37777777777777777,0.5027777777777778,0.36388888888888893,0.022222222222222254,0.19444444444444448,0.38055555555555565
unconditional_vae\fold1\unconditional_vae_z8_seed42,subject18,120,90,1.5092094240998222e-16,0,0,0,0.6865701825192394,0.11996945208398457,0.21111111111111108,0.5333333333333334,0.5916666666666667,0.15555555555555556,0.18333333333333335,0.18333333333333335,0.3305555555555555,0.3416666666666666,0.01388888888888895,0.14166666666666666,0.19444444444444442
unconditional_vae\fold1\unconditional_vae_z8_seed42,subject23,120,90,1.3877787807814457e-16,0,2,0,0.1570654632323869,0.025431759847058477,0.12777777777777777,0.12777777777777777,0.21111111111111114,0.3416666666666666,0.08333333333333337,0.06666666666666665,0.3611111111111111,0.13055555555555565,0.2055555555555555,0.09166666666666667,0.05833333333333335
unconditional_vae\fold1\unconditional_vae_z8_seed42,subject25,120,90,9.71445146547012e-17,0,4,0,0.33519202489633715,0.05038932658996986,0.21944444444444444,0.27222222222222225,0.19444444444444442,0.16666666666666663,0.21388888888888888,0.15833333333333338,0.35,0.3111111111111111,0.38611111111111107,0.1333333333333333,0.1138888888888889
unconditional_vae\fold1\unconditional_vae_z8_seed42,subject26,120,90,1.1102230246251565e-16,0,4,0,0.8986279961180812,0.12666728074501887,0.2416666666666667,0.14444444444444446,0.21111111111111108,0.05833333333333335,0.4388888888888889,0.3277777777777778,0.5833333333333333,0.55,0.06944444444444442,0.15555555555555556,0.3194444444444445
unconditional_vae\fold1\unconditional_vae_z8_seed42,subject41,120,13,1.1102230246251565e-16,0,2,0,1.051459581843535,0.050417618928606744,0.3903846153846154,0.38653846153846155,0.2294871794871795,0.3532051282051282,0.3942307692307692,0.21346153846153848,0.41987179487179493,0.3782051282051282,0.10384615384615381,0.30320512820512824,0.1737179487179487
unconditional_vae\fold1\unconditional_vae_z8_seed42,subject43,120,90,1.5265566588595902e-16,0,0,0,0.15570496994574778,0.019868450615571298,0.10277777777777786,0.2972222222222222,0.25555555555555554,0.12777777777777782,0.23333333333333334,0.22777777777777775,0.09166666666666656,0.08611111111111108,0.011111111111111072,0.14722222222222225,0.24166666666666664
unconditional_vae\fold1\unconditional_vae_z8_seed43,subject08,120,90,7.632783294297951e-17,0,3,0,1.5188361917447426,0.26921901456506203,0.38055555555555554,0.6444444444444445,0.7972222222222223,0.1638888888888889,0.4555555555555555,0.3555555555555555,0.40277777777777773,0.2611111111111111,0.047222222222222276,0.07222222222222224,0.38333333333333336
unconditional_vae\fold1\unconditional_vae_z8_seed43,subject18,120,90,1.1102230246251565e-16,0,1,0,0.5040328423193898,0.08512628377067277,0.2666666666666667,0.42499999999999993,0.5166666666666667,0.18888888888888888,0.16388888888888886,0.19166666666666668,0.2611111111111111,0.3027777777777778,0.011111111111111072,0.14444444444444443,0.21111111111111108
unconditional_vae\fold1\unconditional_vae_z8_seed43,subject23,120,90,1.1102230246251565e-16,0,0,0,0.15533090762797963,0.023091217819878995,0.16944444444444445,0.19444444444444442,0.30000000000000004,0.35833333333333334,0.1972222222222223,0.11944444444444446,0.25,0.19444444444444442,0.2222222222222222,0.07499999999999996,0.125
unconditional_vae\fold1\unconditional_vae_z8_seed43,subject25,120,90,1.1102230246251565e-16,0,6,0,0.4136591070258282,0.06163980878611619,0.25555555555555554,0.3555555555555556,0.18055555555555555,0.24444444444444446,0.26666666666666666,0.23888888888888893,0.34166666666666673,0.29444444444444445,0.35277777777777775,0.1,0.21111111111111114
unconditional_vae\fold1\unconditional_vae_z8_seed43,subject26,120,90,9.71445146547012e-17,0,1,0,0.9052753452945193,0.12665353210634012,0.21666666666666667,0.14166666666666666,0.11388888888888882,0.08333333333333337,0.44999999999999996,0.3222222222222222,0.5638888888888889,0.55,0.061111111111111005,0.19444444444444448,0.325
unconditional_vae\fold1\unconditional_vae_z8_seed43,subject41,120,13,1.942890293094024e-16,0,0,0,1.1294426778266105,0.06707848854651899,0.458974358974359,0.358974358974359,0.2794871794871795,0.3967948717948718,0.3608974358974359,0.2384615384615384,0.41987179487179493,0.3698717948717949,0.11217948717948723,0.2846153846153846,0.21089743589743587
unconditional_vae\fold1\unconditional_vae_z8_seed43,subject43,120,90,1.249000902703301e-16,0,1,0,0.09105025080825158,0.006166151178042867,0.10555555555555551,0.20555555555555555,0.24444444444444446,0.13888888888888884,0.11388888888888893,0.11944444444444441,0.0722222222222223,0.10277777777777775,0.011111111111111072,0.11111111111111105,0.10833333333333334
unconditional_vae\fold1\unconditional_vae_z8_seed44,subject08,120,90,1.3877787807814457e-16,0,3,0,1.35457564895193,0.23660107250822426,0.2972222222222223,0.6555555555555556,0.7416666666666667,0.20277777777777783,0.4277777777777778,0.4027777777777778,0.41111111111111115,0.2888888888888889,0.002777777777777768,0.1388888888888889,0.4027777777777778
unconditional_vae\fold1\unconditional_vae_z8_seed44,subject18,120,90,1.1102230246251565e-16,0,0,0,0.6637585185360741,0.11517268745735632,0.2250000000000001,0.5166666666666666,0.5194444444444445,0.1777777777777778,0.18888888888888888,0.2055555555555556,0.3194444444444444,0.3138888888888889,0.011111111111111072,0.1,0.20833333333333331
unconditional_vae\fold1\unconditional_vae_z8_seed44,subject23,120,90,9.71445146547012e-17,0,0,0,0.1696075433583797,0.024894998760091602,0.20277777777777772,0.11111111111111116,0.2361111111111111,0.325,0.18055555555555558,0.14722222222222225,0.28611111111111115,0.07222222222222224,0.17222222222222217,0.1138888888888889,0.1416666666666666
unconditional_vae\fold1\unconditional_vae_z8_seed44,subject25,120,90,1.1102230246251565e-16,0,5,0,0.3019568278910456,0.040230944624836895,0.30555555555555547,0.16111111111111115,0.14166666666666666,0.17500000000000004,0.23333333333333336,0.15555555555555556,0.3277777777777778,0.26944444444444443,0.3194444444444444,0.19999999999999996,0.1527777777777778
unconditional_vae\fold1\unconditional_vae_z8_seed44,subject26,120,90,9.71445146547012e-17,0,0,0,0.737664987918405,0.09554530606869949,0.21666666666666667,0.18611111111111112,0.16666666666666669,0.1444444444444445,0.43611111111111106,0.33888888888888885,0.4861111111111111,0.4666666666666666,0.061111111111111005,0.1694444444444444,0.32499999999999996
unconditional_vae\fold1\unconditional_vae_z8_seed44,subject41,120,13,5.551115123125783e-17,0,0,0,1.0677172462725433,0.05029609591870943,0.4403846153846153,0.4256410256410256,0.24615384615384617,0.37820512820512825,0.41923076923076924,0.29423076923076924,0.45705128205128204,0.3782051282051282,0.10384615384615381,0.2512820512820513,0.28589743589743594
unconditional_vae\fold1\unconditional_vae_z8_seed44,subject43,120,90,1.1102230246251565e-16,0,1,0,0.24848494048094683,0.03688982565438437,0.22222222222222232,0.4222222222222222,0.29444444444444445,0.19166666666666665,0.23888888888888893,0.2583333333333333,0.1138888888888889,0.09166666666666667,0.011111111111111072,0.11388888888888887,0.25
unconditional_vae\fold2\unconditional_vae_z3_seed42,subject01,120,90,9.71445146547012e-17,0,13,0,0.36426857184882033,0.06739576880778242,0.14444444444444443,0.125,0.12222222222222223,0.1166666666666667,0.4305555555555556,0.45833333333333326,0.27499999999999997,0.15833333333333333,0.025000000000000022,0.11944444444444446,0.45277777777777783
unconditional_vae\fold2\unconditional_vae_z3_seed42,subject04,120,90,1.3877787807814457e-16,0,4,0,0.3692215192861865,0.07089405755334266,0.23611111111111116,0.29166666666666674,0.18333333333333335,0.2916666666666667,0.40555555555555556,0.4138888888888889,0.18333333333333335,0.09999999999999999,0.0,0.09444444444444444,0.43333333333333335
unconditional_vae\fold2\unconditional_vae_z3_seed42,subject10,120,90,8.326672684688674e-17,0,3,0,0.5053046124372433,0.09701410805813393,0.275,0.4333333333333333,0.3,0.25555555555555554,0.36944444444444446,0.3527777777777778,0.23888888888888882,0.13611111111111107,0.022222222222222254,0.1222222222222222,0.37499999999999994
unconditional_vae\fold2\unconditional_vae_z3_seed42,subject12,120,90,1.1102230246251565e-16,0,1,0,0.5563032870915388,0.10070218258038144,0.0944444444444445,0.3916666666666667,0.4027777777777778,0.38055555555555554,0.1499999999999999,0.2583333333333333,0.3861111111111111,0.19166666666666665,0.0,0.09999999999999998,0.24722222222222223
unconditional_vae\fold2\unconditional_vae_z3_seed42,subject15,120,89,1.1102230246251565e-16,0,2,0,0.2846135149164968,0.04959596602984295,0.18417602996254678,0.3176966292134831,0.26732209737827717,0.20299625468164795,0.1952247191011236,0.21189138576779032,0.1417602996254681,0.10430711610486892,0.126498127340824,0.1882958801498127,0.23820224719101124
unconditional_vae\fold2\unconditional_vae_z3_seed42,subject21,120,90,5.551115123125783e-17,0,5,0,1.1426554288510573,0.2256502907186818,0.20000000000000007,0.4222222222222222,0.4166666666666667,0.3166666666666666,0.48055555555555557,0.6083333333333333,0.55,0.4472222222222222,0.02777777777777768,0.23888888888888893,0.6416666666666667
unconditional_vae\fold2\unconditional_vae_z3_seed42,subject36,120,90,1.1102230246251565e-16,0,0,0,0.5247329845719086,0.09855720587609362,0.13611111111111107,0.19166666666666665,0.20277777777777778,0.28055555555555556,0.09999999999999998,0.15833333333333333,0.6138888888888888,0.6388888888888888,0.0,0.25,0.16111111111111104
unconditional_vae\fold2\unconditional_vae_z3_seed43,subject01,120,90,1.3877787807814457e-16,0,10,0,0.416215301703736,0.07766961539848616,0.15833333333333344,0.2,0.1611111111111111,0.2666666666666667,0.4444444444444445,0.475,0.25277777777777777,0.11944444444444444,0.025000000000000022,0.125,0.48055555555555557
unconditional_vae\fold2\unconditional_vae_z3_seed43,subject04,120,90,1.5265566588595902e-16,0,1,0,0.2891488542109566,0.056133740910230046,0.1166666666666667,0.21944444444444444,0.22499999999999998,0.31666666666666665,0.3777777777777777,0.4194444444444445,0.14722222222222214,0.125,0.0,0.06666666666666665,0.43611111111111117
unconditional_vae\fold2\unconditional_vae_z3_seed43,subject10,120,90,1.1102230246251565e-16,0,2,0,0.4484851894046402,0.0895558893218169,0.20555555555555557,0.4416666666666667,0.3500000000000001,0.27222222222222214,0.3944444444444445,0.3833333333333333,0.13888888888888884,0.06666666666666665,0.022222222222222254,0.12777777777777777,0.3972222222222222
unconditional_vae\fold2\unconditional_vae_z3_seed43,subject12,120,90,1.1102230246251565e-16,0,1,0,0.697088497545082,0.13216078771455675,0.11944444444444441,0.48333333333333334,0.5249999999999999,0.32499999999999996,0.11111111111111105,0.21111111111111114,0.4388888888888889,0.31111111111111106,0.0,0.08888888888888888,0.23055555555555557
unconditional_vae\fold2\unconditional_vae_z3_seed43,subject15,120,89,8.326672684688674e-17,0,2,0,0.2772992874686895,0.0500058283696192,0.1038389513108614,0.3876404494382022,0.3293071161048689,0.21385767790262172,0.10149812734082397,0.11320224719101124,0.253183520599251,0.1679775280898877,0.126498127340824,0.1382958801498127,0.13380149812734082
unconditional_vae\fold2\unconditional_vae_z3_seed43,subject21,120,90,1.1102230246251565e-16,0,7,0,1.0962137216223833,0.21183180991753214,0.20277777777777778,0.40555555555555556,0.4444444444444444,0.32499999999999996,0.4694444444444444,0.5972222222222222,0.55,0.4388888888888889,0.019444444444444375,0.25277777777777777,0.6083333333333334
unconditional_vae\fold2\unconditional_vae_z3_seed43,subject36,120,90,1.1102230246251565e-16,0,0,0,0.572158959171682,0.11109175473176625,0.18611111111111106,0.1416666666666666,0.2833333333333333,0.24722222222222223,0.2138888888888888,0.1499999999999999,0.6333333333333334,0.6555555555555556,0.008333333333333304,0.17500000000000004,0.1527777777777778
unconditional_vae\fold2\unconditional_vae_z3_seed44,subject01,120,90,1.5265566588595902e-16,0,10,0,0.47189422378071333,0.08535385717417143,0.15833333333333333,0.13333333333333333,0.13888888888888884,0.1694444444444444,0.45277777777777783,0.5111111111111111,0.2583333333333333,0.19166666666666665,0.025000000000000022,0.10277777777777786,0.49722222222222223
unconditional_vae\fold2\unconditional_vae_z3_seed44,subject04,120,90,1.1102230246251565e-16,0,3,0,0.27469885717952414,0.04785454920084331,0.2055555555555556,0.2666666666666667,0.20000000000000007,0.18333333333333335,0.2972222222222223,0.3194444444444445,0.16388888888888886,0.1166666666666667,0.0,0.16944444444444445,0.3333333333333333
unconditional_vae\fold2\unconditional_vae_z3_seed44,subject10,120,90,5.551115123125783e-17,0,1,0,0.6322026698812455,0.12056612439173986,0.30833333333333335,0.44166666666666665,0.25,0.23611111111111116,0.4472222222222222,0.4361111111111111,0.26388888888888884,0.2,0.022222222222222254,0.14722222222222223,0.45833333333333326
unconditional_vae\fold2\unconditional_vae_z3_seed44,subject12,120,90,1.1102230246251565e-16,0,2,0,0.7589482634503644,0.1376847850157744,0.2194444444444445,0.4916666666666667,0.47777777777777775,0.2833333333333333,0.2944444444444444,0.3916666666666666,0.3527777777777778,0.20833333333333331,0.008333333333333304,0.14444444444444443,0.3944444444444445
unconditional_vae\fold2\unconditional_vae_z3_seed44,subject15,120,89,8.326672684688674e-17,0,2,0,0.38320147211882594,0.07229046296222585,0.224812734082397,0.4314606741573034,0.3644194756554307,0.20299625468164795,0.1952247191011236,0.21582397003745318,0.1560861423220974,0.1804307116104869,0.1348314606741573,0.16039325842696628,0.26947565543071156
unconditional_vae\fold2\unconditional_vae_z3_seed44,subject21,120,90,1.1102230246251565e-16,0,3,0,1.3565393087035202,0.26362110455529864,0.23611111111111105,0.5055555555555555,0.4527777777777778,0.29166666666666663,0.5277777777777777,0.6361111111111111,0.5916666666666667,0.5388888888888889,0.02777777777777768,0.3055555555555556,0.6583333333333334
unconditional_vae\fold2\unconditional_vae_z3_seed44,subject36,120,90,1.1102230246251565e-16,0,0,0,0.5205588648226218,0.10200109269705038,0.23888888888888893,0.15,0.25277777777777777,0.25555555555555554,0.15000000000000002,0.24166666666666664,0.5444444444444445,0.6583333333333333,0.0,0.20277777777777778,0.23055555555555557
unconditional_vae\fold2\unconditional_vae_z8_seed42,subject01,120,90,8.326672684688674e-17,0,3,0,0.13804621389952487,0.021544929603838803,0.16388888888888886,0.15833333333333335,0.2222222222222222,0.13611111111111113,0.11111111111111116,0.11111111111111116,0.08888888888888888,0.20000000000000007,0.04166666666666663,0.13055555555555554,0.10277777777777775
unconditional_vae\fold2\unconditional_vae_z8_seed42,subject04,120,90,1.5265566588595902e-16,0,1,0,0.09196056594252777,0.01081547111358716,0.20277777777777778,0.275,0.125,0.13333333333333336,0.11388888888888893,0.10277777777777786,0.09444444444444444,0.08055555555555555,0.05833333333333335,0.09166666666666667,0.125
unconditional_vae\fold2\unconditional_vae_z8_seed42,subject10,120,90,1.1102230246251565e-16,0,0,0,0.11784750892773355,0.014732488817519651,0.10277777777777775,0.3583333333333333,0.21944444444444444,0.18055555555555547,0.1527777777777778,0.09166666666666667,0.23888888888888882,0.1388888888888889,0.022222222222222254,0.0888888888888889,0.10555555555555551
unconditional_vae\fold2\unconditional_vae_z8_seed42,subject12,120,90,1.1102230246251565e-16,0,0,0,0.5038424131672623,0.09302994541109233,0.16111111111111104,0.3583333333333334,0.45,0.23333333333333334,0.15833333333333333,0.22499999999999998,0.3555555555555555,0.17222222222222222,0.0,0.1527777777777778,0.2222222222222222
unconditional_vae\fold2\unconditional_vae_z8_seed42,subject15,120,89,1.1102230246251565e-16,0,0,0,0.19466028569552662,0.030020382523104794,0.1433520599250937,0.2734082397003746,0.25749063670411987,0.1946629213483146,0.2035580524344569,0.21985018726591765,0.08108614232209738,0.06844569288389513,0.1348314606741573,0.14307116104868922,0.21226591760299618
unconditional_vae\fold2\unconditional_vae_z8_seed42,subject21,120,90,9.71445146547012e-17,0,0,0,0.37450224279053224,0.06881016885157665,0.1166666666666667,0.38055555555555554,0.3527777777777778,0.14722222222222225,0.21111111111111108,0.2972222222222222,0.45,0.3194444444444445,0.047222222222222276,0.19166666666666668,0.31666666666666665
unconditional_vae\fold2\unconditional_vae_z8_seed42,subject36,120,90,1.3877787807814457e-16,0,0,0,0.09663993271809801,0.008520402077891398,0.1444444444444445,0.19999999999999998,0.09444444444444444,0.1472222222222222,0.09722222222222221,0.0888888888888889,0.21666666666666667,0.2833333333333333,0.0,0.09722222222222221,0.07777777777777783
unconditional_vae\fold2\unconditional_vae_z8_seed43,subject01,120,90,1.1796119636642288e-16,0,0,0,0.17032529009405817,0.033606267948435686,0.14722222222222225,0.1361111111111111,0.18055555555555547,0.1638888888888889,0.18055555555555547,0.1527777777777778,0.13333333333333333,0.22222222222222232,0.01666666666666672,0.13333333333333333,0.14722222222222214
unconditional_vae\fold2\unconditional_vae_z8_seed43,subject04,120,90,1.1102230246251565e-16,0,0,0,0.12995905920809925,0.019301969237377814,0.19444444444444442,0.26111111111111107,0.18333333333333335,0.2,0.19166666666666668,0.18055555555555555,0.10277777777777775,0.0888888888888889,0.050000000000000044,0.11944444444444446,0.175
unconditional_vae\fold2\unconditional_vae_z8_seed43,subject10,120,90,1.3877787807814457e-16,0,0,0,0.18334733525585767,0.032385842768683615,0.1444444444444445,0.33333333333333337,0.27222222222222225,0.14444444444444438,0.1694444444444445,0.1611111111111111,0.26111111111111107,0.18611111111111112,0.002777777777777768,0.13055555555555556,0.16666666666666674
unconditional_vae\fold2\unconditional_vae_z8_seed43,subject12,120,90,1.3877787807814457e-16,0,0,0,0.5975885573868092,0.11339656750531946,0.10277777777777779,0.46388888888888885,0.45,0.4305555555555555,0.2694444444444445,0.3194444444444445,0.2361111111111111,0.11944444444444441,0.008333333333333304,0.09999999999999998,0.33333333333333326
unconditional_vae\fold2\unconditional_vae_z8_seed43,subject15,120,89,1.1102230246251565e-16,0,0,0,0.22101591649995633,0.0353842890576237,0.08220973782771535,0.276685393258427,0.19840823970037452,0.24756554307116108,0.2191011235955056,0.22818352059925096,0.13108614232209737,0.07209737827715355,0.11816479400749058,0.123501872659176,0.2444756554307116
unconditional_vae\fold2\unconditional_vae_z8_seed43,subject21,120,90,1.1102230246251565e-16,0,1,0,0.5359172754761263,0.09812209989069598,0.2138888888888889,0.49722222222222223,0.4166666666666667,0.27499999999999997,0.3055555555555556,0.4083333333333333,0.325,0.2194444444444445,0.0722222222222223,0.13055555555555554,0.4666666666666667
unconditional_vae\fold2\unconditional_vae_z8_seed43,subject36,120,90,1.3877787807814457e-16,0,0,0,0.09310241971893607,0.007678682722483177,0.12222222222222223,0.22499999999999998,0.13888888888888895,0.2305555555555555,0.07777777777777783,0.09999999999999998,0.20277777777777778,0.25,0.0,0.09722222222222221,0.08611111111111114
unconditional_vae\fold2\unconditional_vae_z8_seed44,subject01,120,90,1.1102230246251565e-16,0,5,0,0.13604088572325823,0.02104800822176489,0.10277777777777777,0.16666666666666669,0.1972222222222223,0.1527777777777778,0.11388888888888882,0.1611111111111111,0.11944444444444445,0.21111111111111114,0.050000000000000044,0.13888888888888887,0.1527777777777778
unconditional_vae\fold2\unconditional_vae_z8_seed44,subject04,120,90,1.1102230246251565e-16,0,2,0,0.14399176156639326,0.02236076039806567,0.19444444444444442,0.2722222222222222,0.17500000000000002,0.19999999999999996,0.22499999999999998,0.24722222222222223,0.0888888888888889,0.15277777777777785,0.050000000000000044,0.1166666666666667,0.2555555555555556
unconditional_vae\fold2\unconditional_vae_z8_seed44,subject10,120,90,1.5265566588595902e-16,0,1,0,0.3286538113078934,0.06135814802787709,0.17777777777777776,0.3916666666666666,0.2361111111111111,0.29722222222222217,0.2694444444444445,0.24166666666666664,0.3277777777777777,0.2305555555555555,0.019444444444444375,0.10277777777777786,0.2583333333333333
unconditional_vae\fold2\unconditional_vae_z8_seed44,subject12,120,90,1.1102230246251565e-16,0,0,0,0.6605200624906247,0.12191663539214281,0.13611111111111113,0.45,0.38888888888888884,0.4472222222222222,0.3583333333333333,0.40833333333333327,0.1916666666666667,0.11944444444444446,0.0,0.13888888888888895,0.41111111111111115
unconditional_vae\fold2\unconditional_vae_z8_seed44,subject15,120,89,8.326672684688674e-17,0,0,0,0.26248388356619934,0.04564634767729192,0.21835205992509366,0.274438202247191,0.1824906367041198,0.20262172284644195,0.2911985018726591,0.31985018726591763,0.09803370786516852,0.14700374531835203,0.126498127340824,0.15786516853932586,0.32350187265917607
unconditional_vae\fold2\unconditional_vae_z8_seed44,subject21,120,90,1.249000902703301e-16,0,1,0,0.6458637443729836,0.11661378462192762,0.14722222222222225,0.40555555555555556,0.37499999999999994,0.3166666666666666,0.3944444444444444,0.475,0.21666666666666667,0.14444444444444443,0.030555555555555558,0.09166666666666662,0.5
unconditional_vae\fold2\unconditional_vae_z8_seed44,subject36,120,90,1.1102230246251565e-16,0,1,0,0.0636064359153159,0.0010895718381603858,0.12777777777777782,0.15833333333333333,0.14444444444444438,0.15555555555555556,0.09999999999999998,0.10277777777777777,0.15833333333333335,0.15833333333333333,0.008333333333333304,0.09722222222222221,0.10277777777777777
unconditional_vae\fold3\unconditional_vae_z3_seed42,subject02,120,30,1.3877787807814457e-16,0,27,0,0.949879553823898,0.17633314541881584,0.33333333333333337,0.44999999999999996,0.21666666666666673,0.3166666666666667,0.33333333333333337,0.3583333333333334,0.34166666666666673,0.3583333333333334,0.01666666666666672,0.5,0.30000000000000004
unconditional_vae\fold3\unconditional_vae_z3_seed42,subject11,120,90,9.71445146547012e-17,0,0,0,0.6409663472766827,0.10858452473442459,0.25555555555555554,0.14166666666666666,0.5138888888888888,0.22499999999999998,0.09166666666666667,0.19166666666666665,0.3111111111111111,0.1777777777777777,0.022222222222222254,0.15555555555555556,0.16944444444444443
unconditional_vae\fold3\unconditional_vae_z3_seed42,subject22,120,90,1.1796119636642288e-16,0,7,0,0.3942486324254699,0.07172858056489972,0.26388888888888884,0.2138888888888889,0.2777777777777778,0.35,0.16388888888888886,0.20277777777777778,0.25555555555555554,0.2694444444444445,0.01666666666666672,0.37499999999999994,0.20277777777777778
unconditional_vae\fold3\unconditional_vae_z3_seed42,subject30,120,90,1.1102230246251565e-16,0,2,0,0.5002175266202658,0.0933436542510232,0.29444444444444445,0.23611111111111116,0.2222222222222222,0.19999999999999996,0.275,0.2138888888888889,0.4638888888888889,0.4444444444444444,0.0,0.38888888888888895,0.20277777777777778
unconditional_vae\fold3\unconditional_vae_z3_seed42,subject33,120,88,1.1102230246251565e-16,0,1,0,0.254833046176262,0.041807673778998966,0.19999999999999996,0.1537878787878787,0.1712121212121212,0.19696969696969702,0.3757575757575758,0.29318181818181815,0.4371212121212122,0.22878787878787876,0.045454545454545414,0.1977272727272727,0.29318181818181815
unconditional_vae\fold3\unconditional_vae_z3_seed42,subject37,120,90,1.1102230246251565e-16,0,0,0,1.576110466440499,0.27960567363874755,0.21666666666666667,0.2222222222222222,0.15833333333333333,0.3833333333333333,0.6000000000000001,0.5361111111111112,0.7083333333333334,0.7194444444444444,0.033333333333333326,0.3861111111111111,0.5333333333333334
unconditional_vae\fold3\unconditional_vae_z3_seed42,subject40,120,90,1.1102230246251565e-16,0,0,0,0.3528483889957865,0.06357815935839284,0.2361111111111111,0.2833333333333334,0.3861111111111112,0.18888888888888888,0.25555555555555554,0.2277777777777778,0.2222222222222222,0.19166666666666665,0.022222222222222254,0.1527777777777778,0.25
unconditional_vae\fold3\unconditional_vae_z3_seed43,subject02,120,30,1.1102230246251565e-16,0,11,0,0.8791514073511597,0.1656347918112585,0.375,0.475,0.5083333333333333,0.15000000000000002,0.475,0.44999999999999996,0.2166666666666667,0.275,0.22499999999999998,0.3583333333333333,0.4083333333333333
unconditional_vae\fold3\unconditional_vae_z3_seed43,subject11,120,90,1.1102230246251565e-16,0,0,0,0.6282808697479805,0.11057321255603669,0.1499999999999999,0.1972222222222222,0.5333333333333332,0.24166666666666664,0.1611111111111111,0.12777777777777777,0.3361111111111111,0.18611111111111112,0.022222222222222254,0.23888888888888887,0.11111111111111116
unconditional_vae\fold3\unconditional_vae_z3_seed43,subject22,120,90,1.3877787807814457e-16,0,4,0,0.30057173878308374,0.05192915360372896,0.24444444444444446,0.2888888888888889,0.15277777777777776,0.19166666666666665,0.16666666666666674,0.19444444444444442,0.2888888888888889,0.3111111111111111,0.08333333333333337,0.31666666666666665,0.19444444444444442
unconditional_vae\fold3\unconditional_vae_z3_seed43,subject30,120,90,2.498001805406602e-16,0,1,0,0.7285111632857642,0.14443447379386276,0.4027777777777778,0.2972222222222222,0.27499999999999997,0.1166666666666667,0.3416666666666667,0.29166666666666663,0.5944444444444444,0.5861111111111111,0.033333333333333326,0.28055555555555556,0.2833333333333333
unconditional_vae\fold3\unconditional_vae_z3_seed43,subject33,120,88,1.1102230246251565e-16,0,1,0,0.4287382413849117,0.07369714273939687,0.26287878787878793,0.12348484848484842,0.1621212121212121,0.24015151515151517,0.4621212121212121,0.3878787878787879,0.4765151515151515,0.2848484848484849,0.028787878787878696,0.16439393939393937,0.3878787878787879
unconditional_vae\fold3\unconditional_vae_z3_seed43,subject37,120,90,1.1102230246251565e-16,0,3,0,1.7316937612019134,0.3146768575075304,0.3583333333333333,0.2638888888888889,0.21666666666666667,0.18888888888888883,0.675,0.5472222222222223,0.8,0.7972222222222223,0.025000000000000022,0.3583333333333334,0.55
unconditional_vae\fold3\unconditional_vae_z3_seed43,subject40,120,90,1.5092094240998222e-16,0,0,0,0.41137880283556605,0.07326572185033908,0.3694444444444444,0.31666666666666665,0.37777777777777777,0.1611111111111111,0.33333333333333337,0.31666666666666665,0.26666666666666666,0.15555555555555556,0.01388888888888895,0.16944444444444445,0.33333333333333337
unconditional_vae\fold3\unconditional_vae_z3_seed44,subject02,120,30,2.220446049250313e-16,0,5,0,1.2208581006855521,0.24421448253195144,0.44166666666666665,0.5416666666666666,0.5666666666666667,0.11666666666666664,0.5333333333333334,0.5083333333333333,0.21666666666666662,0.3416666666666667,0.15000000000000002,0.32499999999999996,0.5083333333333333
unconditional_vae\fold3\unconditional_vae_z3_seed44,subject11,120,90,5.551115123125783e-17,0,2,0,0.97448767816309,0.17169822646861865,0.09444444444444444,0.33055555555555555,0.6777777777777778,0.15833333333333333,0.15000000000000002,0.13055555555555554,0.3,0.10555555555555554,0.022222222222222254,0.26111111111111107,0.1111111111111111
unconditional_vae\fold3\unconditional_vae_z3_seed44,subject22,120,90,5.551115123125783e-17,0,4,0,0.3106449822384456,0.05608191121433426,0.25277777777777777,0.3055555555555556,0.18333333333333332,0.275,0.21111111111111108,0.2611111111111111,0.19166666666666665,0.22777777777777775,0.050000000000000044,0.2333333333333333,0.2444444444444444
unconditional_vae\fold3\unconditional_vae_z3_seed44,subject30,120,90,1.3877787807814457e-16,0,0,0,0.6837567336614159,0.1273980580513404,0.3138888888888889,0.3277777777777778,0.24722222222222223,0.16666666666666674,0.3666666666666667,0.3138888888888889,0.5027777777777778,0.5444444444444445,0.033333333333333326,0.2972222222222223,0.31666666666666665
unconditional_vae\fold3\unconditional_vae_z3_seed44,subject33,120,88,1.1102230246251565e-16,0,1,0,0.5111573358355237,0.08226059572013034,0.23484848484848486,0.14015151515151514,0.23787878787878786,0.15454545454545454,0.493939393939394,0.40151515151515155,0.4954545454545454,0.27348484848484844,0.045454545454545414,0.1893939393939394,0.4090909090909091
unconditional_vae\fold3\unconditional_vae_z3_seed44,subject37,120,90,1.1796119636642288e-16,0,2,0,1.6389785535509418,0.28552340410418564,0.31666666666666665,0.3055555555555556,0.14166666666666672,0.18333333333333335,0.6333333333333333,0.5472222222222223,0.7138888888888889,0.7527777777777778,0.01666666666666672,0.3194444444444445,0.5416666666666667
unconditional_vae\fold3\unconditional_vae_z3_seed44,subject40,120,90,1.1102230246251565e-16,0,2,0,0.5049603987152889,0.09010083480491371,0.2777777777777778,0.3527777777777778,0.4722222222222222,0.1777777777777778,0.38055555555555554,0.3416666666666667,0.21111111111111114,0.18611111111111106,0.022222222222222254,0.1388888888888889,0.3416666666666667
unconditional_vae\fold3\unconditional_vae_z8_seed42,subject02,120,30,1.3877787807814457e-16,0,9,0,0.6801764201342579,0.11240852555159508,0.3416666666666667,0.375,0.16666666666666674,0.37499999999999994,0.27499999999999997,0.2833333333333334,0.2583333333333333,0.22499999999999998,0.050000000000000044,0.23333333333333334,0.26666666666666666
unconditional_vae\fold3\unconditional_vae_z8_seed42,subject11,120,90,9.71445146547012e-17,0,0,0,0.5712869081190677,0.09461996692476071,0.1138888888888889,0.26388888888888884,0.5527777777777778,0.3722222222222222,0.09166666666666666,0.17222222222222222,0.27499999999999997,0.21944444444444444,0.005555555555555536,0.2138888888888888,0.15000000000000002
unconditional_vae\fold3\unconditional_vae_z8_seed42,subject22,120,90,2.5673907444456745e-16,0,0,0,0.3079531592418552,0.05501613152477436,0.19166666666666665,0.28611111111111115,0.22499999999999998,0.19999999999999996,0.21944444444444444,0.20000000000000007,0.37222222222222223,0.24999999999999994,0.06666666666666665,0.12222222222222223,0.20833333333333337
unconditional_vae\fold3\unconditional_vae_z8_seed42,subject30,120,90,1.1796119636642288e-16,0,0,0,0.20849719660083554,0.0327355628626701,0.40277777777777773,0.2138888888888889,0.2138888888888889,0.15000000000000002,0.09444444444444446,0.10277777777777779,0.12222222222222223,0.1611111111111111,0.01666666666666672,0.12777777777777782,0.1
unconditional_vae\fold3\unconditional_vae_z8_seed42,subject33,120,88,1.1102230246251565e-16,0,0,0,0.18955697257973103,0.025166412478443756,0.2833333333333333,0.11515151515151512,0.15909090909090912,0.2545454545454545,0.1333333333333333,0.07727272727272727,0.2803030303030303,0.1681818181818182,0.028787878787878696,0.16818181818181815,0.08333333333333334
unconditional_vae\fold3\unconditional_vae_z8_seed42,subject37,120,90,1.1102230246251565e-16,0,0,0,0.45621097646782793,0.0754380093496475,0.30833333333333335,0.18055555555555558,0.2972222222222223,0.1472222222222222,0.3138888888888889,0.2444444444444444,0.2916666666666667,0.3222222222222223,0.008333333333333304,0.13333333333333333,0.25000000000000006
unconditional_vae\fold3\unconditional_vae_z8_seed42,subject40,120,90,1.5092094240998222e-16,0,0,0,0.2955767704928127,0.04657284104007753,0.34444444444444444,0.37500000000000006,0.26666666666666666,0.19999999999999996,0.17222222222222222,0.16944444444444445,0.34166666666666673,0.2194444444444444,0.01388888888888895,0.10555555555555556,0.18055555555555555
unconditional_vae\fold3\unconditional_vae_z8_seed43,subject02,120,30,1.1796119636642288e-16,0,15,0,0.8855747776193605,0.1554549706185323,0.3583333333333334,0.4,0.1166666666666667,0.225,0.39166666666666666,0.47500000000000003,0.32500000000000007,0.29166666666666674,0.01666666666666672,0.23333333333333334,0.45
unconditional_vae\fold3\unconditional_vae_z8_seed43,subject11,120,90,1.6653345369377348e-16,0,0,0,0.5874011204750693,0.09839661328978677,0.1972222222222222,0.18611111111111112,0.5972222222222222,0.3333333333333333,0.09444444444444444,0.1166666666666667,0.2194444444444444,0.14444444444444438,0.01388888888888895,0.1777777777777778,0.15555555555555556
unconditional_vae\fold3\unconditional_vae_z8_seed43,subject22,120,90,1.249000902703301e-16,0,2,0,0.22478010028999496,0.04263925361107468,0.09722222222222232,0.2138888888888889,0.2361111111111111,0.18611111111111112,0.18611111111111112,0.20277777777777778,0.30000000000000004,0.20000000000000007,0.08333333333333337,0.19166666666666668,0.21388888888888888
unconditional_vae\fold3\unconditional_vae_z8_seed43,subject30,120,90,1.1102230246251565e-16,0,0,0,0.1502897621250514,0.02112009137887294,0.26388888888888895,0.23888888888888887,0.2250000000000001,0.18333333333333335,0.09444444444444444,0.08611111111111108,0.19444444444444448,0.20555555555555555,0.033333333333333326,0.2055555555555556,0.07500000000000001
unconditional_vae\fold3\unconditional_vae_z8_seed43,subject33,120,88,1.3010426069826053e-16,0,0,0,0.18256744462202956,0.024616796613650238,0.2833333333333333,0.15151515151515152,0.14469696969696966,0.2022727272727273,0.19166666666666665,0.12651515151515152,0.3068181818181818,0.15454545454545454,0.00454545454545463,0.13863636363636367,0.10075757575757577
unconditional_vae\fold3\unconditional_vae_z8_seed43,subject37,120,90,1.1102230246251565e-16,0,0,0,0.34407091453025807,0.053961590737229836,0.33333333333333337,0.23055555555555557,0.29166666666666663,0.1166666666666667,0.21111111111111108,0.13333333333333341,0.3666666666666667,0.35000000000000003,0.016666666666666607,0.09444444444444444,0.11944444444444446
unconditional_vae\fold3\unconditional_vae_z8_seed43,subject40,120,90,1.5092094240998222e-16,0,1,0,0.2589400447700072,0.03741895229132075,0.2666666666666667,0.3277777777777778,0.2722222222222222,0.19444444444444442,0.14722222222222225,0.14999999999999997,0.2777777777777778,0.19166666666666665,0.01388888888888895,0.09999999999999999,0.16666666666666663
unconditional_vae\fold3\unconditional_vae_z8_seed44,subject02,120,30,1.1102230246251565e-16,0,30,0,0.947844206686367,0.17547507117402983,0.35000000000000003,0.35,0.10833333333333334,0.2,0.48333333333333334,0.5166666666666666,0.4000000000000001,0.32500000000000007,0.0,0.22499999999999998,0.5249999999999999
unconditional_vae\fold3\unconditional_vae_z8_seed44,subject11,120,90,1.5092094240998222e-16,0,1,0,0.59224489595241,0.09619900199344367,0.14722222222222214,0.2472222222222222,0.4444444444444444,0.3833333333333333,0.15555555555555556,0.19166666666666665,0.21944444444444444,0.14722222222222225,0.01388888888888895,0.18888888888888888,0.2055555555555555
unconditional_vae\fold3\unconditional_vae_z8_seed44,subject22,120,90,1.1102230246251565e-16,0,1,0,0.3293844159458299,0.06156150120429915,0.18055555555555558,0.23055555555555557,0.2222222222222222,0.22499999999999998,0.23611111111111116,0.18333333333333335,0.3666666666666667,0.29444444444444445,0.04166666666666663,0.2,0.18055555555555558
unconditional_vae\fold3\unconditional_vae_z8_seed44,subject30,120,90,1.1102230246251565e-16,0,0,0,0.19461579557938613,0.029923429689184378,0.42777777777777776,0.19999999999999996,0.21666666666666667,0.10833333333333339,0.11944444444444446,0.11944444444444441,0.2388888888888889,0.2888888888888889,0.025000000000000022,0.18333333333333335,0.13055555555555554
unconditional_vae\fold3\unconditional_vae_z8_seed44,subject33,120,88,1.1102230246251565e-16,0,0,0,0.19533322660489194,0.027307455182908003,0.16666666666666663,0.16515151515151516,0.23409090909090913,0.24621212121212122,0.22499999999999998,0.1484848484848485,0.29166666666666663,0.1378787878787879,0.045454545454545414,0.13636363636363635,0.1401515151515152
unconditional_vae\fold3\unconditional_vae_z8_seed44,subject37,120,90,1.3877787807814457e-16,0,1,0,0.34621069567150276,0.05823652768295684,0.35,0.15,0.3083333333333334,0.2416666666666667,0.16666666666666674,0.11111111111111116,0.3194444444444445,0.3083333333333333,0.0,0.11944444444444446,0.10000000000000009
unconditional_vae\fold3\unconditional_vae_z8_seed44,subject40,120,90,1.1102230246251565e-16,0,0,0,0.30389732678744474,0.046363612147985345,0.3944444444444445,0.3083333333333334,0.125,0.22777777777777775,0.13888888888888887,0.1388888888888889,0.33888888888888885,0.2416666666666667,0.022222222222222254,0.10277777777777777,0.1611111111111111
