model_family,latent_dim,outer_fold,training_seed,subject,trajectory_mse,movement_time_mae_ms,initiation_time_mae_ms,mean_ks,ks_n_submovements,energy_distance,mmd_rbf
condition_ridge,0,0,42.0,subject05,0.7748173442491454,56.4055735,121.65503055,0.3601010101010101,0.0805555555555555,1.0950472371485884,0.2107883031822185
condition_ridge,0,0,42.0,subject13,1.0651365542855555,69.2943628888889,119.2009899888889,0.34747474747474744,0.0888888888888888,0.8029231869399842,0.1287456684909007
condition_ridge,0,0,42.0,subject19,1.3294301830650246,84.62723938202248,154.4534328258427,0.30404040404040394,0.05,1.043984508465534,0.1949042601270311
condition_ridge,0,0,42.0,subject24,0.6440515394967052,54.48262910112359,87.68006670224719,0.19217171717171713,0.0111111111111111,0.3068239414573952,0.0480646664886039
condition_ridge,0,0,42.0,subject27,0.8758969400426951,48.40001,124.5633792542373,0.3047979797979798,0.0638888888888888,0.956078814691906,0.205290670156213
condition_ridge,0,0,42.0,subject34,1.0492928441284113,65.59475666666665,104.8225375777778,0.2454545454545454,0.0305555555555555,0.4074135524209596,0.0673915115433892
condition_ridge,0,0,42.0,subject35,0.9659741162136705,91.7985514619883,119.33794859064325,0.2973044397463002,0.0717054263565891,0.710904095141303,0.1305746589621857
condition_ridge,0,0,43.0,subject05,0.7748173442491454,56.4055735,121.65503055,0.33156565656565656,0.0472222222222222,0.9482302306534018,0.1847545356835257
condition_ridge,0,0,43.0,subject13,1.0651365542855555,69.2943628888889,119.2009899888889,0.3429292929292929,0.0805555555555555,0.7919014816261973,0.129820273265633
condition_ridge,0,0,43.0,subject19,1.3294301830650246,84.62723938202248,154.4534328258427,0.254040404040404,0.0166666666666666,0.6976624306174051,0.1253411066018699
condition_ridge,0,0,43.0,subject24,0.6440515394967052,54.48262910112359,87.68006670224719,0.21060606060606055,0.0111111111111111,0.2863752867514066,0.0430498059528599
condition_ridge,0,0,43.0,subject27,0.8758969400426951,48.40001,124.5633792542373,0.2616161616161616,0.0388888888888888,0.8426290233614004,0.1780898020126782
condition_ridge,0,0,43.0,subject34,1.0492928441284113,65.59475666666665,104.8225375777778,0.2618686868686868,0.0388888888888888,0.4668166524435655,0.0782885839770978
condition_ridge,0,0,43.0,subject35,0.9659741162136705,91.7985514619883,119.33794859064325,0.2701902748414376,0.0717054263565891,0.6063161041103511,0.1203214129614396
condition_ridge,0,0,44.0,subject05,0.7748173442491454,56.4055735,121.65503055,0.3166666666666666,0.0638888888888888,0.8414750753948614,0.1684292545792293
condition_ridge,0,0,44.0,subject13,1.0651365542855555,69.2943628888889,119.2009899888889,0.3176767676767676,0.0472222222222222,0.6790202051308145,0.1132894412811844
condition_ridge,0,0,44.0,subject19,1.3294301830650246,84.62723938202248,154.4534328258427,0.282070707070707,0.0583333333333333,0.9979825823449118,0.184926085016664
condition_ridge,0,0,44.0,subject24,0.6440515394967052,54.48262910112359,87.68006670224719,0.19772727272727272,0.0277777777777777,0.3012014456875471,0.0436727588321921
condition_ridge,0,0,44.0,subject27,0.8758969400426951,48.40001,124.5633792542373,0.31691919191919193,0.0027777777777777,1.0027074032073675,0.210007813503106
condition_ridge,0,0,44.0,subject34,1.0492928441284113,65.59475666666665,104.8225375777778,0.253030303030303,0.0305555555555555,0.5146006709096014,0.0863574333009221
condition_ridge,0,0,44.0,subject35,0.9659741162136705,91.7985514619883,119.33794859064325,0.26219168428470757,0.0300387596899224,0.6227041451204589,0.1152604646805562
condition_ridge,0,1,42.0,subject08,1.2249812595412761,207.57887765363128,85.17045808938548,0.48156565656565653,0.0055555555555555,3.9094813149924166,0.4926958847910994
condition_ridge,0,1,42.0,subject18,1.39588836749848,73.30872662921348,67.61810607303372,0.2962121212121212,0.0055555555555555,0.7927167204164851,0.1202198792686508
condition_ridge,0,1,42.0,subject23,0.44405636758738454,44.13938538888889,90.29432398333334,0.24469696969696966,0.2138888888888888,0.5945769826338712,0.0987897202331468
condition_ridge,0,1,42.0,subject25,3.1787521862928005,128.15112494382024,88.84053323595506,0.32828282828282823,0.3777777777777777,0.997119018997494,0.1452725946362218
condition_ridge,0,1,42.0,subject26,1.2312594448220766,64.25686229050278,86.08180230167599,0.3217171717171717,0.0611111111111111,1.0219771933362316,0.1186674668019031
condition_ridge,0,1,42.0,subject41,2.4732512744871706,101.81637392857142,119.49122621428572,0.2947552447552448,0.1288461538461538,0.9667374543589596,0.026598072026652
condition_ridge,0,1,42.0,subject43,0.6703283961231539,55.146269055555564,94.47796008888889,0.17499999999999996,0.0138888888888888,0.2445335587405779,0.0350385673842549
condition_ridge,0,1,43.0,subject08,1.2249812595412761,207.57887765363128,85.17045808938548,0.4969696969696969,0.0055555555555555,4.064599685993111,0.495957168382569
condition_ridge,0,1,43.0,subject18,1.39588836749848,73.30872662921348,67.61810607303372,0.33459595959595956,0.0138888888888888,1.035862710415441,0.1637357646950531
condition_ridge,0,1,43.0,subject23,0.44405636758738454,44.13938538888889,90.29432398333334,0.21717171717171715,0.1972222222222222,0.4906684377093211,0.0823189047410904
condition_ridge,0,1,43.0,subject25,3.1787521862928005,128.15112494382024,88.84053323595506,0.3426767676767677,0.3944444444444444,1.0973744451511065,0.1673831862899194
condition_ridge,0,1,43.0,subject26,1.2312594448220766,64.25686229050278,86.08180230167599,0.31060606060606055,0.0611111111111111,0.9578613144900796,0.1109787483389175
condition_ridge,0,1,43.0,subject41,2.4732512744871706,101.81637392857142,119.49122621428572,0.2824009324009324,0.1288461538461538,0.9914053679324292,0.0323525525784668
condition_ridge,0,1,43.0,subject43,0.6703283961231539,55.146269055555564,94.47796008888889,0.17196969696969697,0.0111111111111111,0.256286281409301,0.0378532097931231
condition_ridge,0,1,44.0,subject08,1.2249812595412761,207.57887765363128,85.17045808938548,0.4987373737373737,0.0138888888888888,4.055317064382633,0.519895795453173
condition_ridge,0,1,44.0,subject18,1.39588836749848,73.30872662921348,67.61810607303372,0.3037878787878788,0.0222222222222222,0.9244507711537956,0.1351546329780353
condition_ridge,0,1,44.0,subject23,0.44405636758738454,44.13938538888889,90.29432398333334,0.22853535353535348,0.1972222222222222,0.5253253065281465,0.0870793955795491
condition_ridge,0,1,44.0,subject25,3.1787521862928005,128.15112494382024,88.84053323595506,0.3452020202020202,0.3944444444444444,1.2069602084494395,0.1722705518592234
condition_ridge,0,1,44.0,subject26,1.2312594448220766,64.25686229050278,86.08180230167599,0.3164141414141413,0.0527777777777777,1.088084324606463,0.1343925595725205
condition_ridge,0,1,44.0,subject41,2.4732512744871706,101.81637392857142,119.49122621428572,0.2803030303030303,0.1371794871794872,0.9608167732550736,0.0294663088666689
condition_ridge,0,1,44.0,subject43,0.6703283961231539,55.146269055555564,94.47796008888889,0.17727272727272725,0.0138888888888888,0.2270395590590608,0.0315784609825224
condition_ridge,0,2,42.0,subject01,0.676282673591066,60.82155844444444,68.88323538888889,0.23358585858585854,0.0083333333333333,0.5519026807045955,0.1026822854074701
condition_ridge,0,2,42.0,subject04,0.48531557883050885,40.98110655555555,95.68707171666667,0.2191919191919192,0.0666666666666666,0.3722223403312039,0.0664052531254519
condition_ridge,0,2,42.0,subject10,0.8224018165404372,78.45320533333333,114.83462132222222,0.2659090909090909,0.0027777777777777,0.5570387012834002,0.0881758906841997
condition_ridge,0,2,42.0,subject12,1.2692016486680928,88.90405533333333,111.86428853333332,0.252020202020202,0.05,0.8606741378593439,0.1508585222380193
condition_ridge,0,2,42.0,subject15,0.8288865073184862,70.3721236158192,96.46941566101695,0.18735103847463394,0.0514981273408239,0.3355261830400011,0.062978111193369
condition_ridge,0,2,42.0,subject21,3.1467329938296182,89.55104359550563,82.65966301123596,0.3143939393939394,0.0055555555555555,0.8398426332215494,0.1428154972350972
condition_ridge,0,2,42.0,subject36,0.8935043513941637,57.25802566666667,117.74552791666666,0.2722222222222222,0.05,0.5726023938082951,0.1097739095350108
condition_ridge,0,2,43.0,subject01,0.676282673591066,60.82155844444444,68.88323538888889,0.25050505050505045,0.0083333333333333,0.5859260339223233,0.1062539879738492
condition_ridge,0,2,43.0,subject04,0.48531557883050885,40.98110655555555,95.68707171666667,0.23838383838383834,0.0583333333333333,0.4120340914702378,0.0689165624705887
condition_ridge,0,2,43.0,subject10,0.8224018165404372,78.45320533333333,114.83462132222222,0.25530303030303025,0.0083333333333333,0.54545243199399,0.0931238885622092
condition_ridge,0,2,43.0,subject12,1.2692016486680928,88.90405533333333,111.86428853333332,0.29873737373737363,0.0583333333333333,1.0538997825186325,0.1836117518483724
condition_ridge,0,2,43.0,subject15,0.8288865073184862,70.3721236158192,96.46941566101695,0.2174242424242424,0.0681647940074906,0.4290268158779691,0.0750037051678363
condition_ridge,0,2,43.0,subject21,3.1467329938296182,89.55104359550563,82.65966301123596,0.31919191919191914,0.0222222222222222,0.819532267609659,0.145151478917793
condition_ridge,0,2,43.0,subject36,0.8935043513941637,57.25802566666667,117.74552791666666,0.25176767676767675,0.0333333333333333,0.5724387365920278,0.1076135615461786
condition_ridge,0,2,44.0,subject01,0.676282673591066,60.82155844444444,68.88323538888889,0.2722222222222222,0.0166666666666666,0.7964879114297272,0.1527416496372134
condition_ridge,0,2,44.0,subject04,0.48531557883050885,40.98110655555555,95.68707171666667,0.24823232323232325,0.075,0.3893830407268703,0.0692092781608524
condition_ridge,0,2,44.0,subject10,0.8224018165404372,78.45320533333333,114.83462132222222,0.25580808080808076,0.0194444444444444,0.4235782022196561,0.0718525796176191
condition_ridge,0,2,44.0,subject12,1.2692016486680928,88.90405533333333,111.86428853333332,0.29494949494949485,0.0583333333333333,1.0582844041544273,0.1851112134763969
condition_ridge,0,2,44.0,subject15,0.8288865073184862,70.3721236158192,96.46941566101695,0.19907218249914874,0.0764981273408239,0.3205229305788015,0.0536408676078398
condition_ridge,0,2,44.0,subject21,3.1467329938296182,89.55104359550563,82.65966301123596,0.32525252525252524,0.0138888888888888,0.8848176725144272,0.1470587414987818
condition_ridge,0,2,44.0,subject36,0.8935043513941637,57.25802566666667,117.74552791666666,0.26818181818181813,0.0666666666666666,0.522785711810136,0.0988128177798778
condition_ridge,0,3,42.0,subject02,1.785927179228347,61.47898216666667,83.40787699999998,0.2939393939393939,0.05,0.6981122225467353,0.0818566484590815
condition_ridge,0,3,42.0,subject11,1.5236226326858266,66.7522261111111,85.01607519444444,0.1785353535353535,0.0194444444444444,0.592583017875965,0.0827656003654981
condition_ridge,0,3,42.0,subject22,1.2853336713307912,54.03313566666666,75.10445490000001,0.32398989898989894,0.05,0.8340658219694568,0.1617370753295531
condition_ridge,0,3,42.0,subject30,0.5828707207049958,41.17204172222222,91.82016915000001,0.2588383838383838,0.075,0.5028167438749156,0.093988509763965
condition_ridge,0,3,42.0,subject33,1.109499652309041,65.43816390804598,90.1843540229885,0.17203856749311291,0.0462121212121212,0.2291764681099266,0.0245964136792101
condition_ridge,0,3,42.0,subject37,1.3628302158674233,52.98918522222222,85.34752676111111,0.35328282828282825,0.0166666666666666,1.4653181829559925,0.2233004581109762
condition_ridge,0,3,42.0,subject40,1.4507400988462669,63.06165728813559,94.9990968418079,0.24191919191919187,0.0277777777777777,0.4511336894947986,0.0697331025387613
condition_ridge,0,3,43.0,subject02,1.785927179228347,61.47898216666667,83.40787699999998,0.2924242424242424,0.075,0.6953673563115421,0.0949288654487419
condition_ridge,0,3,43.0,subject11,1.5236226326858266,66.7522261111111,85.01607519444444,0.21161616161616156,0.0527777777777777,0.6951265131491766,0.096010762810731
condition_ridge,0,3,43.0,subject22,1.2853336713307912,54.03313566666666,75.10445490000001,0.3285353535353535,0.0333333333333333,1.050975110473718,0.2088557247982756
condition_ridge,0,3,43.0,subject30,0.5828707207049958,41.17204172222222,91.82016915000001,0.23383838383838382,0.05,0.4316831879941123,0.0760973930755907
condition_ridge,0,3,43.0,subject33,1.109499652309041,65.43816390804598,90.1843540229885,0.2064049586776859,0.0166666666666666,0.3932779716501593,0.049714999192219
condition_ridge,0,3,43.0,subject37,1.3628302158674233,52.98918522222222,85.34752676111111,0.36893939393939396,0.05,1.3203869905306167,0.2039199219018697
condition_ridge,0,3,43.0,subject40,1.4507400988462669,63.06165728813559,94.9990968418079,0.21767676767676764,0.0111111111111111,0.3990884824840881,0.0566134509509372
condition_ridge,0,3,44.0,subject02,1.785927179228347,61.47898216666667,83.40787699999998,0.27499999999999997,0.05,0.5709130566411247,0.0661854743704134
condition_ridge,0,3,44.0,subject11,1.5236226326858266,66.7522261111111,85.01607519444444,0.20378787878787874,0.0277777777777777,0.8176615758358476,0.120098188759154
condition_ridge,0,3,44.0,subject22,1.2853336713307912,54.03313566666666,75.10445490000001,0.3323232323232323,0.0916666666666666,0.970546772019171,0.1967563803891314
condition_ridge,0,3,44.0,subject30,0.5828707207049958,41.17204172222222,91.82016915000001,0.2113636363636363,0.0333333333333333,0.3516601440521754,0.0632051563854224
condition_ridge,0,3,44.0,subject33,1.109499652309041,65.43816390804598,90.1843540229885,0.19931129476584017,0.0083333333333333,0.3589567894314101,0.0472510649510686
condition_ridge,0,3,44.0,subject37,1.3628302158674233,52.98918522222222,85.34752676111111,0.3419191919191919,0.0333333333333333,1.335410703226036,0.2179774127613525
condition_ridge,0,3,44.0,subject40,1.4507400988462669,63.06165728813559,94.9990968418079,0.22550505050505046,0.0694444444444444,0.3723984205419395,0.0492609043739715
conditional_ae,3,0,42.0,subject05,0.03729116499222222,15.881727499999998,22.518728078944445,0.34696969696969693,0.0111111111111111,1.0254844051117216,0.1920258441088546
conditional_ae,3,0,42.0,subject13,0.046019382338888894,25.501517333333336,39.31681326138444,0.232070707070707,0.0111111111111111,0.4339388968089119,0.0812583927935978
conditional_ae,3,0,42.0,subject19,0.036200710958426974,24.194201123595505,40.849867673595504,0.20959595959595953,0.0,0.4019565632885968,0.0852825656197305
conditional_ae,3,0,42.0,subject24,0.09180817446179775,33.992091011235956,28.9383570594646,0.13838383838383836,0.0555555555555555,0.1881961546796442,0.0338040103489758
conditional_ae,3,0,42.0,subject27,0.07410949595536724,45.64513468926554,57.555623098112996,0.2813131313131313,0.0055555555555555,0.9828978015817332,0.1987455889738959
conditional_ae,3,0,42.0,subject34,0.06519652893055555,30.70889933333334,30.79835081658889,0.29671717171717166,0.0444444444444444,0.8006662865698146,0.1444001384557152
conditional_ae,3,0,42.0,subject35,0.11819328959356723,86.5719367251462,71.20026616807603,0.21132840028188865,0.0032945736434108,0.4723768003982722,0.0812770198245252
conditional_ae,3,0,43.0,subject05,0.03756238232055556,15.791588277777779,24.014697771888883,0.3406565656565656,0.0027777777777777,0.9131785988422604,0.1795641743617714
conditional_ae,3,0,43.0,subject13,0.043272310994444445,24.649496555555555,36.85622404472222,0.2535353535353535,0.0111111111111111,0.4948534651341467,0.0821532250124135
conditional_ae,3,0,43.0,subject19,0.03609172072640449,24.39513365168539,35.64987440786516,0.25959595959595955,0.0083333333333333,0.4617393188468326,0.0947261118762053
conditional_ae,3,0,43.0,subject24,0.09237619383764047,34.67382797752809,28.627854592696632,0.1654040404040404,0.0472222222222222,0.1713346154854953,0.0286552966092688
conditional_ae,3,0,43.0,subject27,0.06387462779435028,38.73898237288135,57.69327385762711,0.2547979797979798,0.0027777777777777,0.8459956842347474,0.1707814216812858
conditional_ae,3,0,43.0,subject34,0.07123535693333333,30.99692750000001,31.19866078207778,0.29823232323232324,0.0444444444444444,0.7576475373843032,0.1336442153824057
conditional_ae,3,0,43.0,subject35,0.10453903123976607,87.44222081871344,66.60459039292398,0.19420366455250174,0.0217054263565891,0.4118283621988348,0.0730456399312541
conditional_ae,3,0,44.0,subject05,0.04029141979888889,16.28671927777778,23.513858494444445,0.3606060606060606,0.0027777777777777,0.9132210246327612,0.1919984426135402
conditional_ae,3,0,44.0,subject13,0.054373313798888885,27.4393225,33.62553197594445,0.24318181818181817,0.0027777777777777,0.3726140113129808,0.0631602092622301
conditional_ae,3,0,44.0,subject19,0.05092294143033707,23.882959887640453,37.23662604055618,0.24368686868686867,0.0,0.5446582155751303,0.1179164516635195
conditional_ae,3,0,44.0,subject24,0.10026642680842697,34.85813162921348,28.451305706966288,0.1795454545454545,0.0472222222222222,0.297433696076784,0.0539851683422136
conditional_ae,3,0,44.0,subject27,0.08033458272881355,44.253044915254236,52.8498494651017,0.2939393939393939,0.0111111111111111,1.2195092214654135,0.2543427597610795
conditional_ae,3,0,44.0,subject34,0.07290462275555556,32.46630722222222,30.329852031525206,0.31969696969696965,0.0361111111111111,0.7123108242956002,0.1435378927960819
conditional_ae,3,0,44.0,subject35,0.12362236132163744,85.78968140350877,75.616944295731,0.21231501057082455,0.0032945736434108,0.5033343216744788,0.0839713525685434
conditional_ae,8,0,42.0,subject05,0.007738326032777778,18.839402833333335,25.038657302777782,0.29722222222222217,0.0305555555555555,0.6996909284532462,0.1772566996658054
conditional_ae,8,0,42.0,subject13,0.008993699522777778,26.41806966666667,30.03106669811111,0.33282828282828275,0.0555555555555555,0.8039796136000783,0.1477793218037559
conditional_ae,8,0,42.0,subject19,0.006523196984044944,21.375529213483148,32.89476785831461,0.3181818181818182,0.0166666666666666,0.7808409975991948,0.1662306080437249
conditional_ae,8,0,42.0,subject24,0.014764192478089886,32.65859005617977,25.24091454011236,0.18106060606060603,0.0277777777777777,0.2153406493729428,0.0422692660751937
conditional_ae,8,0,42.0,subject27,0.012368318266101696,40.887638022598864,34.26733183231638,0.2669191919191919,0.0305555555555555,0.7131789463299563,0.1441874073928678
conditional_ae,8,0,42.0,subject34,0.02509072828111111,32.134862722222216,28.274796449444445,0.23813131313131308,0.0277777777777777,0.4982438810315663,0.0925951201906123
conditional_ae,8,0,42.0,subject35,0.0171026558497076,72.8476632748538,66.9651976047544,0.20019379844961235,0.1217054263565891,0.4260874222237962,0.0672426741631958
conditional_ae,8,0,43.0,subject05,0.006371114175555555,17.108714,22.110950279611114,0.35353535353535354,0.0055555555555555,0.845594307155964,0.1859584457406341
conditional_ae,8,0,43.0,subject13,0.009538572495000001,26.129076333333334,27.791422558333334,0.33434343434343433,0.0638888888888888,0.8923747472374934,0.1611610815910795
conditional_ae,8,0,43.0,subject19,0.008275092950561797,25.725787415730345,31.565816572921353,0.3313131313131313,0.0166666666666666,0.778816599589744,0.1530096801093889
conditional_ae,8,0,43.0,subject24,0.01510516181516854,34.53504292134832,27.876033331123594,0.1674242424242424,0.0055555555555555,0.1919963794752859,0.0364204047113551
conditional_ae,8,0,43.0,subject27,0.013855188949717516,45.556806440677974,41.92268488437288,0.24217171717171712,0.0222222222222222,0.553186064815018,0.110082166796267
conditional_ae,8,0,43.0,subject34,0.02247290092722222,33.89156788888889,31.281108883833333,0.2994949494949495,0.0111111111111111,1.0012736940457878,0.1706685664908211
conditional_ae,8,0,43.0,subject35,0.021090307053801167,74.93599807017543,66.51931973890643,0.21555673009161377,0.1050387596899224,0.4378155504016736,0.0756273501803734
conditional_ae,8,0,44.0,subject05,0.0075545768938888895,17.06367388888889,20.751701287000003,0.39444444444444443,0.0305555555555555,1.1144316408274255,0.2286014901869232
conditional_ae,8,0,44.0,subject13,0.008502365770555556,25.53363305555556,31.891938846888895,0.3146464646464647,0.0805555555555555,0.8190996630963792,0.1529022359937693
conditional_ae,8,0,44.0,subject19,0.007637427311797752,21.887568876404494,36.61428186634832,0.3058080808080808,0.0416666666666666,0.718529878282598,0.1568755473297912
conditional_ae,8,0,44.0,subject24,0.016065498202247192,31.624352359550556,27.049820827640453,0.18888888888888886,0.0027777777777777,0.2246681375423218,0.0402770098334701
conditional_ae,8,0,44.0,subject27,0.01677794048361582,42.88128468926554,42.91354792115255,0.24444444444444444,0.0305555555555555,0.6657706846370504,0.1311621878635942
conditional_ae,8,0,44.0,subject34,0.026854370682222222,31.020361666666673,28.953517296822223,0.2626262626262626,0.0194444444444444,0.7433009900878771,0.1473467163345234
conditional_ae,8,0,44.0,subject35,0.01896099391754386,75.3626496491228,71.70016453134502,0.2330162085976039,0.1133720930232558,0.5156203708187737,0.0829599934464921
conditional_ae,3,1,42.0,subject08,0.5010177966480447,127.92501659217878,62.81066504608938,0.5128787878787878,0.0222222222222222,3.2900505165935305,0.5875898349313196
conditional_ae,3,1,42.0,subject18,0.12072465527471912,46.623999831460665,37.87576409202247,0.354040404040404,0.0138888888888888,1.1914279982903708,0.2158855846068573
conditional_ae,3,1,42.0,subject23,0.07001611250499999,40.968977333333335,33.39223235777778,0.257070707070707,0.2055555555555555,0.3846306809618602,0.0610772967675272
conditional_ae,3,1,42.0,subject25,0.31724278504494385,72.21353106741573,43.03648932119101,0.35252525252525246,0.3194444444444444,0.8354249177935311,0.1538393892117981
conditional_ae,3,1,42.0,subject26,0.16456736678826814,44.13966966480446,37.05643597947486,0.3929292929292929,0.0361111111111111,1.627448220261579,0.2429374772529837
conditional_ae,3,1,42.0,subject41,0.2688970626428571,60.093486071428565,56.98524375428571,0.40437062937062934,0.1205128205128205,1.501759344797906,0.1359319131195758
conditional_ae,3,1,42.0,subject43,0.071900125265,24.190855555555554,28.98245926111111,0.21363636363636357,0.0111111111111111,0.3111702703811847,0.0505395670617311
conditional_ae,3,1,43.0,subject08,1.2880721364860335,126.60892005586591,50.89319696357542,0.45277777777777783,0.0027777777777777,2.51309941897056,0.4392185490034507
conditional_ae,3,1,43.0,subject18,0.1419137611994382,52.26035556179775,37.02179690292135,0.37247474747474746,0.0111111111111111,1.3403255245479948,0.2356901229713565
conditional_ae,3,1,43.0,subject23,0.09908702236111111,40.62405105555556,35.23401295522222,0.29621212121212115,0.2138888888888888,0.8349692740806596,0.1341969131787534
conditional_ae,3,1,43.0,subject25,0.38846809273370786,68.67386404494381,44.02225369439889,0.3424242424242424,0.3944444444444444,1.087510914032188,0.1934315267250064
conditional_ae,3,1,43.0,subject26,0.2627203359888268,51.02647441340782,41.20642760620112,0.36666666666666664,0.0444444444444444,1.339897231123683,0.2052816573176874
conditional_ae,3,1,43.0,subject41,0.5531964175714287,72.75799928571429,56.73784750357142,0.38141025641025633,0.1455128205128205,1.433715109475961,0.1259923022860596
conditional_ae,3,1,43.0,subject43,0.07650261584277779,26.650683888888892,28.541231016666668,0.22525252525252526,0.0111111111111111,0.4187957476900967,0.0756476685158454
conditional_ae,3,1,44.0,subject08,0.6871340936927375,124.7690258659218,58.81533228950279,0.5075757575757577,0.0305555555555555,2.850779080056728,0.5244504501816684
conditional_ae,3,1,44.0,subject18,0.13698137276123598,47.209810112359555,36.458107561516854,0.3876262626262626,0.0027777777777777,1.3589065438698875,0.2372556496582089
conditional_ae,3,1,44.0,subject23,0.07463788354111112,40.02031216666667,33.76223350388889,0.27702020202020194,0.2055555555555555,0.4517676787447851,0.0727348022143372
conditional_ae,3,1,44.0,subject25,0.36623368463483147,67.58684808988762,43.15420602107864,0.35858585858585856,0.3694444444444444,1.1664585134083725,0.2030140483806686
conditional_ae,3,1,44.0,subject26,0.19063962071340781,43.609323351955304,36.29097594872067,0.3707070707070707,0.0444444444444444,1.4344831322874383,0.2099902402105873
conditional_ae,3,1,44.0,subject41,0.774387190857143,74.44347750000001,56.204563276071426,0.38682983682983685,0.1205128205128205,1.5069683671904333,0.1406305787177407
conditional_ae,3,1,44.0,subject43,0.16458599159222223,24.911905888888896,30.139432199999998,0.2214646464646464,0.0111111111111111,0.3161615280461243,0.0580563056040215
conditional_ae,8,1,42.0,subject08,0.06405623870391063,125.42812368715084,64.5974072984637,0.3037878787878788,0.0472222222222222,0.980516599715556,0.1721486899026585
conditional_ae,8,1,42.0,subject18,0.029392640058595508,50.218709550561805,50.096110786573036,0.20782828282828278,0.0055555555555555,0.4332242465462466,0.0741367065790541
conditional_ae,8,1,42.0,subject23,0.017131407732222225,36.640170166666664,32.76394960627778,0.19141414141414137,0.1722222222222222,0.2578915169140883,0.0557088308072881
conditional_ae,8,1,42.0,subject25,0.05608200976123596,69.97281191011236,38.26397088924156,0.2133838383838384,0.3194444444444444,0.5000218017243725,0.0771490996888573
conditional_ae,8,1,42.0,subject26,0.035778563906145255,49.27808005586593,38.51065328703352,0.20479797979797978,0.0694444444444444,0.4754101964380717,0.0568071877682196
conditional_ae,8,1,42.0,subject41,0.07577513331785715,58.75216142857142,50.82452115999999,0.3057109557109557,0.0871794871794871,0.9785543029637128,0.0456747807659558
conditional_ae,8,1,42.0,subject43,0.011625041419444444,23.675210999999997,29.045789338111106,0.22449494949494947,0.0111111111111111,0.3269073836336984,0.0657633293201568
conditional_ae,8,1,43.0,subject08,0.05834599961452514,124.39957134078213,38.3512539322905,0.37626262626262624,0.0472222222222222,1.2356221395688602,0.192938307910166
conditional_ae,8,1,43.0,subject18,0.029049698452808984,56.01721601123596,50.6824932247191,0.25707070707070706,0.0055555555555555,0.7492331601132283,0.1372824865600116
conditional_ae,8,1,43.0,subject23,0.017259774980555555,37.289180055555555,34.47103677888889,0.20707070707070702,0.2055555555555555,0.3486027602060999,0.0679198955707188
conditional_ae,8,1,43.0,subject25,0.055251291583146074,65.74402651685395,31.303920919704492,0.23661616161616153,0.2944444444444444,0.3287098634946255,0.0529316117423355
conditional_ae,8,1,43.0,subject26,0.03383187216145252,47.86959296089386,38.068067711402236,0.24090909090909085,0.0277777777777777,0.6559448672601054,0.0806761700178676
conditional_ae,8,1,43.0,subject41,0.0871891533392857,74.57983107142856,49.707946938571425,0.3284965034965035,0.1038461538461538,1.0087216537332124,0.0511763751645049
conditional_ae,8,1,43.0,subject43,0.012544321031388889,27.068166388888887,26.835592405555555,0.2212121212121212,0.0111111111111111,0.4142042926062044,0.0693692921013092
conditional_ae,8,1,44.0,subject08,0.06105030747206704,141.3618120111732,59.82055059589798,0.3795454545454545,0.0138888888888888,1.6133206359710304,0.2896266328418857
conditional_ae,8,1,44.0,subject18,0.03460137152303372,53.57344151685394,48.10728464578652,0.22550505050505046,0.0027777777777777,0.5042524766871717,0.0921800611316057
conditional_ae,8,1,44.0,subject23,0.016907091386666663,38.943706722222224,34.55904521046667,0.2295454545454545,0.1805555555555555,0.5114175305617481,0.1037533381923933
conditional_ae,8,1,44.0,subject25,0.06016228078314607,70.4485745505618,35.32043630491573,0.24393939393939387,0.3277777777777778,0.4628769290734391,0.0702963108093069
conditional_ae,8,1,44.0,subject26,0.03521588635865922,55.327065363128504,41.31491985027933,0.252020202020202,0.0444444444444444,0.5582765831599716,0.0753735507780727
conditional_ae,8,1,44.0,subject41,0.05870438185357143,59.27466464285714,63.17121512428572,0.31736596736596734,0.1121794871794871,1.1492105859405903,0.0764808036167795
conditional_ae,8,1,44.0,subject43,0.011335109981777778,25.72135433333333,24.928500592111114,0.21540404040404038,0.0111111111111111,0.4221784746049239,0.0802368594811756
conditional_ae,3,2,42.0,subject01,0.0850336608,42.19083472222223,30.18398116874445,0.2275252525252525,0.025,0.4461882298338353,0.0766530838183939
conditional_ae,3,2,42.0,subject04,0.05782079255277778,27.596666555555554,28.92303683372222,0.23459595959595952,0.0083333333333333,0.2925347377728471,0.0596550478222532
conditional_ae,3,2,42.0,subject10,0.04499493734277778,35.15780755555555,36.02355031126111,0.2901515151515151,0.0222222222222222,0.664977782095749,0.1279967021048038
conditional_ae,3,2,42.0,subject12,0.053420719141666656,38.07570911111111,32.96265939077777,0.2684343434343434,0.0,0.7676713355044575,0.1453641929927804
conditional_ae,3,2,42.0,subject15,0.09112657127966102,40.335886610169496,27.81020551079096,0.20054477357848136,0.1348314606741573,0.3566757253347319,0.0699294582963601
conditional_ae,3,2,42.0,subject21,0.22088803713764046,56.59463421348315,30.089983886573034,0.4143939393939393,0.0277777777777777,1.2006392373535166,0.2379946729961753
conditional_ae,3,2,42.0,subject36,0.07764573976833333,23.236591611111105,31.298865298666662,0.253030303030303,0.0,0.5031361622703923,0.0976207493844033
conditional_ae,3,2,43.0,subject01,0.08180244729166666,41.0597858888889,31.073097321144445,0.21111111111111105,0.0333333333333333,0.2774536635564524,0.0456835062756042
conditional_ae,3,2,43.0,subject04,0.05915703274611111,28.817398499999992,27.634225035777774,0.20883838383838382,0.0083333333333333,0.2721688980607868,0.0513249473373214
conditional_ae,3,2,43.0,subject10,0.04530394563166666,34.419548111111105,33.665699922222224,0.252020202020202,0.0222222222222222,0.5290290003542819,0.1031499158508659
conditional_ae,3,2,43.0,subject12,0.06395660649166666,34.610920666666665,35.183478081500006,0.2555555555555555,0.0,0.704317298938296,0.1323012400381179
conditional_ae,3,2,43.0,subject15,0.10112696573220341,39.70303175141243,27.489329912203388,0.20148961525366016,0.1264981273408239,0.29721661125483,0.0609364133151341
conditional_ae,3,2,43.0,subject21,0.2165134458258427,56.91505662921348,22.959529477443766,0.3893939393939394,0.0138888888888888,1.0706687497526417,0.2147610132117376
conditional_ae,3,2,43.0,subject36,0.08277748784722222,24.302814555555557,28.515456790683334,0.24671717171717164,0.0,0.48606320307537,0.0928559994472045
conditional_ae,3,2,44.0,subject01,0.07955576525944444,42.59427900000001,30.09304756022222,0.24015151515151512,0.0333333333333333,0.4245955142860969,0.0743211866232824
conditional_ae,3,2,44.0,subject04,0.05993926670777777,29.133581666666664,29.389863111666667,0.2391414141414141,0.0083333333333333,0.4188983684135845,0.0805365659123823
conditional_ae,3,2,44.0,subject10,0.04394301127222222,35.04213555555556,39.980149429444445,0.29747474747474745,0.0222222222222222,0.6425677814459299,0.1289909294625747
conditional_ae,3,2,44.0,subject12,0.08154634938944444,34.984522388888884,35.51749232061111,0.26944444444444443,0.0,0.7199378122014695,0.1318005205878494
conditional_ae,3,2,44.0,subject15,0.0746593810079096,40.71668548022598,31.58383124677966,0.21470037453183516,0.1264981273408239,0.3849133897872221,0.0752426592151804
conditional_ae,3,2,44.0,subject21,0.23352453198314604,52.708665112359554,32.38649064140449,0.41414141414141414,0.0277777777777777,1.21376566963573,0.23717631463709
conditional_ae,3,2,44.0,subject36,0.08019806207,22.813421999999996,34.19184905555555,0.2525252525252525,0.0,0.450350881617279,0.0866086085922491
conditional_ae,8,2,42.0,subject01,0.014923976153888891,38.3053305,27.186805847219446,0.16994949494949493,0.0666666666666666,0.218675118888989,0.0424933095441298
conditional_ae,8,2,42.0,subject04,0.00956186410111111,30.0831455,28.21366019316666,0.2196969696969697,0.075,0.2954542757385803,0.0611099457938338
conditional_ae,8,2,42.0,subject10,0.011031299361222222,31.353162500000003,27.31170732483334,0.29267676767676765,0.0361111111111111,0.6014450760937793,0.1358395627259877
conditional_ae,8,2,42.0,subject12,0.012839298458333334,33.698267944444446,56.61019189166667,0.3421717171717171,0.0166666666666666,1.373630679211109,0.2509935482356632
conditional_ae,8,2,42.0,subject15,0.017033233880225988,37.17695649717515,24.148618822994354,0.2550646918624446,0.1014981273408239,0.4849248887790969,0.0997679666706963
conditional_ae,8,2,42.0,subject21,0.03092054009719101,57.40185213483147,37.34568839522471,0.31666666666666665,0.0888888888888888,0.645970923643453,0.1230798429080785
conditional_ae,8,2,42.0,subject36,0.009009792599444445,21.777886500000005,33.23683716393499,0.19166666666666662,0.05,0.3155387327822767,0.0662171503886117
conditional_ae,8,2,43.0,subject01,0.014486065225555558,38.0884595,32.56582022714444,0.16590909090909087,0.1166666666666666,0.1824445197371522,0.0315487420800892
conditional_ae,8,2,43.0,subject04,0.008367954456111111,29.086719000000002,28.69188669361111,0.18686868686868682,0.0666666666666666,0.2491002752651163,0.0534526862200076
conditional_ae,8,2,43.0,subject10,0.012151825078333333,30.140737666666663,29.130809768666666,0.2994949494949495,0.0194444444444444,0.6762456735137663,0.1510187748897044
conditional_ae,8,2,43.0,subject12,0.014242742106666668,30.25049611111112,52.044844125000004,0.34242424242424235,0.0333333333333333,1.2865656964208698,0.2313405711333119
conditional_ae,8,2,43.0,subject15,0.018631034075706213,35.36191175141243,23.12466354870057,0.2440670752468505,0.0931647940074906,0.394584804706517,0.0847287619195704
conditional_ae,8,2,43.0,subject21,0.03597099117752809,52.85516994382022,50.240887816612364,0.3186868686868687,0.0555555555555555,0.6231102137558806,0.1216071137764812
conditional_ae,8,2,43.0,subject36,0.009825394293888888,23.22667116666667,30.36806774061111,0.19040404040404038,0.0333333333333333,0.2885241718854869,0.0607325809936037
conditional_ae,8,2,44.0,subject01,0.017851686718888888,37.30576788888889,28.64865862202222,0.20757575757575752,0.0583333333333333,0.2890036431838902,0.0534721814817468
conditional_ae,8,2,44.0,subject04,0.009477801316666668,30.849589333333338,29.638926878333333,0.22474747474747467,0.0583333333333333,0.3364576256279878,0.0651685370020893
conditional_ae,8,2,44.0,subject10,0.01129425921111111,32.50379466666667,29.735990477555557,0.31767676767676767,0.0027777777777777,0.7769805469658868,0.1642346749646521
conditional_ae,8,2,44.0,subject12,0.015421236787777777,33.050927333333334,53.54920843333332,0.304040404040404,0.0083333333333333,1.052048187717678,0.2034183977412305
conditional_ae,8,2,44.0,subject15,0.019777691204519773,37.24142367231638,24.603009753220338,0.2748212461695607,0.1181647940074906,0.4737634731399329,0.0977686093921371
conditional_ae,8,2,44.0,subject21,0.041335876170955056,58.614725674157306,47.661273936207856,0.2856060606060606,0.0972222222222222,0.5249918893016328,0.1006684549442519
conditional_ae,8,2,44.0,subject36,0.007856569863888888,21.72556544444444,29.172959921194444,0.21212121212121204,0.0166666666666666,0.3928826097397984,0.068514430502003
conditional_ae,3,3,42.0,subject02,0.40046523516666677,61.77175749999999,20.716773192133335,0.3371212121212121,0.0166666666666666,1.0114926787116367,0.1892387985570415
conditional_ae,3,3,42.0,subject11,0.14250955758722222,43.911900611111115,53.37920960444444,0.21010101010101004,0.0222222222222222,0.6448730398378943,0.1017551940592936
conditional_ae,3,3,42.0,subject22,0.06574948890166667,33.465551833333336,30.945847216800004,0.21540404040404038,0.0333333333333333,0.3518983853405957,0.0626343977394463
conditional_ae,3,3,42.0,subject30,0.04848874055277778,28.51737122222223,29.23387372006666,0.23484848484848483,0.0083333333333333,0.3986818670473098,0.0781068776577788
conditional_ae,3,3,42.0,subject33,0.13664517462068965,39.017104252873565,36.72930136511494,0.17720385674931127,0.0121212121212121,0.1794865660037916,0.032184366602635
conditional_ae,3,3,42.0,subject37,0.12571045367000003,47.605264222222225,32.6566313353,0.38055555555555554,0.025,1.3983385916556057,0.2418593398382396
conditional_ae,3,3,42.0,subject40,0.17046593092090398,41.2194797740113,47.57625590570622,0.22449494949494941,0.0027777777777777,0.3630373242830282,0.0697523550182362
conditional_ae,3,3,43.0,subject02,0.6649471730416666,50.78406783333334,27.422835726000002,0.38636363636363635,0.15,1.269802701852215,0.2479466784577934
conditional_ae,3,3,43.0,subject11,0.3389656636138889,48.82384355555555,54.27163404438889,0.23409090909090902,0.0277777777777777,0.9388789790136216,0.1602547643045236
conditional_ae,3,3,43.0,subject22,0.1261784699627778,38.13889677777778,40.15935764411111,0.23358585858585856,0.1416666666666666,0.3151777648233347,0.0568071175896076
conditional_ae,3,3,43.0,subject30,0.07497681865666667,27.878181722222227,33.336068383055554,0.24696969696969698,0.0416666666666666,0.4173633537245771,0.0822604113257177
conditional_ae,3,3,43.0,subject33,0.21574260460632186,42.79257563218392,41.34147827270115,0.28429752066115704,0.0083333333333333,0.4164616667526886,0.0743240031078573
conditional_ae,3,3,43.0,subject37,0.1725626039722222,39.60855855555555,29.379196003999997,0.32474747474747473,0.0583333333333333,1.0479183202512732,0.1919044414436834
conditional_ae,3,3,43.0,subject40,0.27532611703107346,42.0024684180791,43.45583895189831,0.24015151515151512,0.0111111111111111,0.4617592304148386,0.0860639034305729
conditional_ae,3,3,44.0,subject02,0.4085584195000001,52.02724799999999,21.44148007725,0.3492424242424242,0.0083333333333333,1.2109368592647718,0.2395414605116637
conditional_ae,3,3,44.0,subject11,0.1847202066444444,45.68025127777778,45.459194387888886,0.24318181818181817,0.0138888888888888,1.0061183523454749,0.1714484405967372
conditional_ae,3,3,44.0,subject22,0.09374010521277779,36.10214927777778,36.681822569888894,0.23358585858585856,0.0166666666666666,0.4034299975902247,0.0702000781983649
conditional_ae,3,3,44.0,subject30,0.04929410481555556,25.92477088888889,32.05929952216667,0.31161616161616157,0.0,0.7700206234810363,0.1508988730922354
conditional_ae,3,3,44.0,subject33,0.1412707973448276,38.25704074712644,41.92538311827587,0.2825757575757576,0.0371212121212121,0.4363435581734571,0.0781321376523062
conditional_ae,3,3,44.0,subject37,0.10782107087888891,38.274034444444446,26.827819878499998,0.4078282828282828,0.0083333333333333,1.5383274233461748,0.2812815525882213
conditional_ae,3,3,44.0,subject40,0.2130637342954802,39.01179598870056,47.213398858813555,0.2469696969696969,0.0222222222222222,0.5000049602498526,0.0892761298061478
conditional_ae,8,3,42.0,subject02,0.10527720946833335,40.44975483333334,25.34108084516667,0.3439393939393939,0.0583333333333333,1.212953807307538,0.2322464032259718
conditional_ae,8,3,42.0,subject11,0.039591133097222224,40.15177233333334,46.51684494694444,0.2628787878787878,0.0361111111111111,0.7707790018898395,0.1442441651450376
conditional_ae,8,3,42.0,subject22,0.008092945928722223,38.676934833333334,29.672650079094442,0.22702020202020198,0.1583333333333333,0.3434888982099848,0.065402993691787
conditional_ae,8,3,42.0,subject30,0.008111111685555554,23.983331444444445,29.677556710888886,0.2406565656565656,0.0083333333333333,0.4533044832651343,0.0914283661457255
conditional_ae,8,3,42.0,subject33,0.02713153462068965,38.30027517241379,33.16546648143678,0.1512396694214876,0.0295454545454545,0.1667371222555589,0.0222689220097316
conditional_ae,8,3,42.0,subject37,0.014489738525166664,38.31216316666667,27.460084436055556,0.19267676767676764,0.0083333333333333,0.3943529487293058,0.0666502679119291
conditional_ae,8,3,42.0,subject40,0.03210351831016949,35.17028920903955,33.313404620677964,0.28712121212121205,0.0194444444444444,0.6912932260689413,0.1203548559381955
conditional_ae,8,3,43.0,subject02,0.07154352240499999,38.313270499999994,28.742512177666665,0.38181818181818183,0.0166666666666666,1.581401118527476,0.3098698642326215
conditional_ae,8,3,43.0,subject11,0.04113375545833334,44.617641222222225,64.96506436266668,0.2714646464646464,0.0194444444444444,0.8247691952958602,0.1495767043801829
conditional_ae,8,3,43.0,subject22,0.010830854918888888,35.98769122222223,30.90792602447222,0.1949494949494949,0.125,0.2988841971786318,0.058855396670296
conditional_ae,8,3,43.0,subject30,0.011251464543555552,25.57569644444445,26.66185519666667,0.2227272727272727,0.0083333333333333,0.4153210057069749,0.0769331282072988
conditional_ae,8,3,43.0,subject33,0.03152640282068966,37.270732183908045,41.19847905597701,0.15089531680440765,0.0037878787878787,0.1882901355383124,0.0206129153674513
conditional_ae,8,3,43.0,subject37,0.02280682851111111,38.6611243888889,27.39921170293056,0.276010101010101,0.025,0.6363334327416115,0.1040869035745644
conditional_ae,8,3,43.0,subject40,0.042862459824293785,46.91686683615819,319.9270559785311,0.2744949494949495,0.0527777777777777,0.547975387406602,0.1059328807452563
conditional_ae,8,3,44.0,subject02,0.07514387778499998,55.04365466666667,24.204806295883333,0.33030303030303027,0.0416666666666666,1.215129557596661,0.2318651219265515
conditional_ae,8,3,44.0,subject11,0.044101154836111114,46.59206733333333,47.546527225000006,0.27272727272727265,0.0361111111111111,0.8299564933588623,0.1600640632666191
conditional_ae,8,3,44.0,subject22,0.012490463591666669,36.53714433333333,30.292218228405552,0.2194444444444444,0.1,0.3540558864108813,0.0689229761467942
conditional_ae,8,3,44.0,subject30,0.008848371157222222,23.08885172222222,29.970320611277778,0.2618686868686868,0.0166666666666666,0.5496465656608294,0.1104657650493293
conditional_ae,8,3,44.0,subject33,0.033666737312068956,38.85816890804597,34.42120622563218,0.15977961432506882,0.0121212121212121,0.2002994762955365,0.0270400411251984
conditional_ae,8,3,44.0,subject37,0.01824659672388889,30.330131999999995,26.851141959616665,0.230050505050505,0.0166666666666666,0.549010178010565,0.0954300525700652
conditional_ae,8,3,44.0,subject40,0.027103274252259887,51.08741525423728,35.40584722446327,0.31060606060606055,0.0277777777777777,0.8375705419772812,0.1476522340470014
cvae,2,0,42.0,subject05,0.07185465683388889,17.62374805555556,23.140053505555553,0.30631313131313126,0.0027777777777777,0.7341215897412123,0.1559496048570615
cvae,2,0,42.0,subject13,0.14694617446,29.612325555555557,35.39316891116667,0.2409090909090909,0.0111111111111111,0.4537609539549461,0.0770232255009394
cvae,2,0,42.0,subject19,0.08956430400449437,38.10233393258426,38.57806885589887,0.25025252525252517,0.0,0.7187484154866164,0.1473171120542529
cvae,2,0,42.0,subject24,0.16221690800786515,31.683751235955057,27.028377167101123,0.20151515151515148,0.0555555555555555,0.2195458566894275,0.0392000767784371
cvae,2,0,42.0,subject27,0.2591164300480226,41.00883028248588,49.50356075875707,0.29999999999999993,0.0027777777777777,0.9618839244682138,0.2032420978101667
cvae,2,0,42.0,subject34,0.13534129256111113,35.64695805555555,33.50557300488445,0.30959595959595954,0.0444444444444444,0.6854076994181186,0.13659065316655
cvae,2,0,42.0,subject35,0.17442991419590648,100.51940345029239,58.453467338538005,0.26612050739957716,0.0116279069767441,0.5643970414961048,0.1094858636245964
cvae,2,0,43.0,subject05,0.06487179824944445,16.726158388888887,22.420693015555557,0.3007575757575758,0.0111111111111111,0.7421811078423564,0.153755640655862
cvae,2,0,43.0,subject13,0.16150854426833333,27.23527877777778,32.884806464444445,0.24772727272727268,0.0111111111111111,0.4432305892193864,0.0747481639671419
cvae,2,0,43.0,subject19,0.10382556076123596,37.09708949438202,44.306675666292136,0.23813131313131308,0.0,0.6850702685655228,0.1385051255590832
cvae,2,0,43.0,subject24,0.1619574435786517,30.993638876404496,26.60952130907303,0.21060606060606057,0.0472222222222222,0.2175505121855909,0.0347269211146299
cvae,2,0,43.0,subject27,0.27883872370621465,42.47063830508475,55.15199158502825,0.34722222222222227,0.0111111111111111,1.3095554433498666,0.2761567078125735
cvae,2,0,43.0,subject34,0.14843068352222225,36.126906055555544,33.90229338333333,0.31969696969696965,0.0444444444444444,0.7020474485769395,0.1385815598693756
cvae,2,0,43.0,subject35,0.16788320188888892,102.63388315789473,61.90239075070176,0.2758280479210712,0.0050387596899224,0.5881307628594135,0.1161961940967403
cvae,2,0,44.0,subject05,0.08082396277222223,17.755617833333336,27.95305727777778,0.3285353535353535,0.0027777777777777,0.7934581339677509,0.1675357235426063
cvae,2,0,44.0,subject13,0.1607480618711111,29.47210866666667,39.20157311405556,0.27777777777777773,0.0111111111111111,0.5409929704896626,0.0900086956597606
cvae,2,0,44.0,subject19,0.07781208705505618,38.24539646067416,52.92447299505618,0.24747474747474743,0.0,0.4870468772687424,0.0937851030054433
cvae,2,0,44.0,subject24,0.18221016003595505,31.076205112359556,32.073037715112356,0.23484848484848486,0.0555555555555555,0.302376589669636,0.0582592702472268
cvae,2,0,44.0,subject27,0.27203759614689266,42.37797779661017,68.21267430875704,0.3373737373737373,0.0111111111111111,1.31465875864577,0.2812347597594965
cvae,2,0,44.0,subject34,0.1139709324888889,36.062137944444444,39.23914670305555,0.33358585858585854,0.0444444444444444,0.7321169871432742,0.1474059229940636
cvae,2,0,44.0,subject35,0.1970640440233918,99.2296118128655,61.15990315099414,0.2734319943622269,0.0116279069767441,0.584973081424975,0.1104299245261926
cvae,3,0,42.0,subject05,0.03904487381111111,15.787518,22.931038643888893,0.28787878787878785,0.0027777777777777,0.6615730546463392,0.1336336307770014
cvae,3,0,42.0,subject13,0.042358853134444444,25.1647925,35.0109262205,0.17247474747474742,0.0111111111111111,0.1725336912401283,0.023860512864213
cvae,3,0,42.0,subject19,0.03340520177247191,24.319714438202247,35.64737393258428,0.20858585858585857,0.0,0.2653638633091053,0.0478726812110291
cvae,3,0,42.0,subject24,0.08965029470730339,34.198402865168546,26.092570166853932,0.18914141414141408,0.0388888888888888,0.2141982861064355,0.0301418531039383
cvae,3,0,42.0,subject27,0.07133109253954802,44.668564689265544,51.176063220790965,0.2623737373737374,0.0027777777777777,0.7220221736808639,0.1472609433606753
cvae,3,0,42.0,subject34,0.07016339574444444,30.231548555555552,29.209623587333333,0.26035353535353534,0.0444444444444444,0.5362467587620001,0.102034822143663
cvae,3,0,42.0,subject35,0.11106390258187133,85.4268412865497,72.27691600959065,0.23002114164904858,0.0050387596899224,0.4256859080351431,0.0745209201918514
cvae,3,0,43.0,subject05,0.04021444000444444,15.609977166666667,24.427704878888886,0.3032828282828282,0.0111111111111111,0.7092162158759092,0.1411848205945528
cvae,3,0,43.0,subject13,0.046910362828888885,25.360527277777773,37.28973868922223,0.17651515151515149,0.0111111111111111,0.2018486185623955,0.0304984604224485
cvae,3,0,43.0,subject19,0.03693815413764045,24.112672865168534,35.728042722303364,0.1833333333333333,0.0,0.2763996147518242,0.0525779848145817
cvae,3,0,43.0,subject24,0.08584362672696627,33.55386820224719,26.220266401741576,0.18434343434343428,0.0555555555555555,0.1672240877265105,0.0219633085709642
cvae,3,0,43.0,subject27,0.06805620622768362,44.62311305084746,59.17486614079096,0.2808080808080808,0.0027777777777777,0.8963554270289675,0.1841803467863396
cvae,3,0,43.0,subject34,0.06727819133166667,30.331520944444446,32.04670478646666,0.2843434343434343,0.0444444444444444,0.6355519242159495,0.1179311088572865
cvae,3,0,43.0,subject35,0.11052245305847952,87.14884678362573,64.11379449461403,0.2136715997181113,0.0032945736434108,0.4221003360531048,0.0727942799174108
cvae,3,0,44.0,subject05,0.043856056498888886,16.349708666666668,22.158189819999997,0.3015151515151515,0.0111111111111111,0.7051327021082758,0.1414203414826463
cvae,3,0,44.0,subject13,0.04315768565277777,24.123559277777783,34.52593437761111,0.1709595959595959,0.0111111111111111,0.1555762588823248,0.0211309241067868
cvae,3,0,44.0,subject19,0.03647008909101124,23.714056460674154,34.29256572769662,0.2108585858585858,0.0,0.2670394998709868,0.0543372805220612
cvae,3,0,44.0,subject24,0.09164769580898875,34.899438651685394,26.80932515679775,0.16919191919191917,0.0555555555555555,0.1643765857967492,0.0231031456042817
cvae,3,0,44.0,subject27,0.07172487523728813,42.786014802259885,51.37816059107344,0.28257575757575754,0.0111111111111111,0.8590584927064868,0.1760676472620302
cvae,3,0,44.0,subject34,0.06528011181944444,29.916037222222222,29.891071638722217,0.271969696969697,0.0444444444444444,0.6012716444185573,0.1093614064568503
cvae,3,0,44.0,subject35,0.10953549389181286,87.38261619883042,71.6765148679766,0.19529598308668075,0.0116279069767441,0.3710113828686232,0.0612170658759264
cvae,4,0,42.0,subject05,0.022035914650555558,17.83311972222222,23.974042400000002,0.28964646464646465,0.0027777777777777,0.5488025405516019,0.1101104401228473
cvae,4,0,42.0,subject13,0.03505449297166667,26.554826722222227,32.514372035,0.19116161616161612,0.0027777777777777,0.2803480679914902,0.0454831911317741
cvae,4,0,42.0,subject19,0.01959649950224719,22.322726516853933,33.89862018483146,0.17449494949494945,0.0083333333333333,0.2164454328828844,0.040639333399608
cvae,4,0,42.0,subject24,0.052555450515168536,31.92463983146067,25.870142961404493,0.17398989898989894,0.0472222222222222,0.13660795462178,0.0151835209085497
cvae,4,0,42.0,subject27,0.0540796837480226,42.13700141242938,56.42382636435028,0.268939393939394,0.0111111111111111,0.6428293859847467,0.1293462507871939
cvae,4,0,42.0,subject34,0.05458947540944444,30.739999444444447,28.69327972888889,0.29267676767676765,0.0361111111111111,0.6135978089817651,0.1129756377697589
cvae,4,0,42.0,subject35,0.06825695467251462,86.98050280701754,62.77567755678362,0.21448202959830864,0.0083333333333333,0.3994718165839259,0.0665980660692132
cvae,4,0,43.0,subject05,0.02423068906777778,16.789368166666666,23.316723044444444,0.31994949494949493,0.0111111111111111,0.6455765787991612,0.1324654269989973
cvae,4,0,43.0,subject13,0.033740075615,24.12927688888889,29.54758634548334,0.16388888888888886,0.0027777777777777,0.1638131981729471,0.0221342163841653
cvae,4,0,43.0,subject19,0.022775919023595503,22.62503438202247,34.43371334915731,0.1954545454545454,0.0,0.2070821303541539,0.0377918684235834
cvae,4,0,43.0,subject24,0.05143081867078652,36.46373157303371,26.175456074101124,0.1391414141414141,0.0388888888888888,0.2045475317723717,0.0308788726921537
cvae,4,0,43.0,subject27,0.06568602554293784,48.71444276836159,54.5385340162175,0.27979797979797977,0.0138888888888888,0.8064543256943328,0.1610888984439684
cvae,4,0,43.0,subject34,0.05669756061555555,30.754988444444443,28.869576521777777,0.2641414141414141,0.0444444444444444,0.5720475340032154,0.1015350034062223
cvae,4,0,43.0,subject35,0.06347557798245615,85.66947485380116,65.67042878267253,0.20546159267089498,0.0050387596899224,0.4639715804558721,0.0757729744597258
cvae,4,0,44.0,subject05,0.027343344798333332,16.69388238888889,24.137816874444447,0.3229797979797979,0.0111111111111111,0.6585240189756867,0.1331224367558294
cvae,4,0,44.0,subject13,0.031295426565555555,25.300337833333334,31.792595153944447,0.2058080808080808,0.0111111111111111,0.3506171641432347,0.0580883641002916
cvae,4,0,44.0,subject19,0.022982178698314606,22.951378033707872,33.61930345151685,0.1987373737373737,0.0,0.2479336234017157,0.046223598717325
cvae,4,0,44.0,subject24,0.05901112065842697,33.06667078651686,27.18707850104494,0.15707070707070703,0.0555555555555555,0.1366899872343845,0.0155648924426778
cvae,4,0,44.0,subject27,0.04514321776101695,47.192166553672315,59.28964915932767,0.2911616161616161,0.0111111111111111,0.7957866349752032,0.1613660651017686
cvae,4,0,44.0,subject34,0.05703581019222222,30.087399611111113,29.48255285655555,0.28333333333333327,0.0361111111111111,0.6006229818972217,0.1103004036073009
cvae,4,0,44.0,subject35,0.059793209197660825,87.09759532163743,64.73722312508771,0.2272022551092318,0.0032945736434108,0.5008169769523145,0.0853002565348923
cvae,8,0,42.0,subject05,0.010906230606111112,15.695312,19.61001788577778,0.2535353535353535,0.0027777777777777,0.3572152924764911,0.0704373869228003
cvae,8,0,42.0,subject13,0.01021047656777778,27.226613055555553,29.775131415055554,0.19141414141414137,0.0055555555555555,0.2215002491609161,0.034132546834857
cvae,8,0,42.0,subject19,0.009280945541235954,20.39183960674158,33.398778531853935,0.16767676767676765,0.0,0.1452906392196506,0.0204647109723772
cvae,8,0,42.0,subject24,0.016323874571348315,33.35438808988764,24.844537541398875,0.1654040404040404,0.0222222222222222,0.1370354341886046,0.013491526709067
cvae,8,0,42.0,subject27,0.01574127712881356,48.89625830508475,44.35886048915255,0.23560606060606057,0.0138888888888888,0.5149497715074669,0.1019976366498143
cvae,8,0,42.0,subject34,0.031184288673333338,29.975587055555554,29.204833984055554,0.2578282828282828,0.0194444444444444,0.5572206164930722,0.0988173016422296
cvae,8,0,42.0,subject35,0.021705317894736842,82.29373456140351,65.95404044233625,0.23537702607470043,0.0383720930232558,0.5245867854664037,0.092386464457999
cvae,8,0,43.0,subject05,0.01180209012222222,15.69682672222222,19.316342931666668,0.24797979797979794,0.0111111111111111,0.288949419541241,0.0536401508890935
cvae,8,0,43.0,subject13,0.011057913085000001,27.068020500000003,30.597051950211114,0.18964646464646462,0.0055555555555555,0.167445614094281,0.0228664072364626
cvae,8,0,43.0,subject19,0.01143682064213483,21.896375786516856,32.63777974877528,0.20025252525252524,0.0,0.2056217376353037,0.0353766105933504
cvae,8,0,43.0,subject24,0.018773554246067414,30.45235151685393,25.394604385674157,0.15025252525252522,0.0472222222222222,0.1196366992629718,0.0107892767318189
cvae,8,0,43.0,subject27,0.019970910157062146,47.71413937853107,46.44934564647457,0.2512626262626262,0.0111111111111111,0.4384040702400891,0.0831049915674317
cvae,8,0,43.0,subject34,0.03610442583944444,30.992334833333334,28.66954332522222,0.20732323232323233,0.0444444444444444,0.2903742092107482,0.0488690371496606
cvae,8,0,43.0,subject35,0.023616107430409358,76.61014789473684,65.41651251776608,0.23729739252995066,0.0883720930232558,0.3858638269628067,0.0662330953842499
cvae,8,0,44.0,subject05,0.010776754995555556,15.833881777777778,20.99037205611111,0.22601010101010097,0.0027777777777777,0.2336266265272932,0.039647581903125
cvae,8,0,44.0,subject13,0.011275550852777778,25.48525138888889,30.098080626111113,0.20025252525252527,0.0111111111111111,0.1825643009849318,0.0285259494531102
cvae,8,0,44.0,subject19,0.01018895928764045,21.319354494382026,34.26251507247191,0.1598484848484848,0.0,0.1153507549717693,0.0139056807198392
cvae,8,0,44.0,subject24,0.019152920185955057,34.514237359550556,27.595443068370788,0.17398989898989892,0.0305555555555555,0.1727541536024777,0.0207041834581921
cvae,8,0,44.0,subject27,0.02038771219322034,50.22974604519775,46.43396027683615,0.23863636363636356,0.0055555555555555,0.5135483838588146,0.1001779229002934
cvae,8,0,44.0,subject34,0.027306379648888893,30.327186944444446,27.86332710049999,0.2257575757575757,0.0361111111111111,0.3790725111775752,0.0697091270938247
cvae,8,0,44.0,subject35,0.026026420344444447,86.67597748538012,67.6933167024152,0.22256871035940798,0.0467054263565891,0.549227151990892,0.0949671920248356
cvae,2,1,42.0,subject08,1.1997752735251397,106.89717670391062,64.7805535844469,0.5808080808080808,0.2138888888888888,3.3894598248239944,0.6367438614284723
cvae,2,1,42.0,subject18,0.22658916360674158,54.09451786516854,41.73504924957865,0.44393939393939397,0.0111111111111111,1.7959148221526449,0.3190789041881821
cvae,2,1,42.0,subject23,0.16767163292222223,43.69576233333333,46.148216958333336,0.28686868686868683,0.2222222222222222,0.5826301026145129,0.1067326763903653
cvae,2,1,42.0,subject25,0.8180959108426965,80.77508235955057,45.673565521966296,0.37373737373737365,0.4027777777777778,1.1331340539513146,0.2079563399254083
cvae,2,1,42.0,subject26,0.3450230663631285,47.81196044692737,44.543785962178774,0.39444444444444443,0.0777777777777777,1.471352994060248,0.2307893199317064
cvae,2,1,42.0,subject41,0.6510531501071428,68.34888071428571,60.82043769142858,0.38467365967365963,0.1538461538461538,1.6642924847289886,0.1777657663448757
cvae,2,1,42.0,subject43,0.15332252749888886,30.374320666666673,37.67272802944444,0.23585858585858588,0.0111111111111111,0.4042936939917445,0.0765535340626031
cvae,2,1,43.0,subject08,1.2185666272905027,94.6913305027933,71.68539700173184,0.5058080808080808,0.0972222222222222,2.50350774046605,0.4820822664907012
cvae,2,1,43.0,subject18,0.24064165312921348,51.53953275280899,28.60753297719101,0.426010101010101,0.0027777777777777,1.7427245466816297,0.3223674182021533
cvae,2,1,43.0,subject23,0.17987427918055557,44.37715455555556,35.3338241738889,0.29747474747474745,0.2222222222222222,0.6561892249520884,0.1228581984386191
cvae,2,1,43.0,subject25,0.7089755060730336,77.18106146067414,47.978599709719106,0.38535353535353534,0.3944444444444444,1.031452819792053,0.2009812862865602
cvae,2,1,43.0,subject26,0.34016188046368717,43.929676703910616,37.15558854893855,0.41060606060606053,0.0611111111111111,1.410830388816847,0.2292058132543065
cvae,2,1,43.0,subject41,1.2929283248214285,78.86832714285714,68.49912735041072,0.39434731934731926,0.1538461538461538,1.5746117156002164,0.1678664364760288
cvae,2,1,43.0,subject43,0.17916522742166663,29.159829333333334,34.54132861111112,0.20959595959595959,0.0111111111111111,0.3315882163112351,0.06011305445629
cvae,2,1,44.0,subject08,1.073686840932961,91.75717469273742,69.35190195383072,0.5161616161616162,0.1888888888888888,2.7349084005923787,0.5124862830660911
cvae,2,1,44.0,subject18,0.2109409486516854,52.52936842696629,31.077986782640448,0.45479797979797976,0.0027777777777777,1.941629377544441,0.349617969525308
cvae,2,1,44.0,subject23,0.15492295028888886,45.99951333333334,36.42743675444444,0.26666666666666666,0.2222222222222222,0.4678026819373864,0.0794170913034741
cvae,2,1,44.0,subject25,0.7772639207359548,77.37256505617977,44.673596824887646,0.36590909090909085,0.3944444444444444,1.2017216283924237,0.2141177148573644
cvae,2,1,44.0,subject26,0.31554291380446925,48.12790407821228,36.594080741843584,0.4174242424242424,0.0777777777777777,1.6322004412426463,0.2613850940260744
cvae,2,1,44.0,subject41,0.7074787359999999,72.78225357142857,65.58645552178572,0.3578088578088578,0.1455128205128205,1.4644877896521011,0.1376289253673915
cvae,2,1,44.0,subject43,0.15023753245611113,31.148457888888892,33.682355435922226,0.24520202020202017,0.0111111111111111,0.4530122791973081,0.0855383904760331
cvae,3,1,42.0,subject08,0.5466528263184358,108.40246525139666,62.64992393901118,0.48484848484848475,0.0027777777777777,2.858002874850647,0.5140259673250326
cvae,3,1,42.0,subject18,0.11926049623370788,49.21351235955055,37.907215654848315,0.35353535353535354,0.0111111111111111,1.3311394636841718,0.2441066585792433
cvae,3,1,42.0,subject23,0.07825011492166668,41.78871155555556,35.44795016111111,0.26338383838383833,0.2222222222222222,0.4072119887073628,0.0665178682587761
cvae,3,1,42.0,subject25,0.3219453449353933,65.0044461235955,43.949312383146065,0.3406565656565656,0.3111111111111111,0.8846997753513319,0.1660798468082029
cvae,3,1,42.0,subject26,0.1749768246005587,42.12318938547486,33.66968839369274,0.3888888888888889,0.0777777777777777,1.577302226723611,0.2476120993049145
cvae,3,1,42.0,subject41,0.2911879023571428,69.38403964285715,55.88858232964285,0.4081585081585082,0.1288461538461538,1.6793342862422884,0.1792213881254845
cvae,3,1,42.0,subject43,0.07187486201222222,27.807844444444445,28.31140884463889,0.22550505050505046,0.0111111111111111,0.3431029467775994,0.0625465553826783
cvae,3,1,43.0,subject08,0.7317828195027934,154.33248111731842,61.19971942882681,0.43737373737373736,0.0472222222222222,2.393556569429508,0.4129194107783021
cvae,3,1,43.0,subject18,0.13518145342134832,49.502233483146064,38.75240056033707,0.34469696969696967,0.0111111111111111,1.1969810506630956,0.2120906928497394
cvae,3,1,43.0,subject23,0.06765615863499999,39.008210777777784,34.98298091405556,0.24040404040404037,0.2138888888888888,0.314438667107503,0.0483730606428666
cvae,3,1,43.0,subject25,0.46372741108988763,72.1206645505618,43.39069577867977,0.32424242424242417,0.3944444444444444,1.061322911877972,0.186980544416723
cvae,3,1,43.0,subject26,0.2113174691480447,50.906904022346374,37.608881319162016,0.369949494949495,0.0527777777777777,1.4280004836639413,0.2152252680980627
cvae,3,1,43.0,subject41,0.3179734124642857,69.8420175,58.62686121499999,0.3191724941724941,0.1455128205128205,1.3175222195839802,0.1034050185832132
cvae,3,1,43.0,subject43,0.08338817200444444,24.920994777777782,27.74886943333334,0.1967171717171717,0.0111111111111111,0.2517137765851882,0.0407219473221139
cvae,3,1,44.0,subject08,0.4943212623351955,108.63920201117318,68.96516687153633,0.5328282828282828,0.0388888888888888,3.02676580662016,0.5639226017390891
cvae,3,1,44.0,subject18,0.14233387274550563,48.577512808988764,26.730383529550565,0.347979797979798,0.0055555555555555,1.2178751835509214,0.2182921303919407
cvae,3,1,44.0,subject23,0.07565371921222222,38.11832638888889,33.55798909111112,0.254040404040404,0.2138888888888888,0.4182395059638035,0.0648179450374614
cvae,3,1,44.0,subject25,0.35814704370224726,66.31907865168539,44.208925711269664,0.31717171717171716,0.3611111111111111,0.8168918218439019,0.1419417439953628
cvae,3,1,44.0,subject26,0.20588761675418993,42.066221955307256,36.89736223011173,0.36237373737373735,0.0694444444444444,1.3796933338084076,0.2102099922018274
cvae,3,1,44.0,subject41,0.5578864661785714,78.93690357142857,69.09366348178571,0.36299533799533795,0.1455128205128205,1.4422138397300772,0.1303506721184524
cvae,3,1,44.0,subject43,0.09827587430333333,25.297459,33.343623692777776,0.203030303030303,0.0111111111111111,0.2584837465566938,0.0425587250321696
cvae,4,1,42.0,subject08,0.3188454419832402,156.10195759776536,46.60083311882681,0.48510101010101003,0.0638888888888888,3.108814144997452,0.50312933494638
cvae,4,1,42.0,subject18,0.1077794765797753,42.318001741573035,36.773019411629214,0.3131313131313131,0.0111111111111111,1.0555540156657566,0.1812304907322937
cvae,4,1,42.0,subject23,0.05219468557944445,38.4788765,32.43343039166667,0.2383838383838384,0.2222222222222222,0.2746296986754766,0.0432378999532778
cvae,4,1,42.0,subject25,0.23456855411235952,71.48474764044944,38.189715217797755,0.3285353535353535,0.3611111111111111,0.7542904130959207,0.1377756471711817
cvae,4,1,42.0,subject26,0.11235276489385475,45.592648100558655,36.270824860885476,0.39419191919191915,0.0527777777777777,1.7235106925225474,0.2491210823236969
cvae,4,1,42.0,subject41,0.2856433613571429,64.80380214285715,47.42342138928572,0.3562937062937062,0.1538461538461538,1.4195769881185578,0.127208718798137
cvae,4,1,42.0,subject43,0.050426051597777785,24.289091111111116,28.735753151111115,0.21363636363636357,0.0111111111111111,0.2197115938105942,0.0331493772781108
cvae,4,1,43.0,subject08,0.2843164998212291,119.4781597765363,52.2664823240838,0.4611111111111112,0.0472222222222222,2.4636345707520264,0.4203151674640299
cvae,4,1,43.0,subject18,0.11283391573146068,44.023568820224725,42.19053266165731,0.31414141414141405,0.0027777777777777,1.021722866580141,0.1806190198093089
cvae,4,1,43.0,subject23,0.05100793003944444,37.63296861111112,37.00229088333334,0.27575757575757576,0.2222222222222222,0.364774743841592,0.0636576702515538
cvae,4,1,43.0,subject25,0.2117179670140449,67.24889303370787,32.683344454359556,0.32297979797979787,0.3944444444444444,0.6096867907629888,0.1135303250705613
cvae,4,1,43.0,subject26,0.13552278973184356,42.45737597765363,34.93065734998324,0.4189393939393939,0.0527777777777777,1.663101213957543,0.2331327142514428
cvae,4,1,43.0,subject41,0.3081730021785714,59.87384142857143,43.410044376785706,0.3471445221445221,0.1288461538461538,1.4431056365319108,0.132033402328185
cvae,4,1,43.0,subject43,0.07437671174555557,26.284995888888886,30.324516152777775,0.22727272727272718,0.0111111111111111,0.2671096839229849,0.0415984404646864
cvae,4,1,44.0,subject08,0.2732748281480447,125.058202849162,64.10650402640222,0.46767676767676764,0.0388888888888888,2.647103986885039,0.480174246928741
cvae,4,1,44.0,subject18,0.14206226285280898,48.74475050561797,30.931705834662925,0.34570707070707074,0.0111111111111111,1.2403188331033168,0.2268704020306969
cvae,4,1,44.0,subject23,0.05184948998666666,36.359133611111105,36.93971885888889,0.2755050505050505,0.2222222222222222,0.4334934802612111,0.0690095459003286
cvae,4,1,44.0,subject25,0.2212070944719101,63.34103067415731,42.7368367728764,0.3378787878787879,0.3527777777777778,0.8171255959490025,0.1542111879886468
cvae,4,1,44.0,subject26,0.1349744047413408,40.747318994413405,37.71628757145251,0.4295454545454545,0.0694444444444444,1.6402703886806056,0.25351904397555
cvae,4,1,44.0,subject41,0.29435805525000003,67.05222035714287,62.986602240357136,0.3573426573426573,0.1371794871794872,1.4953732803894622,0.1381953366941305
cvae,4,1,44.0,subject43,0.07133903811833334,25.170022944444444,34.03834907277778,0.24823232323232325,0.0111111111111111,0.3305032853568876,0.057811189294318
cvae,8,1,42.0,subject08,0.07598467596201118,111.7251577094972,58.89731208263614,0.347979797979798,0.0222222222222222,1.3749342650877283,0.2409950450247776
cvae,8,1,42.0,subject18,0.031341475970786514,52.53673685393259,37.82518746674158,0.26742424242424234,0.0055555555555555,0.6757471965259207,0.1165170121811752
cvae,8,1,42.0,subject23,0.022961458996111114,36.16476516666667,34.37087182722222,0.16919191919191917,0.1972222222222222,0.1588149130015566,0.0210899544991445
cvae,8,1,42.0,subject25,0.05966660299494382,65.17466174157303,35.198440701651684,0.2659090909090909,0.3694444444444444,0.4383517306551554,0.0636391944975718
cvae,8,1,42.0,subject26,0.04424304909441341,43.90629631284916,35.38225267743017,0.2959595959595959,0.0527777777777777,0.9994013172263512,0.1397146457588931
cvae,8,1,42.0,subject41,0.07642500673214285,65.94285071428571,48.67763636714285,0.3336247086247086,0.1038461538461538,1.1475752674376474,0.0709710245436349
cvae,8,1,42.0,subject43,0.018698438947777778,23.994841000000005,24.972081572222226,0.1608585858585858,0.0111111111111111,0.158272565530618,0.0209175003255192
cvae,8,1,43.0,subject08,0.10775712162067037,126.96261737430167,60.965904022039105,0.34494949494949484,0.0888888888888888,1.5551350380432587,0.2764587846055183
cvae,8,1,43.0,subject18,0.03879483822303371,44.46551910112359,33.86642269224719,0.26515151515151514,0.0111111111111111,0.6118714536062133,0.1032560604884901
cvae,8,1,43.0,subject23,0.022043717650555555,34.76645022222222,31.532445888500003,0.17121212121212115,0.2222222222222222,0.101297765045679,0.0108299338393516
cvae,8,1,43.0,subject25,0.07503003071404495,68.583182752809,40.439338017275276,0.26085858585858585,0.3527777777777778,0.4994180737767228,0.0734834077086272
cvae,8,1,43.0,subject26,0.042943163754748596,48.83434575418995,34.15375099938547,0.2628787878787878,0.0527777777777777,0.8570017529925247,0.1220922160438597
cvae,8,1,43.0,subject41,0.06199018363928572,75.54823571428571,49.198391163571436,0.30996503496503497,0.1205128205128205,1.1659228743923244,0.0711773345320022
cvae,8,1,43.0,subject43,0.015364256677222219,23.836180444444445,24.389124337222228,0.14696969696969694,0.0111111111111111,0.1205580553060978,0.0094109325299875
cvae,8,1,44.0,subject08,0.0862535634547486,133.5648815083799,69.76533024624023,0.3752525252525253,0.0138888888888888,1.8248109494229143,0.3241132693198726
cvae,8,1,44.0,subject18,0.043721611483707866,52.6740988764045,41.502014007921346,0.2689393939393939,0.0111111111111111,0.594641040860413,0.1018360718859823
cvae,8,1,44.0,subject23,0.02015113599888889,38.76492305555556,31.707795177777776,0.17171717171717168,0.1805555555555555,0.2190360647672364,0.0356529212641667
cvae,8,1,44.0,subject25,0.07418833543258427,68.00247623595506,33.41909116741573,0.23383838383838382,0.3111111111111111,0.4125277815576638,0.0592483990024734
cvae,8,1,44.0,subject26,0.04171647348882681,43.61370798882682,32.9414406152514,0.26691919191919183,0.0361111111111111,0.7946042137063367,0.1098218537694134
cvae,8,1,44.0,subject41,0.07551515756428571,58.62542928571429,49.64134025071428,0.30320512820512824,0.1371794871794872,1.005140976594859,0.0420297615725355
cvae,8,1,44.0,subject43,0.022449742426666672,25.46639877777778,24.81632793555556,0.17398989898989894,0.0111111111111111,0.1759657127335026,0.0235728158318835
cvae,2,2,42.0,subject01,0.21231083285555552,38.794704277777775,28.38254197961112,0.25631313131313127,0.025,0.5099169239136834,0.1015220844977075
cvae,2,2,42.0,subject04,0.14345160064999998,33.206342166666666,28.138180496922224,0.26060606060606056,0.0,0.4211896016005938,0.0840569945774976
cvae,2,2,42.0,subject10,0.09910374379999999,40.109521388888886,35.944769234111114,0.23585858585858588,0.0222222222222222,0.4848982569894704,0.0944636493553415
cvae,2,2,42.0,subject12,0.12344926971388889,42.181721333333336,37.12582637166666,0.31590909090909086,0.0,1.014672157874156,0.1903361986797261
cvae,2,2,42.0,subject15,0.15244345233841808,44.51491502824859,26.091775018903956,0.24822948586993523,0.1348314606741573,0.448872178142973,0.0885345986582915
cvae,2,2,42.0,subject21,0.48787538962359556,70.73169640449439,39.88951544205899,0.4164141414141414,0.0194444444444444,1.2500288643679989,0.25392687000942
cvae,2,2,42.0,subject36,0.21734480739111114,21.841939722222225,29.93891731792222,0.3073232323232323,0.0,0.8011160700056319,0.1618820170697589
cvae,2,2,43.0,subject01,0.2126335851277778,37.114944,33.937113596522224,0.27702020202020194,0.025,0.4921876680079378,0.0959422488458429
cvae,2,2,43.0,subject04,0.12624917307222222,29.82783855555556,32.66110500094444,0.23939393939393935,0.0,0.2861923936489061,0.0520461378197756
cvae,2,2,43.0,subject10,0.1481871247388889,44.08672244444445,35.61892107536667,0.2472222222222222,0.0138888888888888,0.5608338566780198,0.1115552227837762
cvae,2,2,43.0,subject12,0.1774002990377778,46.812706944444436,46.87860176527778,0.29318181818181815,0.0,1.086947867628846,0.210115178537977
cvae,2,2,43.0,subject15,0.1596431219305085,50.480418474576275,29.22333034033899,0.2324565883554647,0.1348314606741573,0.4562523207914997,0.0899351576942983
cvae,2,2,43.0,subject21,0.7179072075898877,78.37758264044945,37.986781369808995,0.3886363636363636,0.0444444444444444,1.1540906272742384,0.2325342319366683
cvae,2,2,43.0,subject36,0.20495145724222222,22.604749944444446,32.0422047956,0.27146464646464646,0.0,0.7787305450927229,0.1578565069535124
cvae,2,2,44.0,subject01,0.18852529317499997,42.001610277777765,30.841875411322228,0.28661616161616155,0.025,0.4774833887857967,0.0884260818750655
cvae,2,2,44.0,subject04,0.11695906306444444,31.51868255555556,27.25710538944444,0.2689393939393939,0.0,0.3906774113555982,0.0761503423460689
cvae,2,2,44.0,subject10,0.11821036648,39.63254877777778,33.992222178,0.2287878787878788,0.0222222222222222,0.4342812220129546,0.0832911722322088
cvae,2,2,44.0,subject12,0.1135067712911111,38.909531666666666,38.673127486111106,0.3156565656565656,0.0,0.9476284650904484,0.1790847783839987
cvae,2,2,44.0,subject15,0.1341781798677966,43.755955197740114,25.64169661284746,0.2339291794347974,0.1348314606741573,0.3799951525046374,0.0739063450222997
cvae,2,2,44.0,subject21,0.5658041779494382,68.55069398876404,38.81780636910112,0.4068181818181818,0.0444444444444444,1.2705008303836682,0.2563925904128002
cvae,2,2,44.0,subject36,0.17212711195333333,24.162897944444445,30.089801533344442,0.29570707070707064,0.0,0.7991198946482863,0.1622732335202599
cvae,3,2,42.0,subject01,0.08945947762888891,38.715059833333335,30.886211656500002,0.22222222222222215,0.0333333333333333,0.3490729974020969,0.0618071499544281
cvae,3,2,42.0,subject04,0.05142678910666666,27.96641694444444,28.72801122111111,0.23838383838383834,0.0,0.3670782655548446,0.0717084037194245
cvae,3,2,42.0,subject10,0.046380179522222224,36.16660666666667,34.89281219444444,0.2603535353535353,0.0222222222222222,0.5287728940099465,0.1015618737802839
cvae,3,2,42.0,subject12,0.05828755868222222,36.438236611111115,36.996685659444445,0.24974747474747475,0.0,0.6597243640132904,0.1189441131629696
cvae,3,2,42.0,subject15,0.073380077340113,39.98313225988701,28.01788517435028,0.20270684371807965,0.1348314606741573,0.3225474342634391,0.056853226766628
cvae,3,2,42.0,subject21,0.23908114445674156,57.64774247191011,25.381743619213488,0.4080808080808081,0.0111111111111111,1.3030761332290717,0.2557608195067284
cvae,3,2,42.0,subject36,0.07773085791499999,22.251728888888884,27.734252654999995,0.2482323232323232,0.0,0.5418923642862747,0.1015192863673569
cvae,3,2,43.0,subject01,0.10938400488888887,36.61432472222222,28.42294984188889,0.23484848484848483,0.025,0.3568230475767664,0.0682006145810083
cvae,3,2,43.0,subject04,0.05052926841999999,29.373437222222226,27.56235844888889,0.2143939393939394,0.0,0.2150737658314745,0.0392290449861382
cvae,3,2,43.0,subject10,0.051934398308333324,38.19285033333333,32.99187816761111,0.2689393939393939,0.0138888888888888,0.4758989579344943,0.0945700953109366
cvae,3,2,43.0,subject12,0.08918937202666667,38.39944611111111,37.591703842222216,0.255050505050505,0.0,0.7413975213563053,0.1383056827125179
cvae,3,2,43.0,subject15,0.07307102909322034,41.29557689265537,26.50955789632768,0.19829758256724545,0.1264981273408239,0.302318076116578,0.0568297892342753
cvae,3,2,43.0,subject21,0.43254475281067417,68.64219151685394,31.593947462955054,0.3636363636363636,0.0444444444444444,1.0495287608326374,0.2046829972727504
cvae,3,2,43.0,subject36,0.11537752651666666,22.239842111111113,28.49368029705555,0.2732323232323232,0.0083333333333333,0.582309499151239,0.1134590691928271
cvae,3,2,44.0,subject01,0.07450311551666666,43.64034666666667,31.181523936277554,0.205050505050505,0.0333333333333333,0.2590463667192861,0.0383408322981562
cvae,3,2,44.0,subject04,0.050994399244999995,30.01701561111111,29.61799690944444,0.21767676767676764,0.0,0.3056616401214631,0.0559583120495396
cvae,3,2,44.0,subject10,0.043383754143333335,31.417241722222226,38.30903625082222,0.23333333333333328,0.0222222222222222,0.4620574434112572,0.0823402026973592
cvae,3,2,44.0,subject12,0.07353065496111112,33.07086883333333,34.86690582,0.2482323232323232,0.0,0.5652605701822191,0.1050248936439679
cvae,3,2,44.0,subject15,0.08584950031920904,36.95094615819209,31.784990877627116,0.19693564862104188,0.1348314606741573,0.2810326998452823,0.0510623945117485
cvae,3,2,44.0,subject21,0.22806134734101124,52.24476488764044,28.45082145100562,0.37752525252525254,0.0111111111111111,0.91896898926034,0.1793875787761976
cvae,3,2,44.0,subject36,0.08474655736111111,25.134042333333333,31.464360960083336,0.25757575757575757,0.0,0.5011410024970124,0.0967921468035678
cvae,4,2,42.0,subject01,0.058156581835000005,38.08463005555556,30.693306302422222,0.21944444444444444,0.025,0.3302587683705584,0.0565654353192943
cvae,4,2,42.0,subject04,0.038423356259444444,29.75217011111111,29.607094970000002,0.19898989898989897,0.0,0.187790082485288,0.0327353796963014
cvae,4,2,42.0,subject10,0.03729030468055556,34.343701833333334,32.250527157222216,0.2555555555555555,0.0222222222222222,0.5629869070335101,0.1074351510995459
cvae,4,2,42.0,subject12,0.04503557312888889,34.49676283333334,38.215800548333334,0.2654040404040404,0.0,0.6971897268385301,0.1257725596651627
cvae,4,2,42.0,subject15,0.040975200551977405,41.25857988700565,26.00886859966102,0.2203353762342526,0.1098314606741573,0.3243423650764994,0.0600708327322274
cvae,4,2,42.0,subject21,0.10949488428426965,69.32370808988763,32.4114394632809,0.373989898989899,0.0111111111111111,1.153645089062031,0.2255796497196224
cvae,4,2,42.0,subject36,0.043913858857222224,24.299889777777782,25.824800986472223,0.2179292929292929,0.0,0.4188537474846279,0.0816388322800423
cvae,4,2,43.0,subject01,0.05803825591333335,36.58246566666667,27.610524886250005,0.20479797979797978,0.0,0.3012585370464995,0.0531705934345114
cvae,4,2,43.0,subject04,0.04150913875388889,30.79379127777778,30.477577574444442,0.2161616161616161,0.0333333333333333,0.2706320116875407,0.0519130019073528
cvae,4,2,43.0,subject10,0.038757950745555554,33.63955166666667,34.44365975333333,0.26742424242424234,0.0222222222222222,0.5635425735127075,0.1071755943356662
cvae,4,2,43.0,subject12,0.04357494841944444,37.704570222222216,37.78066224277778,0.2578282828282828,0.0,0.5280573728693199,0.0982186057859272
cvae,4,2,43.0,subject15,0.040417100944632765,38.028544180790966,27.451330542937853,0.20316649642492335,0.1348314606741573,0.2974708374200485,0.051270240786336
cvae,4,2,43.0,subject21,0.1652090279022472,71.59016162921348,28.145360934230336,0.38510101010101006,0.0305555555555555,1.1771070041957117,0.2299594431884621
cvae,4,2,43.0,subject36,0.04437300600111111,25.09385305555556,29.806028521666665,0.2121212121212121,0.0,0.3961115053344302,0.0768851440380312
cvae,4,2,44.0,subject01,0.0577323506911111,38.15041055555555,29.059352506166668,0.21792929292929292,0.0166666666666666,0.2946010084966874,0.0522882493354981
cvae,4,2,44.0,subject04,0.03874134706,30.287075777777783,29.801265845555548,0.21767676767676764,0.0083333333333333,0.2161294013900585,0.0405236680879969
cvae,4,2,44.0,subject10,0.038415125524999996,31.318565333333332,31.956741113111107,0.2398989898989899,0.0138888888888888,0.4232492841208537,0.0789804287819336
cvae,4,2,44.0,subject12,0.04667520405444445,32.6021885,39.66843287777778,0.25151515151515147,0.0083333333333333,0.5375643999322355,0.0964814978171553
cvae,4,2,44.0,subject15,0.05165965987344633,37.11832197740113,25.916203659378528,0.18440585631596862,0.1348314606741573,0.2820312421346251,0.0441047658478443
cvae,4,2,44.0,subject21,0.1975201541185393,60.63900089887641,25.672137610280892,0.3772727272727273,0.0111111111111111,1.200327559541893,0.2159733708110647
cvae,4,2,44.0,subject36,0.04283620282166666,25.435277722222217,28.124787660555555,0.20328282828282826,0.0,0.3744369409537773,0.0711309189779441
cvae,8,2,42.0,subject01,0.022311117520000003,36.400953055555554,26.94499484401667,0.17020202020202016,0.0583333333333333,0.1848965371932878,0.0304426475196195
cvae,8,2,42.0,subject04,0.01177715134111111,30.636592166666667,27.966458884620007,0.1674242424242424,0.05,0.1441876683350447,0.0225860757937181
cvae,8,2,42.0,subject10,0.017290436160000002,30.658514833333328,28.985258574777777,0.20353535353535349,0.0138888888888888,0.2626264924414516,0.0451800003876772
cvae,8,2,42.0,subject12,0.021994076612222226,29.86005705555555,43.822287377777776,0.2305555555555555,0.0,0.449222408606007,0.0818924251278252
cvae,8,2,42.0,subject15,0.018880802201694916,33.57702632768361,20.89333399621469,0.21767109295199177,0.1348314606741573,0.2898774103095309,0.0497096179231251
cvae,8,2,42.0,subject21,0.05268515864044944,55.21535786516855,26.78715684908989,0.29267676767676765,0.0111111111111111,0.5370565028401364,0.0994020960466348
cvae,8,2,42.0,subject36,0.010900201218333332,22.11254988888889,27.549147018277775,0.13888888888888887,0.0083333333333333,0.1217927344862945,0.0154242280851162
cvae,8,2,43.0,subject01,0.020967783660555555,41.62244316666666,26.61563171641111,0.13207070707070703,0.0583333333333333,0.1356780782830897,0.0197017478274126
cvae,8,2,43.0,subject04,0.015271491841666669,33.60806327777778,26.209352638333336,0.17828282828282827,0.0416666666666666,0.179867455891542,0.0305086177260537
cvae,8,2,43.0,subject10,0.01793387195,29.640338888888895,26.590499570694448,0.20707070707070707,0.0138888888888888,0.2533212017776574,0.0446217646614175
cvae,8,2,43.0,subject12,0.022537980370000005,29.265103333333332,40.446387093333335,0.20656565656565656,0.0,0.5192060621400407,0.0946463418844332
cvae,8,2,43.0,subject15,0.019008633305649718,35.02633593220339,20.516201483898307,0.18397173987061624,0.1348314606741573,0.2346498690914482,0.0353270140466089
cvae,8,2,43.0,subject21,0.04718931669775281,62.07769151685393,33.13647654601123,0.28484848484848474,0.0111111111111111,0.4661549670147367,0.0865915520491481
cvae,8,2,43.0,subject36,0.014923624111666669,25.718805055555556,26.771773851055556,0.1361111111111111,0.0,0.1042242771758843,0.0102156551783695
cvae,8,2,44.0,subject01,0.020662715376666665,40.98601138888889,29.171857475999996,0.14570707070707067,0.0666666666666666,0.1280208200403714,0.0183352296126787
cvae,8,2,44.0,subject04,0.01435403069444444,29.65518422222222,26.06474900666667,0.1391414141414141,0.0416666666666666,0.1108487891619391,0.0152280044385951
cvae,8,2,44.0,subject10,0.019758962405555556,32.38033027777778,28.982329853333333,0.19469696969696965,0.0138888888888888,0.2002541702411542,0.0325114873935676
cvae,8,2,44.0,subject12,0.020817301563888887,30.586899388888888,42.971808272222226,0.2757575757575757,0.0,0.5998232739339757,0.1126424042116212
cvae,8,2,44.0,subject15,0.02134811938022599,34.66206531073446,22.482626533898305,0.21256384065372827,0.1264981273408239,0.2269726595412131,0.0377365303376653
cvae,8,2,44.0,subject21,0.03716214005561798,57.281635393258426,30.823715016011235,0.3093434343434343,0.0222222222222222,0.598267440348955,0.1077849282837386
cvae,8,2,44.0,subject36,0.011750213218888887,23.500414444444445,25.567093087944443,0.14368686868686867,0.0083333333333333,0.1166469648314687,0.0147084723133805
cvae,2,3,42.0,subject02,1.1736999991666666,50.64348366666667,28.234579579000002,0.33939393939393936,0.025,1.119167612640649,0.2209995558674616
cvae,2,3,42.0,subject11,0.4156759608277778,48.347858888888894,49.49004547194445,0.2712121212121212,0.0222222222222222,1.0615783373945966,0.1917417721817247
cvae,2,3,42.0,subject22,0.17068586066111113,36.958854333333335,33.39462888775555,0.22424242424242422,0.0166666666666666,0.3395714051358451,0.0603466257213878
cvae,2,3,42.0,subject30,0.09442149438722221,26.027623333333338,31.094339733127775,0.33611111111111114,0.0,0.8023208365545509,0.1547391307879148
cvae,2,3,42.0,subject33,0.23091806188505745,37.519216724137934,42.41131616991379,0.3020661157024793,0.0454545454545454,0.5233672243873029,0.0971240672403491
cvae,2,3,42.0,subject37,0.24673432907777773,40.356163833333326,29.194203206855562,0.41666666666666663,0.0333333333333333,1.6079626702279817,0.2962379820557693
cvae,2,3,42.0,subject40,0.3373277517322034,36.36047751412429,38.99742371564972,0.2659090909090909,0.0138888888888888,0.531299739431776,0.0945408416151953
cvae,2,3,43.0,subject02,1.3615046288416666,58.51306250000001,25.0163752905,0.328030303030303,0.0666666666666666,0.800257655006523,0.1489989121411702
cvae,2,3,43.0,subject11,0.2990740903722222,47.695711833333334,48.36879198011111,0.24696969696969695,0.0138888888888888,1.0709092500469617,0.1907066223086292
cvae,2,3,43.0,subject22,0.3244660414722222,36.39209522222222,33.69437052692222,0.18257575757575753,0.0,0.2282736370319211,0.0374892703082649
cvae,2,3,43.0,subject30,0.08802462431000001,26.42761727777778,31.021224840277778,0.281060606060606,0.0083333333333333,0.5223112670788326,0.0956521333565576
cvae,2,3,43.0,subject33,0.28730485555747126,46.479483390804596,42.38053079974712,0.27389807162534435,0.0454545454545454,0.5846584220091717,0.1066150720982312
cvae,2,3,43.0,subject37,0.28423109460555557,43.82009988888889,38.158638309916675,0.3765151515151515,0.0333333333333333,1.425863829289466,0.2594247143164756
cvae,2,3,43.0,subject40,0.3443924616864407,46.67139949152543,77.67253901197175,0.21944444444444444,0.0222222222222222,0.4601993337505972,0.0817591271629558
cvae,2,3,44.0,subject02,1.0802730101666667,56.76268166666666,22.96140895916667,0.3606060606060606,0.0416666666666666,0.901954661575707,0.1738052284865724
cvae,2,3,44.0,subject11,0.3126183511133333,46.936292611111114,46.595613941761115,0.23257575757575755,0.0222222222222222,0.9963233784838366,0.1773268574601064
cvae,2,3,44.0,subject22,0.28497392663,39.06454172222222,36.24902325593334,0.22070707070707068,0.0083333333333333,0.3084872118179609,0.0544660188276282
cvae,2,3,44.0,subject30,0.09448519506555556,28.352652277777782,30.557732589972225,0.34898989898989896,0.0,0.7920553843893998,0.1524044612411035
cvae,2,3,44.0,subject33,0.2862232912097702,43.188235402298844,43.23139642873564,0.325,0.0454545454545454,0.7226969078020278,0.1357152828296076
cvae,2,3,44.0,subject37,0.2822609318888889,44.03616544444444,30.36115706462222,0.39848484848484844,0.025,1.6540152268896686,0.2951334319525976
cvae,2,3,44.0,subject40,0.3608932466926554,47.005509661016944,40.82809836824859,0.2719696969696969,0.0138888888888888,0.5863649714769408,0.1080603749757531
cvae,3,3,42.0,subject02,0.53496754995,41.66276033333333,23.604735425000005,0.2871212121212121,0.0083333333333333,0.8332921100025912,0.1609468610780683
cvae,3,3,42.0,subject11,0.2142413454222222,42.2291106111111,44.68792257777778,0.1921717171717172,0.0083333333333333,0.739346422958628,0.1239789177144001
cvae,3,3,42.0,subject22,0.14852233267222223,32.82003588888889,36.252614916166664,0.20277777777777775,0.0,0.2790048107244463,0.0476304752973892
cvae,3,3,42.0,subject30,0.07682466095333333,26.587330722222227,31.029803080277773,0.26565656565656565,0.0,0.6129296548483842,0.1176326595343292
cvae,3,3,42.0,subject33,0.14361164443678162,37.044098390804585,38.0641435848046,0.25736914600550964,0.0371212121212121,0.4334135453614758,0.0728899852798835
cvae,3,3,42.0,subject37,0.14193967801333332,41.7894645,26.206747871761113,0.38131313131313127,0.0166666666666666,1.476996932655518,0.2664672232114995
cvae,3,3,42.0,subject40,0.20175705527231638,38.10438830508475,39.995934137853105,0.23585858585858582,0.0222222222222222,0.3545156047941149,0.0618729473167527
cvae,3,3,43.0,subject02,1.1688128709499999,41.36202133333333,33.47332265000001,0.3393939393939394,0.225,0.933214215594079,0.1675049600406378
cvae,3,3,43.0,subject11,0.38724841948333333,48.00991488888889,48.52311134111112,0.31717171717171716,0.0138888888888888,1.0282171284878698,0.2045769217279165
cvae,3,3,43.0,subject22,0.11279128302499998,34.91145266666667,41.7846052625,0.1815656565656565,0.0833333333333333,0.2243456587230805,0.0347247553818073
cvae,3,3,43.0,subject30,0.11946673130444445,28.042762000000003,42.64959321158334,0.33636363636363636,0.0083333333333333,0.8483146803357431,0.172151828387334
cvae,3,3,43.0,subject33,0.30282688985057465,46.10720408045977,55.10671866321839,0.33057851239669417,0.0454545454545454,0.7912019688869414,0.1650577999342083
cvae,3,3,43.0,subject37,0.2580278940666666,37.35962361111112,29.66407668311111,0.45202020202020204,0.025,1.9320175429946689,0.37350242534739
cvae,3,3,43.0,subject40,0.35657086941807914,43.07152717514124,46.971947807909594,0.2646464646464646,0.0138888888888888,0.51948230526882,0.1030423850745098
cvae,3,3,44.0,subject02,0.5651163453666668,45.16494666666667,24.62298322583333,0.3393939393939393,0.0583333333333333,1.029388934905921,0.1990338814183581
cvae,3,3,44.0,subject11,0.22427614384444444,44.11863044444444,45.837434600722226,0.24242424242424238,0.0222222222222222,0.9722779182120584,0.171964016219514
cvae,3,3,44.0,subject22,0.09280285604722222,36.394796444444445,35.151123019227775,0.2141414141414141,0.0333333333333333,0.385459023105851,0.0736069029857313
cvae,3,3,44.0,subject30,0.061079743622222224,26.325053833333335,32.190813817372224,0.27525252525252525,0.0,0.6037380030221313,0.1130923255400747
cvae,3,3,44.0,subject33,0.1402869513275862,38.711643390804596,40.242972907356325,0.2829201101928374,0.0371212121212121,0.5133963001403057,0.0864872864002407
cvae,3,3,44.0,subject37,0.1961672823888889,38.76445844444444,28.446012465333332,0.36590909090909085,0.0166666666666666,1.4073330026407884,0.2416795802011732
cvae,3,3,44.0,subject40,0.29804805683050845,42.439868135593215,46.86253103768362,0.27878787878787875,0.0138888888888888,0.5753378151203816,0.109348587992296
cvae,4,3,42.0,subject02,0.48475649852666663,73.9012975,25.337999746683334,0.2901515151515151,0.0083333333333333,0.8700600359351998,0.1612657051565387
cvae,4,3,42.0,subject11,0.11100379539500001,40.08108266666666,42.69798938077778,0.19368686868686866,0.0222222222222222,0.5084102861081545,0.0942776332391991
cvae,4,3,42.0,subject22,0.039104213107222216,34.720829055555555,29.07736079294611,0.15757575757575754,0.0166666666666666,0.3357373147975568,0.0632272515254483
cvae,4,3,42.0,subject30,0.042056220516666666,27.218976500000007,35.7664011935,0.20378787878787874,0.0,0.330094068905796,0.0633759035032135
cvae,4,3,42.0,subject33,0.08801906676149425,37.37738172413793,42.77071268563218,0.21143250688705229,0.0454545454545454,0.2481429520807929,0.0339800347633508
cvae,4,3,42.0,subject37,0.07826609344111111,44.74053927777778,29.203864563411113,0.330050505050505,0.0083333333333333,1.093215991500077,0.1845130943145302
cvae,4,3,42.0,subject40,0.15926493287175142,39.92072389830508,43.56539375457628,0.21565656565656563,0.0222222222222222,0.3273448931132092,0.0622304363361539
cvae,4,3,43.0,subject02,0.34208939946,99.78482516666668,21.772019975333333,0.30151515151515146,0.0166666666666666,0.9561438641336926,0.1760133728446435
cvae,4,3,43.0,subject11,0.13936824661666666,39.38751583333333,52.705544277833326,0.20984848484848478,0.0222222222222222,0.6860945694760878,0.1174366854316628
cvae,4,3,43.0,subject22,0.03939763468777778,38.463761999999996,29.360130791033335,0.153030303030303,0.0083333333333333,0.250937641451165,0.0435158426877062
cvae,4,3,43.0,subject30,0.03130699176333333,25.466979499999997,26.60730275412056,0.20050505050505044,0.0166666666666666,0.2460781129560372,0.0409368076795401
cvae,4,3,43.0,subject33,0.09278448738505747,37.43912747126437,35.08466605235632,0.24338842975206612,0.0204545454545454,0.2850396297749653,0.0442013244674179
cvae,4,3,43.0,subject37,0.06372716477777776,41.84390894444444,22.784462905388896,0.3196969696969697,0.0083333333333333,1.020042839417045,0.1714476718544171
cvae,4,3,43.0,subject40,0.1916299478785311,37.07218559322033,41.39859716587572,0.1767676767676767,0.0138888888888888,0.2601391070467382,0.0425033160661343
cvae,4,3,44.0,subject02,0.4159068342500001,98.37877866666662,21.02517440575,0.30227272727272725,0.0,0.9343067350178496,0.1757849358011275
cvae,4,3,44.0,subject11,0.11628203540555554,39.39093577777778,53.61684566788889,0.1929292929292929,0.0222222222222222,0.6503016515500191,0.1132153663003787
cvae,4,3,44.0,subject22,0.043662126883333326,36.28594483333334,30.088616396872222,0.1689393939393939,0.0333333333333333,0.2727223845165465,0.0477337971141851
cvae,4,3,44.0,subject30,0.03322379127333333,27.12977855555556,26.624074419277775,0.21565656565656563,0.0083333333333333,0.3806566158970246,0.0706938225083904
cvae,4,3,44.0,subject33,0.07889568437643678,35.72715678160919,36.61703730489655,0.2050275482093663,0.0454545454545454,0.2152184568043944,0.0288975513043021
cvae,4,3,44.0,subject37,0.07633264986333334,41.44085783333333,26.283099116833338,0.33712121212121215,0.0166666666666666,1.2036329377492114,0.200248428012971
cvae,4,3,44.0,subject40,0.14774588388870055,37.327286949152544,39.955056867039545,0.21994949494949487,0.0055555555555555,0.3387885371984143,0.0611010840088606
cvae,8,3,42.0,subject02,0.1396574515133334,93.506135,20.298922669666666,0.32121212121212117,0.1166666666666666,0.8497456545203801,0.1532645879851647
cvae,8,3,42.0,subject11,0.05568006978944445,42.97733872222222,48.83581412349999,0.23358585858585856,0.0138888888888888,0.6751220383597882,0.1175623770769203
cvae,8,3,42.0,subject22,0.02050303479388889,38.79516677777779,28.197664835722225,0.2143939393939394,0.05,0.2852560566143989,0.0532849743286176
cvae,8,3,42.0,subject30,0.012686448335333332,24.0783815,26.167859287833327,0.1775252525252525,0.025,0.2037231227810938,0.0304381264280013
cvae,8,3,42.0,subject33,0.03802098238735632,34.12107689655172,29.448299881149424,0.14531680440771347,0.0454545454545454,0.1350071566756479,0.0151453125893683
cvae,8,3,42.0,subject37,0.02575809218777778,33.244619500000006,24.262052042833336,0.2315656565656565,0.025,0.4652961276734384,0.0762358628250389
cvae,8,3,42.0,subject40,0.0429827789480226,41.22240745762712,39.601961822372886,0.20176767676767673,0.0194444444444444,0.2954229638005667,0.0438636942516892
cvae,8,3,43.0,subject02,0.07221710999166665,69.61820450000002,22.233882701,0.30530303030303024,0.05,0.9971356188289976,0.1847420866685882
cvae,8,3,43.0,subject11,0.053096636103888886,38.50460694444445,51.91473250918333,0.20883838383838382,0.0194444444444444,0.6667905906634282,0.1160105274555761
cvae,8,3,43.0,subject22,0.010046117521111111,38.07715722222222,27.339219510722224,0.2108585858585858,0.0916666666666666,0.3762909429440397,0.0742241771739458
cvae,8,3,43.0,subject30,0.009859740057222222,26.394090111111108,26.125483700722224,0.1444444444444444,0.025,0.1333213978536003,0.0161878171315127
cvae,8,3,43.0,subject33,0.029149839922413795,35.351730057471265,32.75035673477012,0.19717630853994486,0.0287878787878787,0.2437560551949245,0.0370723206275773
cvae,8,3,43.0,subject37,0.01599855875888889,36.8171135,22.49859569221111,0.2404040404040404,0.0166666666666666,0.5219245353348381,0.0844478158949567
cvae,8,3,43.0,subject40,0.0416222030962147,35.28077485875706,103.20632557940678,0.1916666666666666,0.0111111111111111,0.2196257197876758,0.0315844546128065
cvae,8,3,44.0,subject02,0.07363062479333334,143.69684483333333,24.522974911283338,0.31136363636363634,0.0083333333333333,1.0184601437919207,0.1874694205100726
cvae,8,3,44.0,subject11,0.051978051665000004,41.24950611111112,44.48174704722222,0.19848484848484846,0.0138888888888888,0.5904375447706447,0.0948503833551772
cvae,8,3,44.0,subject22,0.02137515886611111,36.28481044444445,28.696718654835557,0.18358585858585855,0.0333333333333333,0.2727487725023425,0.0521722670538848
cvae,8,3,44.0,subject30,0.015277204300000001,25.764810055555554,29.428599409111104,0.16010101010101008,0.0,0.2084667169873828,0.0319955721542573
cvae,8,3,44.0,subject33,0.03748256674195402,36.12997201149426,37.317913840229885,0.14634986225895316,0.0204545454545454,0.1372922021555531,0.0161927222835009
cvae,8,3,44.0,subject37,0.02878388748,32.62498672222222,25.56863393053333,0.2078282828282828,0.0083333333333333,0.2946989023344484,0.0446596378947903
cvae,8,3,44.0,subject40,0.04262169046248587,45.640944293785296,39.892192056779656,0.19267676767676764,0.0138888888888888,0.3125120496118159,0.0457737089181404
spline_pca,2,0,,subject05,0.12175894224552092,30.355551569841687,74.861768813971,0.31969696969696965,0.0111111111111111,0.9294437086320392,0.217441044291806
spline_pca,2,0,,subject13,0.12235705893459656,36.80228681225293,51.44150511179204,0.2386363636363636,0.0111111111111111,0.5397925944728823,0.128288325459877
spline_pca,2,0,,subject19,0.12416693028373547,46.48803196153534,61.606010187848085,0.2212121212121212,0.0,0.5928435152655389,0.1120791614952795
spline_pca,2,0,,subject24,0.13702576588701457,34.36040384242252,60.77940591699504,0.23611111111111108,0.0472222222222222,0.3009318725328871,0.0513291411487668
spline_pca,2,0,,subject27,0.17909755588070767,37.20964098672502,97.08953640511714,0.426010101010101,0.0111111111111111,1.6544935683027329,0.3602072737155994
spline_pca,2,0,,subject34,0.1093531009198375,44.129644509554446,45.31043350083953,0.38560606060606056,0.0444444444444444,1.039030393756878,0.2369784203687235
spline_pca,2,0,,subject35,0.14620511461757085,101.36568146341557,75.72648249310888,0.2733791402396053,0.0116279069767441,0.5669088154425013,0.1020996515089849
spline_pca,3,0,,subject05,0.05650564226153579,30.786982045701404,71.21740758454685,0.3138888888888889,0.0055555555555555,0.8630668029173432,0.2123434947082609
spline_pca,3,0,,subject13,0.044780476871210145,36.54591079353829,56.83268094710941,0.21767676767676764,0.0722222222222222,0.4325527808606653,0.1038775976439017
spline_pca,3,0,,subject19,0.046471977382746416,46.066744356852894,69.05094366880827,0.23989898989898986,0.025,0.5483185388309133,0.1024591659651827
spline_pca,3,0,,subject24,0.04322587527605319,34.37210945714689,58.30683328122297,0.1954545454545454,0.0138888888888888,0.1904918140137228,0.0299887777230097
spline_pca,3,0,,subject27,0.057625735270809976,36.78572787621752,91.8334596995079,0.38005050505050497,0.0111111111111111,1.3006688903498795,0.2962597576880852
spline_pca,3,0,,subject34,0.0637802179998377,44.038452109299826,45.36829074777051,0.351010101010101,0.0055555555555555,0.8498842976536811,0.1926302093733126
spline_pca,3,0,,subject35,0.056566022237499215,101.90527541786749,79.20931133392436,0.2791930937279774,0.0717054263565891,0.5905657441643033,0.1073682394507932
spline_pca,4,0,,subject05,0.04636278169640619,30.77797478723502,71.2890413552305,0.3088383838383838,0.0138888888888888,0.8097395416105373,0.2000260410781015
spline_pca,4,0,,subject13,0.026095928437144165,36.527460424113414,60.72565424747079,0.19797979797979792,0.0555555555555555,0.364777234130103,0.089651831947121
spline_pca,4,0,,subject19,0.03439049471001043,46.10029833986446,66.68027142207592,0.2510101010101009,0.0583333333333333,0.4940905305112721,0.1071956764463216
spline_pca,4,0,,subject24,0.030430986459493853,34.36487948589964,58.501557349732664,0.1767676767676767,0.0194444444444444,0.2067803710549207,0.0319858937170983
spline_pca,4,0,,subject27,0.04687410654111257,36.798772927672964,90.27403471831087,0.36414141414141415,0.0222222222222222,1.238756986218224,0.2813330109304891
spline_pca,4,0,,subject34,0.04951462469489901,44.074294382557724,41.30157967782694,0.3196969696969697,0.0138888888888888,0.8708634617344084,0.1972638030173296
spline_pca,4,0,,subject35,0.03397372617161763,101.95568684729491,82.60176163004847,0.3151162790697674,0.1050387596899224,0.7249526998832079,0.1336035144657329
spline_pca,8,0,,subject05,0.009179649853302618,23.953676347790562,40.486460944382436,0.27449494949494946,0.0805555555555555,0.9737167541712132,0.1722123386386413
spline_pca,8,0,,subject13,0.00393084796248092,35.96428543428473,43.870225525192524,0.2308080808080808,0.0888888888888888,0.8180989417095619,0.1262501369318213
spline_pca,8,0,,subject19,0.010495046198128556,41.13184371749626,58.87364288266812,0.3118686868686868,0.1583333333333333,0.9413779535559552,0.1508906156317514
spline_pca,8,0,,subject24,0.007560986860901325,35.663163991031,45.65362063620332,0.22702020202020198,0.0944444444444444,0.483586465074989,0.0643006945959897
spline_pca,8,0,,subject27,0.014389723465844724,33.18024207418748,83.23001799944674,0.2707070707070707,0.2222222222222222,0.8371491053103783,0.1852179441503048
spline_pca,8,0,,subject34,0.014181355364646953,42.17517889930308,41.823359250706964,0.23560606060606057,0.1055555555555555,0.5529623828410681,0.1189567781994361
spline_pca,8,0,,subject35,0.010537325630497333,101.7549561062768,73.12212174264194,0.30315362931642,0.1883720930232558,0.8746693836370962,0.1335415586736406
spline_pca,2,1,,subject08,0.5637638473470082,171.81449751070465,61.62853455013738,0.5820707070707071,0.0555555555555555,5.129777060015182,0.7896006773909224
spline_pca,2,1,,subject18,0.20204483084926164,49.01334731658931,41.39158571994656,0.4416666666666666,0.0111111111111111,1.5188650325081583,0.2946091809242196
spline_pca,2,1,,subject23,0.13259464292785023,39.846058671514456,54.768910666603674,0.29696969696969694,0.2055555555555555,0.5803797271251105,0.1194489558910925
spline_pca,2,1,,subject25,0.27651498479388914,73.27218618698859,69.55657216973746,0.4363636363636363,0.3611111111111111,1.3340882851743583,0.2542681989668482
spline_pca,2,1,,subject26,0.2717873225847779,43.97002076655674,49.821225132004116,0.423989898989899,0.0611111111111111,1.689162283316353,0.2830820633757404
spline_pca,2,1,,subject41,0.4323247512294676,74.17648086784442,86.18507531020063,0.4372960372960373,0.1038461538461538,2.122111046973008,0.2781517038531652
spline_pca,2,1,,subject43,0.13012189152182352,36.46798721864388,41.76221191847788,0.351010101010101,0.0111111111111111,0.5975906664641579,0.1249364643155515
spline_pca,3,1,,subject08,0.3396035111785431,172.42319139852492,60.67129975209807,0.5555555555555555,0.0138888888888888,4.659246991509759,0.689194396596945
spline_pca,3,1,,subject18,0.09246008523308857,49.27612723110438,40.21152984460001,0.3959595959595959,0.0055555555555555,1.2965744581602698,0.2512403977152569
spline_pca,3,1,,subject23,0.08035893974496676,39.775839368476795,54.77748179583099,0.2866161616161616,0.2055555555555555,0.5409351508233335,0.1154859540293731
spline_pca,3,1,,subject25,0.1657632804062905,73.48124583794748,69.75008054333473,0.36287878787878786,0.3111111111111111,1.050859164952818,0.1958268932146936
spline_pca,3,1,,subject26,0.1270294931382386,43.944923996345004,49.996469578191736,0.38282828282828274,0.0527777777777777,1.532559046565634,0.2387521778422136
spline_pca,3,1,,subject41,0.22471694747994617,74.1698768646927,85.8910596191828,0.39329836829836834,0.1205128205128205,1.7073258814630332,0.1978517498741854
spline_pca,3,1,,subject43,0.06059919650180163,36.384722672382686,41.29628979813096,0.30681818181818177,0.0111111111111111,0.5276439457200941,0.1165250520470015
spline_pca,4,1,,subject08,0.3267081783779344,171.69170609582557,60.36295508304173,0.5199494949494948,0.0722222222222222,4.586898076091334,0.6860316673426077
spline_pca,4,1,,subject18,0.070823796433426,49.01897281723258,43.42103593704809,0.3732323232323232,0.0305555555555555,1.2059441120201595,0.2359197436105352
spline_pca,4,1,,subject23,0.04484305960754889,40.09863741935127,59.54818130807509,0.23181818181818176,0.1805555555555555,0.3887265391606465,0.0829291309932964
spline_pca,4,1,,subject25,0.1380650949083778,72.96798247780634,71.30138771809833,0.3590909090909091,0.3361111111111111,1.0531909939447166,0.1959008704405191
spline_pca,4,1,,subject26,0.10429412309030396,46.176522919876795,50.162683729159696,0.34671717171717176,0.0194444444444444,1.33816065807736,0.2128624723979514
spline_pca,4,1,,subject41,0.19895386441192925,75.00051578734183,87.2156435670012,0.3367132867132867,0.0455128205128205,1.657966962316284,0.1741458356074448
spline_pca,4,1,,subject43,0.040002524482440294,35.71285600905361,39.65120077578645,0.25151515151515147,0.0111111111111111,0.3498651418875207,0.0754946087754225
spline_pca,8,1,,subject08,0.1424631353430462,170.54857862960841,73.76162454899541,0.4459595959595959,0.1388888888888889,2.702910502061363,0.3982248658403581
spline_pca,8,1,,subject18,0.01631601137717031,52.49433611414717,63.4140601593863,0.2505050505050505,0.0972222222222222,0.6055816821500457,0.104068637463354
spline_pca,8,1,,subject23,0.01303822388614301,40.39747311355198,55.39433760865106,0.22828282828282823,0.1222222222222222,0.717525998681225,0.0672090461502592
spline_pca,8,1,,subject25,0.03987635450252763,75.80465184269926,62.03453805842022,0.22954545454545452,0.2361111111111111,0.4148019158517622,0.0615083101576403
spline_pca,8,1,,subject26,0.03605332005914181,46.47127250622914,58.936241779390734,0.3083333333333333,0.0555555555555555,1.1899523535341905,0.1439004766678451
spline_pca,8,1,,subject41,0.07649259594489285,68.43917326537031,87.241693856022,0.31952214452214445,0.0455128205128205,1.1815837454907945,0.0816185481293958
spline_pca,8,1,,subject43,0.00706955855530382,35.26136724639987,42.803655577887746,0.23282828282828272,0.0472222222222222,0.6075734441469454,0.0907177725236978
spline_pca,2,2,,subject01,0.08064547040038908,40.88913365366809,45.07365632329476,0.31717171717171716,0.0083333333333333,0.6602491038672125,0.1307377797054332
spline_pca,2,2,,subject04,0.1436107901896085,30.52026119995287,45.69349056474307,0.29797979797979796,0.0083333333333333,0.5742161500866323,0.1312785680300175
spline_pca,2,2,,subject10,0.09420362525610573,51.594933455954916,50.90052628166381,0.3179292929292929,0.0055555555555555,0.7362309984165836,0.1744990275513525
spline_pca,2,2,,subject12,0.11425902606690086,49.754972256663365,45.06971132409194,0.35555555555555557,0.025,0.8413141514581968,0.1814552883558357
spline_pca,2,2,,subject15,0.09070353864177699,52.659294216663525,42.795641595013834,0.3346356826693905,0.1264981273408239,0.5287786317395793,0.1152284011558411
spline_pca,2,2,,subject21,0.3937609186443665,67.5273021103217,67.70918383036532,0.4997474747474747,0.0194444444444444,2.1934318414724414,0.4416263103159522
spline_pca,2,2,,subject36,0.09992860654863168,30.88059257170312,53.87939966205036,0.29166666666666663,0.0083333333333333,0.6810826223671538,0.1408679056401967
spline_pca,3,2,,subject01,0.04275837776081258,40.85312789181087,45.4489555291511,0.3303030303030303,0.0,0.7517088523903745,0.1537801931193986
spline_pca,3,2,,subject04,0.05315331484179196,31.241383425688767,46.963620414153255,0.27853535353535347,0.05,0.4760410023792074,0.1114584133942567
spline_pca,3,2,,subject10,0.05114264922753814,51.16973532702629,50.72794887966939,0.303030303030303,0.0138888888888888,0.5888774277594075,0.1359497371033895
spline_pca,3,2,,subject12,0.06009513281123324,49.53615209495379,44.81128358265083,0.32474747474747473,0.0333333333333333,0.7574790743881055,0.1552746983845626
spline_pca,3,2,,subject15,0.05252478945853962,53.321858579881116,41.93761277902938,0.28419305413687435,0.1348314606741573,0.5153607986719297,0.1125490148152646
spline_pca,3,2,,subject21,0.19455081641766112,69.684811474369,63.32034742998645,0.4767676767676767,0.0111111111111111,1.6931110762113213,0.3459430227309025
spline_pca,3,2,,subject36,0.04678782116976037,30.597637564094782,54.688612153522634,0.2722222222222222,0.05,0.6517195788099985,0.1365969401554552
spline_pca,4,2,,subject01,0.02815373243460666,40.80705259506567,44.8488755041998,0.2934343434343434,0.0666666666666666,0.5552517540706154,0.1070834760114051
spline_pca,4,2,,subject04,0.029558023136277277,31.165266462209384,45.796119991033564,0.25555555555555554,0.0166666666666666,0.4102861401222633,0.09071576138898
spline_pca,4,2,,subject10,0.03519638755975864,51.14133105828586,50.6308461050111,0.2914141414141414,0.0361111111111111,0.5378389234302992,0.1344624381437489
spline_pca,4,2,,subject12,0.03969222615089507,49.17493287365111,44.673253299783035,0.3194444444444444,0.0666666666666666,0.7157555682217418,0.1527121697050125
spline_pca,4,2,,subject15,0.03946576416970194,53.26441148432892,42.11746572600984,0.2835120871637726,0.0848314606741573,0.4399172773397688,0.1014686113398022
spline_pca,4,2,,subject21,0.15218462416161826,69.71556280298286,63.75920427949343,0.45378787878787885,0.0805555555555555,1.6238376426866452,0.3293622016858305
spline_pca,4,2,,subject36,0.03832867630867677,30.721083252519964,53.98484117494157,0.26515151515151514,0.0583333333333333,0.6213010014904747,0.1328159015426994
spline_pca,8,2,,subject01,0.010050706614681782,42.38846075925638,49.59743670623811,0.1891414141414141,0.125,0.2904581565203865,0.0558346706592487
spline_pca,8,2,,subject04,0.005824880889013975,31.072416606567607,58.97320458886813,0.16313131313131313,0.0583333333333333,0.3121427331531441,0.0474224077520371
spline_pca,8,2,,subject10,0.007807592873288741,47.889503459527845,58.453688950927955,0.23611111111111108,0.0861111111111111,0.5558439486491675,0.1096715751966201
spline_pca,8,2,,subject12,0.009611050065117331,46.02485140475758,50.269794820930635,0.2871212121212121,0.1,0.6625374083448676,0.1419959532661525
spline_pca,8,2,,subject15,0.014809871013113499,49.31233227647262,44.78259976537318,0.19460333673816815,0.0764981273408239,0.2953894986307261,0.0655783950803626
spline_pca,8,2,,subject21,0.06194442417012305,75.27340535950736,71.86990622584639,0.2972222222222222,0.2388888888888889,0.7743620064652799,0.1430560936446701
spline_pca,8,2,,subject36,0.004546484666978972,28.091529974845827,59.670764756778865,0.21287878787878786,0.125,0.3284356950039768,0.0719874719951959
spline_pca,2,3,,subject02,0.37711566155585813,54.58981143692379,45.46270172758967,0.4454545454545454,0.0416666666666666,1.0614669940499295,0.1961571197298436
spline_pca,2,3,,subject11,0.2890269600315921,44.28017385714344,53.13014518788545,0.3002525252525252,0.0222222222222222,0.922163906563271,0.173430555307382
spline_pca,2,3,,subject22,0.07936261172928916,36.99054984800287,48.856249081042854,0.25050505050505045,0.05,0.433278549126789,0.074924595573147
spline_pca,2,3,,subject30,0.12002347174649627,28.9591895837511,53.835682232458126,0.3611111111111111,0.0166666666666666,1.1759499778183624,0.2260574368483053
spline_pca,2,3,,subject33,0.17311458302801894,39.84829024071893,62.27506250290051,0.36315426997245176,0.0204545454545454,0.792805115871253,0.1486959406051013
spline_pca,2,3,,subject37,0.2184924067119592,39.54827602608726,49.808161812115316,0.4588383838383839,0.025,2.237640140504866,0.4138676675867228
spline_pca,2,3,,subject40,0.2932231462405423,37.7301885515624,47.368928172224095,0.2823232323232323,0.0222222222222222,0.5130807500945385,0.0960872199827805
spline_pca,3,3,,subject02,0.26485287039302985,54.81632601824853,44.358986975121184,0.3734848484848484,0.1083333333333333,0.7455504789584313,0.1347328695148771
spline_pca,3,3,,subject11,0.12210138373511348,45.28493809074736,50.376799903498004,0.3012626262626262,0.0611111111111111,0.7961798801990829,0.1509992952468973
spline_pca,3,3,,subject22,0.027183077123708533,37.19115425756863,46.535526350505535,0.18434343434343434,0.05,0.2630774708964272,0.0442163655652656
spline_pca,3,3,,subject30,0.04844760881536215,29.186412984912987,51.47081031375479,0.32499999999999996,0.0166666666666666,0.9479812477132872,0.1851300059445758
spline_pca,3,3,,subject33,0.087111650015037,40.54510955433147,60.53099110025053,0.3203168044077135,0.0204545454545454,0.6223993097572245,0.1134243298086655
spline_pca,3,3,,subject37,0.09479388719939735,40.49598165082079,47.754746679433715,0.4292929292929292,0.0083333333333333,2.1018648856295643,0.3850363482031709
spline_pca,3,3,,subject40,0.11815655379435981,38.58576605301721,49.00096649392153,0.23888888888888885,0.0138888888888888,0.3660733784213255,0.0661734422076847
spline_pca,4,3,,subject02,0.19968045168685242,54.17735507403427,43.171949577274056,0.328030303030303,0.1166666666666666,0.7195697533821441,0.1307361114080332
spline_pca,4,3,,subject11,0.08377624595662328,45.78445046141016,50.60215164523392,0.2287878787878787,0.0361111111111111,0.5447776407960445,0.0985706586182919
spline_pca,4,3,,subject22,0.021164867454391216,37.471853918034306,47.33910377867615,0.18712121212121205,0.1083333333333333,0.2570524219486367,0.0462291430099521
spline_pca,4,3,,subject30,0.03404870491604986,29.317910356090163,50.19686638892819,0.27348484848484844,0.0416666666666666,0.7196246186257178,0.136772318754838
spline_pca,4,3,,subject33,0.06386577898174571,39.662989310197744,60.53074517514443,0.3002066115702479,0.0462121212121212,0.547971487916175,0.1028555913534536
spline_pca,4,3,,subject37,0.08230946212870198,41.61540060367604,46.645469662404835,0.4128787878787879,0.0416666666666666,1.9303033596294097,0.3486091034934403
spline_pca,4,3,,subject40,0.10248476353499542,38.7326546423873,47.3483748830832,0.20176767676767673,0.0444444444444444,0.2694892958084449,0.0478254718162011
spline_pca,8,3,,subject02,0.02537552116286836,53.59980437746425,32.03167731356152,0.38636363636363635,0.225,1.7135540405228098,0.2724895558462272
spline_pca,8,3,,subject11,0.024702194115594957,45.05149812953653,61.18461964914338,0.19318181818181815,0.0527777777777777,0.3331355184953786,0.04784677044701
spline_pca,8,3,,subject22,0.00454636397198533,36.92124366323979,37.434382269200746,0.2308080808080808,0.2833333333333333,0.4222826117893685,0.0850932936236718
spline_pca,8,3,,subject30,0.006599989091987902,29.43149379048341,46.724222060370344,0.21691919191919187,0.075,0.4992895625245124,0.0888949413824599
spline_pca,8,3,,subject33,0.016994476258355623,38.48035347906074,60.21193112868588,0.23539944903581264,0.0545454545454545,0.4694221820143163,0.046843794152271
spline_pca,8,3,,subject37,0.013204729797348484,41.43800878315702,39.65228912905792,0.24772727272727266,0.1,0.6803365479205219,0.1049929833557338
spline_pca,8,3,,subject40,0.0300252154759636,37.59698552943296,54.837818274202576,0.17499999999999996,0.0777777777777777,0.3333255617432122,0.0478121162658522
unconditional_vae,3,0,42.0,subject05,0.037778943761111114,16.237988388888887,23.36056933985,0.27954545454545454,0.0027777777777777,0.5908719459258682,0.1214435085354762
unconditional_vae,3,0,42.0,subject13,0.04187535365444444,25.761314222222225,38.41142389627778,0.17601010101010098,0.0111111111111111,0.1679790567203771,0.024549880842308
unconditional_vae,3,0,42.0,subject19,0.03373860854438203,24.82506039325843,36.24046748341572,0.19570707070707066,0.0,0.2568865982362891,0.0490006256923953
unconditional_vae,3,0,42.0,subject24,0.08943523181292135,34.298610393258436,25.7904561952809,0.18888888888888886,0.0472222222222222,0.1667954950659775,0.020550617184214
unconditional_vae,3,0,42.0,subject27,0.06779643175310734,41.28755384180791,50.21771256461582,0.276010101010101,0.0111111111111111,0.7438898328001775,0.1511080817922236
unconditional_vae,3,0,42.0,subject34,0.06965614682222222,30.000744833333332,31.09012528680028,0.2823232323232323,0.0444444444444444,0.6570853868110214,0.1263978028492287
unconditional_vae,3,0,42.0,subject35,0.100031468874269,87.67672426900585,63.012209564888316,0.2317300916138125,0.0050387596899224,0.4517990047740814,0.0788733834255173
unconditional_vae,3,0,43.0,subject05,0.03907457129444444,14.881065166666668,22.408643954277778,0.30202020202020197,0.0055555555555555,0.6985727959052133,0.1371473641100462
unconditional_vae,3,0,43.0,subject13,0.043284777525,25.941868,37.0977458835,0.16212121212121208,0.0027777777777777,0.1507484730334947,0.0197589561833053
unconditional_vae,3,0,43.0,subject19,0.043158777954494375,25.256987640449434,35.348937001460676,0.20959595959595959,0.0083333333333333,0.2412727492864288,0.0442201076215358
unconditional_vae,3,0,43.0,subject24,0.0820550571016854,33.16786320224719,27.424676081955056,0.1767676767676767,0.0388888888888888,0.1461029253973782,0.0172625063748653
unconditional_vae,3,0,43.0,subject27,0.16478741396836158,44.47500474576272,48.20791063045198,0.28611111111111104,0.0111111111111111,0.850449950135117,0.1712729334485934
unconditional_vae,3,0,43.0,subject34,0.06378487232499999,30.503856444444445,30.05404863055556,0.28080808080808073,0.0444444444444444,0.6729610245946009,0.1240760853149938
unconditional_vae,3,0,43.0,subject35,0.10920066869590644,89.64560947368422,64.15101492091813,0.2275193798449612,0.0050387596899224,0.3818731204267349,0.0653951796402776
unconditional_vae,3,0,44.0,subject05,0.03634860655333333,17.202928611111112,22.57956792222222,0.3068181818181818,0.0083333333333333,0.6373713453104393,0.1232935984940478
unconditional_vae,3,0,44.0,subject13,0.04243899105666667,26.446507333333336,34.777917921,0.18510101010101004,0.0111111111111111,0.2301476329138712,0.0348801594184688
unconditional_vae,3,0,44.0,subject19,0.03543766669550562,23.54707061797753,33.76185106625842,0.1924242424242424,0.0,0.2354335693848832,0.0479243119066091
unconditional_vae,3,0,44.0,subject24,0.08345130597078651,32.62385707865168,26.290930737415728,0.20126262626262623,0.0555555555555555,0.1829518000471006,0.0282083436616377
unconditional_vae,3,0,44.0,subject27,0.06759818911468926,40.84164355932204,51.50550375485876,0.284090909090909,0.0111111111111111,0.8329719041939967,0.1700052792080018
unconditional_vae,3,0,44.0,subject34,0.07669388504722222,30.82806888888889,28.685550100457775,0.31590909090909086,0.0444444444444444,0.7154912368983988,0.1371425946489177
unconditional_vae,3,0,44.0,subject35,0.10141682092982457,82.79990280701755,67.84649964692397,0.2048978153629316,0.0116279069767441,0.3800689084734943,0.0625188996756852
unconditional_vae,8,0,42.0,subject05,0.010306944666111111,15.841624888888886,30.98567624611111,0.21035353535353532,0.0055555555555555,0.3239734368964719,0.0691335317034703
unconditional_vae,8,0,42.0,subject13,0.012103923028888887,22.50693022222222,36.063567331499996,0.20782828282828278,0.0027777777777777,0.2288621713671386,0.037004905101698
unconditional_vae,8,0,42.0,subject19,0.011117192370224719,20.990187584269663,37.19115493047191,0.23358585858585854,0.0,0.2668987758946879,0.0497323150926859
unconditional_vae,8,0,42.0,subject24,0.020046733896629216,29.365536011235953,23.739732848460672,0.14065656565656562,0.0222222222222222,0.1202629200046216,0.014376961000088
unconditional_vae,8,0,42.0,subject27,0.01732647029943503,44.97936355932203,48.360814581864396,0.24393939393939387,0.0111111111111111,0.4726487408032223,0.0887695774313639
unconditional_vae,8,0,42.0,subject34,0.034666253036111115,30.33399738888889,32.13595720405556,0.23434343434343433,0.0444444444444444,0.379737824561559,0.0679606197143746
unconditional_vae,8,0,42.0,subject35,0.02284338821754386,73.78259608187133,69.51133040969006,0.19466173361522196,0.1050387596899224,0.448444074343842,0.0738684999892201
unconditional_vae,8,0,43.0,subject05,0.011673767978888888,15.97124672222222,21.273807442777773,0.22121212121212117,0.0055555555555555,0.2806651788141336,0.0498112590514263
unconditional_vae,8,0,43.0,subject13,0.010224290391111111,24.517679944444446,31.89953630383334,0.19924242424242422,0.0027777777777777,0.2781521850427468,0.0451084464637099
unconditional_vae,8,0,43.0,subject19,0.010237334066853935,22.200460393258428,31.885554415730343,0.18762626262626264,0.0,0.2333957924864824,0.039916637885859
unconditional_vae,8,0,43.0,subject24,0.018558792948876406,29.707395112359553,24.46627817446629,0.16868686868686866,0.0222222222222222,0.1313684331032858,0.0117462187161935
unconditional_vae,8,0,43.0,subject27,0.021690472225423727,45.237049209039554,45.03203281039548,0.2295454545454545,0.0138888888888888,0.4931489745315329,0.0960578985259861
unconditional_vae,8,0,43.0,subject34,0.03660001582833333,30.741080500000002,30.0520459478,0.20984848484848484,0.0444444444444444,0.3199021298235069,0.0595631629437213
unconditional_vae,8,0,43.0,subject35,0.022387868618128658,74.88557485380116,67.51282953634502,0.21839323467230443,0.0800387596899224,0.4009240445457123,0.0698234020785762
unconditional_vae,8,0,44.0,subject05,0.011801237486666668,15.989707111111109,18.3536032465,0.21338383838383834,0.0111111111111111,0.2155049530742969,0.0371289721699283
unconditional_vae,8,0,44.0,subject13,0.011428708649999997,25.640300722222225,30.649831694166668,0.17499999999999996,0.0138888888888888,0.2022923815764477,0.0339567925905766
unconditional_vae,8,0,44.0,subject19,0.012478604682584271,22.89599073033708,32.4074635755618,0.1381313131313131,0.0,0.0884199045104709,0.0081607163981649
unconditional_vae,8,0,44.0,subject24,0.01525292657247191,31.361678595505612,25.77291435627528,0.14772727272727268,0.0222222222222222,0.1316022866190032,0.0116505338659641
unconditional_vae,8,0,44.0,subject27,0.015827175746327683,48.82656779661018,47.48366980564972,0.26010101010101006,0.0111111111111111,0.5298906386694417,0.1027425775034361
unconditional_vae,8,0,44.0,subject34,0.03582215252444444,31.00921716666667,28.982318986055553,0.23838383838383834,0.0444444444444444,0.3252824717353593,0.0569444400154408
unconditional_vae,8,0,44.0,subject35,0.020518008613450295,77.9154781871345,67.48171118216374,0.22137068357998588,0.0967054263565891,0.4965881479937999,0.0836828687973658
unconditional_vae,3,1,42.0,subject08,0.6125145223100559,123.51228011173185,53.133218736491614,0.480050505050505,0.0055555555555555,2.834031404257007,0.511688029171865
unconditional_vae,3,1,42.0,subject18,0.12023583206123595,50.194195,28.852870060056176,0.3343434343434343,0.0027777777777777,1.114136399018644,0.2012563396101123
unconditional_vae,3,1,42.0,subject23,0.06814057442777778,39.104034500000004,30.68241900255556,0.24898989898989896,0.2222222222222222,0.3485306656564746,0.0547005027943122
unconditional_vae,3,1,42.0,subject25,0.319087772764045,67.98369421348315,44.508825600307304,0.373989898989899,0.3527777777777778,0.8654497217122157,0.1653791284259292
unconditional_vae,3,1,42.0,subject26,0.17557549624301674,42.46775150837989,37.748456473175985,0.40328282828282824,0.0777777777777777,1.7041129406687827,0.2661318444046754
unconditional_vae,3,1,42.0,subject41,0.30906786317857143,53.936287857142865,52.257225981785716,0.3662004662004662,0.1455128205128205,1.5709384981876648,0.15817884372584
unconditional_vae,3,1,42.0,subject43,0.06802438135166668,25.23225988888889,28.649284572222225,0.21136363636363634,0.0111111111111111,0.2328172849679814,0.0353169492394835
unconditional_vae,3,1,43.0,subject08,0.6190589471061452,133.01223145251396,63.231314923351945,0.48207070707070704,0.0722222222222222,2.93880917694166,0.518719214093996
unconditional_vae,3,1,43.0,subject18,0.12074144636516852,50.34657640449438,37.32405723223033,0.35808080808080806,0.0027777777777777,1.1195221630844432,0.1952821703797843
unconditional_vae,3,1,43.0,subject23,0.07156237267388889,39.543285000000004,31.866955285000007,0.2535353535353535,0.2222222222222222,0.3795192929528324,0.057528756573035
unconditional_vae,3,1,43.0,subject25,0.4128436851011237,67.32237550561797,42.01739872764045,0.3547979797979797,0.3861111111111111,1.044551783627187,0.18157946906256
unconditional_vae,3,1,43.0,subject26,0.1862147722905028,45.576187206703906,37.88524494256983,0.3972222222222222,0.0611111111111111,1.5572016008615854,0.2360446531454396
unconditional_vae,3,1,43.0,subject41,0.33749024964285707,54.63567428571429,53.55924547285716,0.3616550116550116,0.1371794871794872,1.3897522664423554,0.1239776342132443
unconditional_vae,3,1,43.0,subject43,0.077226999185,25.886815055555555,26.27425653555555,0.202020202020202,0.0111111111111111,0.2415930726755442,0.0393225675123102
unconditional_vae,3,1,44.0,subject08,0.39978848738547484,110.74377547486031,64.30359104818436,0.47247474747474755,0.0305555555555555,2.496076245833003,0.45998185551934
unconditional_vae,3,1,44.0,subject18,0.12213060599438202,45.97330348314607,46.7621929927809,0.37702020202020203,0.0027777777777777,1.3797587879634166,0.2502322585583322
unconditional_vae,3,1,44.0,subject23,0.07235447048388886,40.99993855555556,35.470536289444446,0.25555555555555554,0.2222222222222222,0.3462124102955677,0.0527061211923411
unconditional_vae,3,1,44.0,subject25,0.2781674592921348,70.2871776966292,40.26850320466292,0.34570707070707063,0.3111111111111111,0.7584590842351595,0.1330684233270561
unconditional_vae,3,1,44.0,subject26,0.17004558024022345,45.38071687150838,34.79398144826816,0.4065656565656565,0.0611111111111111,1.6130263004419172,0.2412060569900341
unconditional_vae,3,1,44.0,subject41,0.32912129639285714,67.70014428571429,51.387613394999995,0.36888111888111885,0.0871794871794871,1.4834006840758138,0.134729797782717
unconditional_vae,3,1,44.0,subject43,0.07358775183277778,26.40603605555555,27.148411083333325,0.25782828282828274,0.0111111111111111,0.4219274794034424,0.0788708731144166
unconditional_vae,8,1,42.0,subject08,0.14519470990558658,109.58186737430165,60.55530092654189,0.37929292929292924,0.0222222222222222,1.6689049345453315,0.2795246758313503
unconditional_vae,8,1,42.0,subject18,0.03385872014157304,48.23338348314607,37.611068039438194,0.2618686868686868,0.0138888888888888,0.6865701825192394,0.1199694520839845
unconditional_vae,8,1,42.0,subject23,0.020785323200555556,37.340078500000004,28.35653131111111,0.16414141414141412,0.2055555555555555,0.1570654632323869,0.0254317598470584
unconditional_vae,8,1,42.0,subject25,0.06600390086460674,67.0524941011236,32.8653508599382,0.22904040404040404,0.3861111111111111,0.3351920248963371,0.0503893265899698
unconditional_vae,8,1,42.0,subject26,0.03989851028659218,48.22076675977654,38.00141483718436,0.2818181818181818,0.0694444444444444,0.8986279961180812,0.1266672807450188
unconditional_vae,8,1,42.0,subject41,0.09090430376785714,117.50953178571429,53.63392662092857,0.30419580419580416,0.1038461538461538,1.051459581843535,0.0504176189286067
unconditional_vae,8,1,42.0,subject43,0.014375994858111111,24.22500766666667,24.134445383333336,0.1656565656565656,0.0111111111111111,0.1557049699457477,0.0198684506155712
unconditional_vae,8,1,43.0,subject08,0.08849712161229051,158.97671229050277,62.53774892173185,0.36035353535353537,0.0472222222222222,1.5188361917447426,0.269219014565062
unconditional_vae,8,1,43.0,subject18,0.04180913777303372,45.58704258426966,36.700993349617974,0.24393939393939393,0.0111111111111111,0.5040328423193898,0.0851262837706727
unconditional_vae,8,1,43.0,subject23,0.021050479094444442,38.37967305555556,31.57621887444445,0.20050505050505052,0.2222222222222222,0.1553309076279796,0.0230912178198789
unconditional_vae,8,1,43.0,subject25,0.07170702453707865,70.24238157303371,34.583043717977525,0.25833333333333336,0.3527777777777778,0.4136591070258282,0.0616398087861161
unconditional_vae,8,1,43.0,subject26,0.03665065201955307,45.34838201117318,35.09028345893854,0.2747474747474747,0.0611111111111111,0.9052753452945193,0.1266535321063401
unconditional_vae,8,1,43.0,subject41,0.08146161632142856,47.280519285714284,51.751721878571416,0.3173659673659674,0.1121794871794871,1.1294426778266105,0.0670784885465188
unconditional_vae,8,1,43.0,subject43,0.012514650527222221,22.96500627777778,24.250757398277777,0.12121212121212119,0.0111111111111111,0.0910502508082515,0.0061661511780428
unconditional_vae,8,1,44.0,subject08,0.10611183357039106,129.87996860335195,56.16730906977654,0.3611111111111111,0.0027777777777777,1.35457564895193,0.2366010725082242
unconditional_vae,8,1,44.0,subject18,0.03268919766348314,54.11980376404494,36.542432048988765,0.25328282828282833,0.0111111111111111,0.6637585185360741,0.1151726874573563
unconditional_vae,8,1,44.0,subject23,0.022502321148333337,36.34873488888889,31.318562928333336,0.18080808080808078,0.1722222222222222,0.1696075433583797,0.0248949987600916
unconditional_vae,8,1,44.0,subject25,0.05828763900842698,67.4637263483146,36.35628869696629,0.22196969696969696,0.3194444444444444,0.3019568278910456,0.0402309446248368
unconditional_vae,8,1,44.0,subject26,0.03905325554692737,44.9911697206704,35.83727701866201,0.2724747474747474,0.0611111111111111,0.737664987918405,0.0955453060686994
unconditional_vae,8,1,44.0,subject41,0.051194464317857145,58.636662857142866,53.53912600142858,0.33455710955710954,0.1038461538461538,1.0677172462725433,0.0502960959187094
unconditional_vae,8,1,44.0,subject43,0.021853631984055558,24.609712222222225,25.80566043277778,0.20075757575757572,0.0111111111111111,0.2484849404809468,0.0368898256543843
unconditional_vae,3,2,42.0,subject01,0.08125898991388888,41.778006166666664,30.828610383388888,0.22070707070707068,0.025,0.3642685718488203,0.0673957688077824
unconditional_vae,3,2,42.0,subject04,0.049021247753888886,27.228688333333334,27.493531789444447,0.23939393939393935,0.0,0.3692215192861865,0.0708940575533428
unconditional_vae,3,2,42.0,subject10,0.04567821365222222,33.26755094444444,36.31896433311112,0.26186868686868686,0.0222222222222222,0.5053046124372433,0.0970141080581339
unconditional_vae,3,2,42.0,subject12,0.05334293963055556,32.13664494444445,34.455694375,0.23661616161616159,0.0,0.5563032870915388,0.1007021825803814
unconditional_vae,3,2,42.0,subject15,0.09562158785141243,38.413353163841805,28.688764186502823,0.19803370786516847,0.1264981273408239,0.2846135149164968,0.0495959660298429
unconditional_vae,3,2,42.0,subject21,0.20586916633651686,52.961023764044945,22.981526721179776,0.3954545454545455,0.0277777777777777,1.1426554288510573,0.2256502907186818
unconditional_vae,3,2,42.0,subject36,0.07491536502833333,23.603167444444445,28.100650448055557,0.24848484848484845,0.0,0.5247329845719086,0.0985572058760937
unconditional_vae,3,2,43.0,subject01,0.09917548769999998,43.958729500000004,30.604861973166663,0.2462121212121212,0.025,0.416215301703736,0.0776696153984861
unconditional_vae,3,2,43.0,subject04,0.061183684,31.422888111111117,30.493183368888893,0.22272727272727266,0.0,0.2891488542109566,0.0561337409102302
unconditional_vae,3,2,43.0,subject10,0.047884531586111105,29.958734166666673,32.91825163722222,0.25454545454545446,0.0222222222222222,0.4484851894046402,0.0895558893218169
unconditional_vae,3,2,43.0,subject12,0.061597828698333336,33.79708077777778,35.158030437777775,0.2585858585858586,0.0,0.697088497545082,0.1321607877145567
unconditional_vae,3,2,43.0,subject15,0.08774786329265538,37.460899491525424,23.65189679717514,0.18810010214504594,0.1264981273408239,0.2772992874686895,0.0500058283696192
unconditional_vae,3,2,43.0,subject21,0.2540363771039326,52.188877977528094,26.835523440971908,0.3921717171717171,0.0194444444444444,1.0962137216223833,0.2118318099175321
unconditional_vae,3,2,43.0,subject36,0.0891427505561111,24.007385611111115,27.939938729777776,0.2588383838383838,0.0083333333333333,0.572158959171682,0.1110917547317663
unconditional_vae,3,2,44.0,subject01,0.0865800730388889,42.508436944444455,30.558515698333338,0.23989898989898986,0.025,0.4718942237807133,0.0853538571741715
unconditional_vae,3,2,44.0,subject04,0.05356799625555555,28.108489833333334,27.175818015,0.20505050505050504,0.0,0.2746988571795241,0.0478545492008434
unconditional_vae,3,2,44.0,subject10,0.047103814792777775,34.80226027777778,36.43661686288888,0.2919191919191919,0.0222222222222222,0.6322026698812455,0.1205661243917398
unconditional_vae,3,2,44.0,subject12,0.05849991068833332,37.32584033333333,32.57726448011111,0.29696969696969694,0.0083333333333333,0.7589482634503644,0.1376847850157744
unconditional_vae,3,2,44.0,subject15,0.10276066429265537,40.58990197740113,27.384037498870057,0.23054136874361592,0.1348314606741573,0.3832014721188259,0.0722904629622258
unconditional_vae,3,2,44.0,subject21,0.21004700019269662,58.1550456741573,25.688521023426965,0.43383838383838386,0.0277777777777777,1.3565393087035202,0.2636211045552986
unconditional_vae,3,2,44.0,subject36,0.07848583227277779,24.021571055555548,30.951473881444443,0.2659090909090909,0.0,0.5205588648226218,0.1020010926970504
unconditional_vae,8,2,42.0,subject01,0.0170455807,38.14762333333333,26.858508480455555,0.13333333333333328,0.0416666666666666,0.1380462138995248,0.0215449296038388
unconditional_vae,8,2,42.0,subject04,0.011987100363333333,28.887540499999997,26.022371717083335,0.12752525252525249,0.0583333333333333,0.0919605659425277,0.0108154711135871
unconditional_vae,8,2,42.0,subject10,0.017817343197222224,31.55181977777778,29.563561999055555,0.1545454545454545,0.0222222222222222,0.1178475089277335,0.0147324888175196
unconditional_vae,8,2,42.0,subject12,0.01857431473055556,33.47779,46.63235685,0.22626262626262628,0.0,0.5038424131672623,0.0930299454110923
unconditional_vae,8,2,42.0,subject15,0.019649143994350284,36.78171836158192,23.249483666892655,0.17563840653728288,0.1348314606741573,0.1946602856955266,0.0300203825231047
unconditional_vae,8,2,42.0,subject21,0.042573230615168545,49.15461994382024,33.16298905692135,0.25732323232323223,0.0472222222222222,0.3745022427905322,0.0688101688515766
unconditional_vae,8,2,42.0,subject36,0.010499466966111112,22.986514833333327,28.471542781266663,0.13156565656565652,0.0,0.096639932718098,0.0085204020778913
unconditional_vae,8,2,43.0,subject01,0.018027598625,35.89558838888889,25.81407503314833,0.1467171717171717,0.0166666666666666,0.1703252900940581,0.0336062679484356
unconditional_vae,8,2,43.0,subject04,0.01101872746611111,29.078936833333337,25.55917683521111,0.1588383838383838,0.05,0.1299590592080992,0.0193019692373779
unconditional_vae,8,2,43.0,subject10,0.014949129296666669,31.829086611111112,27.58452213483333,0.17929292929292925,0.0027777777777777,0.1833473352558576,0.0323858427686835
unconditional_vae,8,2,43.0,subject12,0.020582718389444445,33.37966316666667,38.35088760944445,0.25757575757575757,0.0083333333333333,0.5975885573868092,0.1133965675053196
unconditional_vae,8,2,43.0,subject15,0.019480169293220335,36.013764971751414,21.6533635320339,0.1764981273408239,0.1181647940074906,0.2210159164999563,0.0353842890576237
unconditional_vae,8,2,43.0,subject21,0.049414842609550556,62.08505252808989,35.56947055620786,0.3027777777777778,0.0722222222222222,0.5359172754761263,0.0981220998906959
unconditional_vae,8,2,43.0,subject36,0.010276432339999999,24.0126555,24.28614660994444,0.1391414141414141,0.0,0.093102419718936,0.0076786827224832
unconditional_vae,8,2,44.0,subject01,0.01827544557,38.37892211111111,25.58212717763333,0.1424242424242424,0.05,0.1360408857232582,0.0210480082217648
unconditional_vae,8,2,44.0,subject04,0.01042175657,29.71877122222222,25.546631893388888,0.1797979797979798,0.05,0.1439917615663932,0.0223607603980656
unconditional_vae,8,2,44.0,subject10,0.014428397388333332,29.240960611111113,29.444750517494438,0.232070707070707,0.0194444444444444,0.3286538113078934,0.061358148027877
unconditional_vae,8,2,44.0,subject12,0.017777910302222224,28.840561499999996,40.29914044444445,0.2772727272727272,0.0,0.6605200624906247,0.1219166353921428
unconditional_vae,8,2,44.0,subject15,0.022947151567796607,33.00610598870057,21.716014827457627,0.21289581205311536,0.1264981273408239,0.2624838835661993,0.0456463476772919
unconditional_vae,8,2,44.0,subject21,0.033984988050000005,50.80989691011236,26.00315962543258,0.2815656565656565,0.0305555555555555,0.6458637443729836,0.1166137846219275
unconditional_vae,8,2,44.0,subject36,0.009103990218888889,25.434858833333333,23.830570766500003,0.11944444444444438,0.0083333333333333,0.0636064359153159,0.0010895718381603
unconditional_vae,3,3,42.0,subject02,0.37160403174999995,58.381743166666666,18.944373708033332,0.3204545454545454,0.0166666666666666,0.949879553823898,0.1763331454188158
unconditional_vae,3,3,42.0,subject11,0.1485432647861111,42.129842611111116,52.43019862110556,0.20505050505050496,0.0222222222222222,0.6409663472766827,0.1085845247344245
unconditional_vae,3,3,42.0,subject22,0.07378992351333334,33.74012566666667,29.738232928072783,0.23560606060606054,0.0166666666666666,0.3942486324254699,0.0717285805648997
unconditional_vae,3,3,42.0,subject30,0.03838867461,25.0239875,28.006996827911113,0.26742424242424234,0.0,0.5002175266202658,0.0933436542510232
unconditional_vae,3,3,42.0,subject33,0.123100842,35.719824022988504,34.062889725804595,0.2357438016528925,0.0454545454545454,0.254833046176262,0.0418076737789989
unconditional_vae,3,3,42.0,subject37,0.10031645418277778,38.515834444444444,25.36190849759444,0.4088383838383838,0.0333333333333333,1.576110466440499,0.2796056736387475
unconditional_vae,3,3,42.0,subject40,0.18764816741129944,32.45385225988701,36.507093253276835,0.21969696969696964,0.0222222222222222,0.3528483889957865,0.0635781593583928
unconditional_vae,3,3,43.0,subject02,0.5023841919,40.60444466666667,27.752744935000003,0.356060606060606,0.225,0.8791514073511597,0.1656347918112585
unconditional_vae,3,3,43.0,subject11,0.2695905905666666,43.80566177777778,55.195861750333336,0.20959595959595959,0.0222222222222222,0.6282808697479805,0.1105732125560366
unconditional_vae,3,3,43.0,subject22,0.17189312703666668,35.875997722222216,32.97352590875556,0.2212121212121211,0.0833333333333333,0.3005717387830837,0.0519291536037289
unconditional_vae,3,3,43.0,subject30,0.07761125478722222,31.057701111111115,30.122838560255556,0.3184343434343434,0.0333333333333333,0.7285111632857642,0.1444344737938625
unconditional_vae,3,3,43.0,subject33,0.14149880159770115,40.412930344827586,42.97296408902298,0.27100550964187325,0.0287878787878787,0.4287382413849117,0.0736971427393968
unconditional_vae,3,3,43.0,subject37,0.15298486930388888,44.883851222222226,60.30701671396667,0.43459595959595954,0.025,1.7316937612019134,0.3146768575075304
unconditional_vae,3,3,43.0,subject40,0.1793178739384181,38.34140344632768,180.45979369548022,0.25580808080808076,0.0138888888888888,0.411378802835566,0.073265721850339
unconditional_vae,3,3,44.0,subject02,0.6673205884833334,62.67973016666667,24.345951169833334,0.38636363636363635,0.15,1.220858100685552,0.2442144825319514
unconditional_vae,3,3,44.0,subject11,0.21718922141833336,44.654904111111115,50.92549894233333,0.21287878787878786,0.0222222222222222,0.97448767816309,0.1716982264686186
unconditional_vae,3,3,44.0,subject22,0.1431253156038889,35.12875994444444,34.48144995091111,0.22146464646464645,0.05,0.3106449822384456,0.0560819112143342
unconditional_vae,3,3,44.0,subject30,0.05607751040666667,28.78545477777778,26.666128305500003,0.3118686868686868,0.0333333333333333,0.6837567336614159,0.1273980580513404
unconditional_vae,3,3,44.0,subject33,0.1357226343132184,39.10317063218391,36.95064811999426,0.2796143250688705,0.0454545454545454,0.5111573358355237,0.0822605957201303
unconditional_vae,3,3,44.0,subject37,0.14340719519444442,40.73318627777777,23.55488337242778,0.4065656565656566,0.0166666666666666,1.6389785535509418,0.2855234041041856
unconditional_vae,3,3,44.0,subject40,0.2400928720762712,40.08220576271186,39.616064503757066,0.26388888888888884,0.0222222222222222,0.5049603987152889,0.0901008348049137
unconditional_vae,8,3,42.0,subject02,0.1432034671766667,57.165688666666675,23.265725225866667,0.25909090909090904,0.05,0.6801764201342579,0.112408525551595
unconditional_vae,8,3,42.0,subject11,0.06926290419777778,40.64077055555556,57.30550304022223,0.2209595959595959,0.0055555555555555,0.5712869081190677,0.0946199669247607
unconditional_vae,8,3,42.0,subject22,0.04708658850555556,35.75163116666667,27.34493545247222,0.21287878787878786,0.0666666666666666,0.3079531592418552,0.0550161315247741
unconditional_vae,8,3,42.0,subject30,0.019032029954999998,26.321680944444445,25.859560868388897,0.15505050505050502,0.0166666666666666,0.2084971966008355,0.0327355628626701
unconditional_vae,8,3,42.0,subject33,0.04421475019252873,35.59904614942528,39.47492365925287,0.159228650137741,0.0287878787878787,0.189556972579731,0.0251664124784438
unconditional_vae,8,3,42.0,subject37,0.040187826515,33.207978722222215,28.995102541125007,0.227020202020202,0.0083333333333333,0.4562109764678279,0.0754380093496475
unconditional_vae,8,3,42.0,subject40,0.04036533171468926,52.49313694915254,58.751472077909604,0.21717171717171713,0.0138888888888888,0.2955767704928127,0.0465728410400775
unconditional_vae,8,3,43.0,subject02,0.06536537890666667,50.407433833333336,18.321506691366668,0.29848484848484846,0.0166666666666666,0.8855747776193605,0.1554549706185323
unconditional_vae,8,3,43.0,subject11,0.05395943972555555,37.865216,53.64414498776667,0.20328282828282826,0.0138888888888888,0.5874011204750693,0.0983966132897866
unconditional_vae,8,3,43.0,subject22,0.017316186032222226,34.89524127777778,27.194095188338892,0.19191919191919188,0.0833333333333333,0.2247801002899949,0.0426392536110746
unconditional_vae,8,3,43.0,subject30,0.011758551180555554,25.278956166666667,24.632431899444448,0.16414141414141412,0.0333333333333333,0.1502897621250514,0.0211200913788729
unconditional_vae,8,3,43.0,subject33,0.03299200949425287,34.84689925287356,36.99879977846552,0.16411845730027544,0.0045454545454545,0.1825674446220295,0.0246167966136502
unconditional_vae,8,3,43.0,subject37,0.022589976956944445,35.19206188888889,20.34542696617778,0.2058080808080808,0.0166666666666666,0.344070914530258,0.0539615907372298
unconditional_vae,8,3,43.0,subject40,0.04463967955977401,33.39205305084746,99.43899120836157,0.19166666666666662,0.0138888888888888,0.2589400447700072,0.0374189522913207
unconditional_vae,8,3,44.0,subject02,0.09446237321333335,47.034324,17.9242479185,0.31666666666666665,0.0,0.947844206686367,0.1754750711740298
unconditional_vae,8,3,44.0,subject11,0.052161861031666666,37.10123694444445,46.52861617205555,0.2131313131313131,0.0138888888888888,0.59224489595241,0.0961990019934436
unconditional_vae,8,3,44.0,subject22,0.01802603823277778,35.9117645,27.37187121116667,0.21464646464646456,0.0416666666666666,0.3293844159458299,0.0615615012042991
unconditional_vae,8,3,44.0,subject30,0.01167282423222222,24.89125955555556,29.52996603172222,0.18712121212121205,0.025,0.1946157955793861,0.0299234296891843
unconditional_vae,8,3,44.0,subject33,0.032923011912068964,35.51057477011494,33.27756667810345,0.17610192837465563,0.0454545454545454,0.1953332266048919,0.027307455182908
unconditional_vae,8,3,44.0,subject37,0.02312033562111111,36.92266344444444,23.461285954805557,0.19772727272727272,0.0,0.3462106956715027,0.0582365276829568
unconditional_vae,8,3,44.0,subject40,0.040414617081355936,34.400906158192086,89.21762632683617,0.19999999999999998,0.0222222222222222,0.3038973267874447,0.0463636121479853
