check,passed,detail
canonical cohort,True,
unique trial IDs,True,
finite 100x2 origin-aligned model targets,True,
condition metadata domains,True,
independent condition matrix vs dataset,True,max_abs_error=0.0; atol=0; rtol=0
timing order and values vs dataset,True,max_abs_error=0.0; atol=0; rtol=0
all retained raw MAT motion and stimulus labels match cached conditions,True,[]
fold0 separation,True,
fold0/train/subject01 context-query,True,
fold0/train/subject02 context-query,True,
fold0/train/subject04 context-query,True,
fold0/train/subject08 context-query,True,
fold0/train/subject11 context-query,True,
fold0/train/subject15 context-query,True,
fold0/train/subject18 context-query,True,
fold0/train/subject21 context-query,True,
fold0/train/subject22 context-query,True,
fold0/train/subject23 context-query,True,
fold0/train/subject25 context-query,True,
fold0/train/subject26 context-query,True,
fold0/train/subject36 context-query,True,
fold0/train/subject37 context-query,True,
fold0/train/subject40 context-query,True,
fold0/train/subject41 context-query,True,
fold0/train/subject43 context-query,True,
fold0/validation/subject10 context-query,True,
fold0/validation/subject12 context-query,True,
fold0/validation/subject30 context-query,True,
fold0/validation/subject33 context-query,True,
fold0/test/subject05 context-query,True,
fold0/test/subject13 context-query,True,
fold0/test/subject19 context-query,True,
fold0/test/subject24 context-query,True,
fold0/test/subject27 context-query,True,
fold0/test/subject34 context-query,True,
fold0/test/subject35 context-query,True,
fold1 separation,True,
fold1/train/subject01 context-query,True,
fold1/train/subject04 context-query,True,
fold1/train/subject05 context-query,True,
fold1/train/subject11 context-query,True,
fold1/train/subject12 context-query,True,
fold1/train/subject13 context-query,True,
fold1/train/subject15 context-query,True,
fold1/train/subject19 context-query,True,
fold1/train/subject22 context-query,True,
fold1/train/subject24 context-query,True,
fold1/train/subject27 context-query,True,
fold1/train/subject30 context-query,True,
fold1/train/subject33 context-query,True,
fold1/train/subject34 context-query,True,
fold1/train/subject35 context-query,True,
fold1/train/subject37 context-query,True,
fold1/train/subject40 context-query,True,
fold1/validation/subject02 context-query,True,
fold1/validation/subject10 context-query,True,
fold1/validation/subject21 context-query,True,
fold1/validation/subject36 context-query,True,
fold1/test/subject08 context-query,True,
fold1/test/subject18 context-query,True,
fold1/test/subject23 context-query,True,
fold1/test/subject25 context-query,True,
fold1/test/subject26 context-query,True,
fold1/test/subject41 context-query,True,
fold1/test/subject43 context-query,True,
fold2 separation,True,
fold2/train/subject02 context-query,True,
fold2/train/subject05 context-query,True,
fold2/train/subject08 context-query,True,
fold2/train/subject11 context-query,True,
fold2/train/subject18 context-query,True,
fold2/train/subject19 context-query,True,
fold2/train/subject22 context-query,True,
fold2/train/subject24 context-query,True,
fold2/train/subject25 context-query,True,
fold2/train/subject26 context-query,True,
fold2/train/subject27 context-query,True,
fold2/train/subject30 context-query,True,
fold2/train/subject33 context-query,True,
fold2/train/subject35 context-query,True,
fold2/train/subject40 context-query,True,
fold2/train/subject41 context-query,True,
fold2/train/subject43 context-query,True,
fold2/validation/subject13 context-query,True,
fold2/validation/subject23 context-query,True,
fold2/validation/subject34 context-query,True,
fold2/validation/subject37 context-query,True,
fold2/test/subject01 context-query,True,
fold2/test/subject04 context-query,True,
fold2/test/subject10 context-query,True,
fold2/test/subject12 context-query,True,
fold2/test/subject15 context-query,True,
fold2/test/subject21 context-query,True,
fold2/test/subject36 context-query,True,
fold3 separation,True,
fold3/train/subject04 context-query,True,
fold3/train/subject05 context-query,True,
fold3/train/subject12 context-query,True,
fold3/train/subject13 context-query,True,
fold3/train/subject18 context-query,True,
fold3/train/subject19 context-query,True,
fold3/train/subject21 context-query,True,
fold3/train/subject23 context-query,True,
fold3/train/subject24 context-query,True,
fold3/train/subject25 context-query,True,
fold3/train/subject26 context-query,True,
fold3/train/subject27 context-query,True,
fold3/train/subject34 context-query,True,
fold3/train/subject35 context-query,True,
fold3/train/subject36 context-query,True,
fold3/train/subject41 context-query,True,
fold3/train/subject43 context-query,True,
fold3/validation/subject01 context-query,True,
fold3/validation/subject08 context-query,True,
fold3/validation/subject10 context-query,True,
fold3/validation/subject15 context-query,True,
fold3/test/subject02 context-query,True,
fold3/test/subject11 context-query,True,
fold3/test/subject22 context-query,True,
fold3/test/subject30 context-query,True,
fold3/test/subject33 context-query,True,
fold3/test/subject37 context-query,True,
fold3/test/subject40 context-query,True,
every participant held out exactly once,True,
96 neural checkpoints,True,96
conditional_ae\fold0\conditional_ae_z3_seed42/effective flags,True,
conditional_ae\fold0\conditional_ae_z3_seed42/train_mean train-only,True,max_abs_error=0.0; atol=1e-07; rtol=1e-06
conditional_ae\fold0\conditional_ae_z3_seed42/train_std train-only,True,max_abs_error=0.0; atol=1e-07; rtol=1e-06
conditional_ae\fold0\conditional_ae_z3_seed42/timing_mean train-only,True,max_abs_error=0.0; atol=1e-07; rtol=1e-06
conditional_ae\fold0\conditional_ae_z3_seed42/timing_std train-only,True,max_abs_error=0.0; atol=1e-07; rtol=1e-06
conditional_ae\fold0\conditional_ae_z3_seed42/validation objective,True,max_abs_error=0.0; atol=1e-10; rtol=1e-10
conditional_ae\fold0\conditional_ae_z3_seed42/selected epoch,True,
conditional_ae\fold0\conditional_ae_z3_seed42/KL schedule,True,max_abs_error=0.0; atol=1e-12; rtol=0
conditional_ae\fold0\conditional_ae_z3_seed42/saved objective,True,max_abs_error=0.0; atol=1e-10; rtol=1e-10
conditional_ae\fold0\conditional_ae_z3_seed42/independent encoder,True,max_abs_error=0.0; atol=2e-06; rtol=1e-05
conditional_ae\fold0\conditional_ae_z3_seed42/prediction IDs,True,
conditional_ae\fold0\conditional_ae_z3_seed42/true timing,True,max_abs_error=2.6930236707300992e-08; atol=1e-07; rtol=1e-05
conditional_ae\fold0\conditional_ae_z3_seed42/independent timing predictions,True,max_abs_error=2.9726409889185845e-08; atol=2e-06; rtol=2e-05
conditional_ae\fold0\conditional_ae_z3_seed42/independent trajectory MSE,True,max_abs_error=3.9007568286564265e-08; atol=2e-06; rtol=2e-05
conditional_ae\fold0\conditional_ae_z3_seed42/independent decoder trajectory,True,max_abs_error=0.0; atol=2e-06; rtol=1e-05
conditional_ae\fold0\conditional_ae_z3_seed42/independent decoder timing,True,max_abs_error=0.0; atol=2e-06; rtol=1e-05
conditional_ae\fold0\conditional_ae_z3_seed42/timing withheld,True,max_abs_error=0.0; atol=0; rtol=0
conditional_ae\fold0\conditional_ae_z3_seed42/variational sampling behaviour,True,
conditional_ae\fold0\conditional_ae_z3_seed42/condition gradients,True,"{'encoder_condition0_gradient': 2.530658721923828, 'decoder_condition0_gradient': 19.272937774658203, 'encoder_condition1_gradient': 1.5625255107879639, 'decoder_condition1_gradient': 31.70877456665039, 'encoder_condition2_gradient': 2.1842663288116455, 'decoder_condition2_gradient': 44.62639617919922, 'encoder_condition3_gradient': 2.8856265544891357, 'decoder_condition3_gradient': 18.96746253967285, 'encoder_condition4_gradient': 1.2499279975891113, 'decoder_condition4_gradient': 22.494186401367188}"
conditional_ae\fold0\conditional_ae_z3_seed42/condition swap behaviour,True,
conditional_ae\fold0\conditional_ae_z3_seed43/effective flags,True,
conditional_ae\fold0\conditional_ae_z3_seed43/train_mean train-only,True,max_abs_error=0.0; atol=1e-07; rtol=1e-06
conditional_ae\fold0\conditional_ae_z3_seed43/train_std train-only,True,max_abs_error=0.0; atol=1e-07; rtol=1e-06
conditional_ae\fold0\conditional_ae_z3_seed43/timing_mean train-only,True,max_abs_error=0.0; atol=1e-07; rtol=1e-06
conditional_ae\fold0\conditional_ae_z3_seed43/timing_std train-only,True,max_abs_error=0.0; atol=1e-07; rtol=1e-06
conditional_ae\fold0\conditional_ae_z3_seed43/validation objective,True,max_abs_error=0.0; atol=1e-10; rtol=1e-10
conditional_ae\fold0\conditional_ae_z3_seed43/selected epoch,True,
conditional_ae\fold0\conditional_ae_z3_seed43/KL schedule,True,max_abs_error=0.0; atol=1e-12; rtol=0
conditional_ae\fold0\conditional_ae_z3_seed43/saved objective,True,max_abs_error=0.0; atol=1e-10; rtol=1e-10
conditional_ae\fold0\conditional_ae_z3_seed43/independent encoder,True,max_abs_error=0.0; atol=2e-06; rtol=1e-05
conditional_ae\fold0\conditional_ae_z3_seed43/prediction IDs,True,
conditional_ae\fold0\conditional_ae_z3_seed43/true timing,True,max_abs_error=2.6930236707300992e-08; atol=1e-07; rtol=1e-05
conditional_ae\fold0\conditional_ae_z3_seed43/independent timing predictions,True,max_abs_error=2.7768707222541877e-08; atol=2e-06; rtol=2e-05
conditional_ae\fold0\conditional_ae_z3_seed43/independent trajectory MSE,True,max_abs_error=3.7158203181064664e-08; atol=2e-06; rtol=2e-05
conditional_ae\fold0\conditional_ae_z3_seed43/independent decoder trajectory,True,max_abs_error=0.0; atol=2e-06; rtol=1e-05
conditional_ae\fold0\conditional_ae_z3_seed43/independent decoder timing,True,max_abs_error=0.0; atol=2e-06; rtol=1e-05
conditional_ae\fold0\conditional_ae_z3_seed43/timing withheld,True,max_abs_error=0.0; atol=0; rtol=0
conditional_ae\fold0\conditional_ae_z3_seed43/variational sampling behaviour,True,
conditional_ae\fold0\conditional_ae_z3_seed43/condition gradients,True,"{'encoder_condition0_gradient': 1.7546489238739014, 'decoder_condition0_gradient': 10.14560604095459, 'encoder_condition1_gradient': 2.6775543689727783, 'decoder_condition1_gradient': 8.736917495727539, 'encoder_condition2_gradient': 2.404313802719116, 'decoder_condition2_gradient': 13.36813735961914, 'encoder_condition3_gradient': 2.7422399520874023, 'decoder_condition3_gradient': 18.814367294311523, 'encoder_condition4_gradient': 1.5049482583999634, 'decoder_condition4_gradient': 31.029767990112305}"
conditional_ae\fold0\conditional_ae_z3_seed43/condition swap behaviour,True,
conditional_ae\fold0\conditional_ae_z3_seed44/effective flags,True,
conditional_ae\fold0\conditional_ae_z3_seed44/train_mean train-only,True,max_abs_error=0.0; atol=1e-07; rtol=1e-06
conditional_ae\fold0\conditional_ae_z3_seed44/train_std train-only,True,max_abs_error=0.0; atol=1e-07; rtol=1e-06
conditional_ae\fold0\conditional_ae_z3_seed44/timing_mean train-only,True,max_abs_error=0.0; atol=1e-07; rtol=1e-06
conditional_ae\fold0\conditional_ae_z3_seed44/timing_std train-only,True,max_abs_error=0.0; atol=1e-07; rtol=1e-06
conditional_ae\fold0\conditional_ae_z3_seed44/validation objective,True,max_abs_error=0.0; atol=1e-10; rtol=1e-10
conditional_ae\fold0\conditional_ae_z3_seed44/selected epoch,True,
conditional_ae\fold0\conditional_ae_z3_seed44/KL schedule,True,max_abs_error=0.0; atol=1e-12; rtol=0
conditional_ae\fold0\conditional_ae_z3_seed44/saved objective,True,max_abs_error=0.0; atol=1e-10; rtol=1e-10
conditional_ae\fold0\conditional_ae_z3_seed44/independent encoder,True,max_abs_error=0.0; atol=2e-06; rtol=1e-05
conditional_ae\fold0\conditional_ae_z3_seed44/prediction IDs,True,
conditional_ae\fold0\conditional_ae_z3_seed44/true timing,True,max_abs_error=2.6930236707300992e-08; atol=1e-07; rtol=1e-05
conditional_ae\fold0\conditional_ae_z3_seed44/independent timing predictions,True,max_abs_error=4.900665273588345e-08; atol=2e-06; rtol=2e-05
conditional_ae\fold0\conditional_ae_z3_seed44/independent trajectory MSE,True,max_abs_error=9.410095236361826e-08; atol=2e-06; rtol=2e-05
conditional_ae\fold0\conditional_ae_z3_seed44/independent decoder trajectory,True,max_abs_error=0.0; atol=2e-06; rtol=1e-05
conditional_ae\fold0\conditional_ae_z3_seed44/independent decoder timing,True,max_abs_error=0.0; atol=2e-06; rtol=1e-05
conditional_ae\fold0\conditional_ae_z3_seed44/timing withheld,True,max_abs_error=0.0; atol=0; rtol=0
conditional_ae\fold0\conditional_ae_z3_seed44/variational sampling behaviour,True,
conditional_ae\fold0\conditional_ae_z3_seed44/condition gradients,True,"{'encoder_condition0_gradient': 0.9731206893920898, 'decoder_condition0_gradient': 5.937532901763916, 'encoder_condition1_gradient': 0.8136720061302185, 'decoder_condition1_gradient': 21.22256088256836, 'encoder_condition2_gradient': 1.176559329032898, 'decoder_condition2_gradient': 29.418659210205078, 'encoder_condition3_gradient': 1.0123642683029175, 'decoder_condition3_gradient': 22.876834869384766, 'encoder_condition4_gradient': 1.0652525424957275, 'decoder_condition4_gradient': 46.001258850097656}"
conditional_ae\fold0\conditional_ae_z3_seed44/condition swap behaviour,True,
conditional_ae\fold0\conditional_ae_z8_seed42/effective flags,True,
conditional_ae\fold0\conditional_ae_z8_seed42/train_mean train-only,True,max_abs_error=0.0; atol=1e-07; rtol=1e-06
conditional_ae\fold0\conditional_ae_z8_seed42/train_std train-only,True,max_abs_error=0.0; atol=1e-07; rtol=1e-06
conditional_ae\fold0\conditional_ae_z8_seed42/timing_mean train-only,True,max_abs_error=0.0; atol=1e-07; rtol=1e-06
conditional_ae\fold0\conditional_ae_z8_seed42/timing_std train-only,True,max_abs_error=0.0; atol=1e-07; rtol=1e-06
conditional_ae\fold0\conditional_ae_z8_seed42/validation objective,True,max_abs_error=0.0; atol=1e-10; rtol=1e-10
conditional_ae\fold0\conditional_ae_z8_seed42/selected epoch,True,
conditional_ae\fold0\conditional_ae_z8_seed42/KL schedule,True,max_abs_error=0.0; atol=1e-12; rtol=0
conditional_ae\fold0\conditional_ae_z8_seed42/saved objective,True,max_abs_error=0.0; atol=1e-10; rtol=1e-10
conditional_ae\fold0\conditional_ae_z8_seed42/independent encoder,True,max_abs_error=0.0; atol=2e-06; rtol=1e-05
conditional_ae\fold0\conditional_ae_z8_seed42/prediction IDs,True,
conditional_ae\fold0\conditional_ae_z8_seed42/true timing,True,max_abs_error=2.6930236707300992e-08; atol=1e-07; rtol=1e-05
conditional_ae\fold0\conditional_ae_z8_seed42/independent timing predictions,True,max_abs_error=3.170928963847075e-08; atol=2e-06; rtol=2e-05
conditional_ae\fold0\conditional_ae_z8_seed42/independent trajectory MSE,True,max_abs_error=6.169891375584768e-09; atol=2e-06; rtol=2e-05
conditional_ae\fold0\conditional_ae_z8_seed42/independent decoder trajectory,True,max_abs_error=0.0; atol=2e-06; rtol=1e-05
conditional_ae\fold0\conditional_ae_z8_seed42/independent decoder timing,True,max_abs_error=0.0; atol=2e-06; rtol=1e-05
conditional_ae\fold0\conditional_ae_z8_seed42/timing withheld,True,max_abs_error=0.0; atol=0; rtol=0
conditional_ae\fold0\conditional_ae_z8_seed42/variational sampling behaviour,True,
conditional_ae\fold0\conditional_ae_z8_seed42/condition gradients,True,"{'encoder_condition0_gradient': 2.733112096786499, 'decoder_condition0_gradient': 12.82497501373291, 'encoder_condition1_gradient': 2.061112403869629, 'decoder_condition1_gradient': 5.622314453125, 'encoder_condition2_gradient': 1.4346997737884521, 'decoder_condition2_gradient': 9.264067649841309, 'encoder_condition3_gradient': 0.8997513055801392, 'decoder_condition3_gradient': 5.690632343292236, 'encoder_condition4_gradient': 2.155536651611328, 'decoder_condition4_gradient': 9.058809280395508}"
conditional_ae\fold0\conditional_ae_z8_seed42/condition swap behaviour,True,
conditional_ae\fold0\conditional_ae_z8_seed43/effective flags,True,
conditional_ae\fold0\conditional_ae_z8_seed43/train_mean train-only,True,max_abs_error=0.0; atol=1e-07; rtol=1e-06
conditional_ae\fold0\conditional_ae_z8_seed43/train_std train-only,True,max_abs_error=0.0; atol=1e-07; rtol=1e-06
conditional_ae\fold0\conditional_ae_z8_seed43/timing_mean train-only,True,max_abs_error=0.0; atol=1e-07; rtol=1e-06
conditional_ae\fold0\conditional_ae_z8_seed43/timing_std train-only,True,max_abs_error=0.0; atol=1e-07; rtol=1e-06
conditional_ae\fold0\conditional_ae_z8_seed43/validation objective,True,max_abs_error=0.0; atol=1e-10; rtol=1e-10
conditional_ae\fold0\conditional_ae_z8_seed43/selected epoch,True,
conditional_ae\fold0\conditional_ae_z8_seed43/KL schedule,True,max_abs_error=0.0; atol=1e-12; rtol=0
conditional_ae\fold0\conditional_ae_z8_seed43/saved objective,True,max_abs_error=0.0; atol=1e-10; rtol=1e-10
conditional_ae\fold0\conditional_ae_z8_seed43/independent encoder,True,max_abs_error=0.0; atol=2e-06; rtol=1e-05
conditional_ae\fold0\conditional_ae_z8_seed43/prediction IDs,True,
conditional_ae\fold0\conditional_ae_z8_seed43/true timing,True,max_abs_error=2.6930236707300992e-08; atol=1e-07; rtol=1e-05
conditional_ae\fold0\conditional_ae_z8_seed43/independent timing predictions,True,max_abs_error=2.7288055370888742e-08; atol=2e-06; rtol=2e-05
conditional_ae\fold0\conditional_ae_z8_seed43/independent trajectory MSE,True,max_abs_error=2.9133605972120336e-08; atol=2e-06; rtol=2e-05
conditional_ae\fold0\conditional_ae_z8_seed43/independent decoder trajectory,True,max_abs_error=0.0; atol=2e-06; rtol=1e-05
conditional_ae\fold0\conditional_ae_z8_seed43/independent decoder timing,True,max_abs_error=0.0; atol=2e-06; rtol=1e-05
conditional_ae\fold0\conditional_ae_z8_seed43/timing withheld,True,max_abs_error=0.0; atol=0; rtol=0
conditional_ae\fold0\conditional_ae_z8_seed43/variational sampling behaviour,True,
conditional_ae\fold0\conditional_ae_z8_seed43/condition gradients,True,"{'encoder_condition0_gradient': 1.934695839881897, 'decoder_condition0_gradient': 5.490275859832764, 'encoder_condition1_gradient': 1.2355486154556274, 'decoder_condition1_gradient': 8.52536392211914, 'encoder_condition2_gradient': 1.6836003065109253, 'decoder_condition2_gradient': 6.02903938293457, 'encoder_condition3_gradient': 1.2003556489944458, 'decoder_condition3_gradient': 6.760913372039795, 'encoder_condition4_gradient': 1.6910897493362427, 'decoder_condition4_gradient': 9.519729614257812}"
conditional_ae\fold0\conditional_ae_z8_seed43/condition swap behaviour,True,
conditional_ae\fold0\conditional_ae_z8_seed44/effective flags,True,
conditional_ae\fold0\conditional_ae_z8_seed44/train_mean train-only,True,max_abs_error=0.0; atol=1e-07; rtol=1e-06
conditional_ae\fold0\conditional_ae_z8_seed44/train_std train-only,True,max_abs_error=0.0; atol=1e-07; rtol=1e-06
conditional_ae\fold0\conditional_ae_z8_seed44/timing_mean train-only,True,max_abs_error=0.0; atol=1e-07; rtol=1e-06
conditional_ae\fold0\conditional_ae_z8_seed44/timing_std train-only,True,max_abs_error=0.0; atol=1e-07; rtol=1e-06
conditional_ae\fold0\conditional_ae_z8_seed44/validation objective,True,max_abs_error=0.0; atol=1e-10; rtol=1e-10
conditional_ae\fold0\conditional_ae_z8_seed44/selected epoch,True,
conditional_ae\fold0\conditional_ae_z8_seed44/KL schedule,True,max_abs_error=0.0; atol=1e-12; rtol=0
conditional_ae\fold0\conditional_ae_z8_seed44/saved objective,True,max_abs_error=0.0; atol=1e-10; rtol=1e-10
conditional_ae\fold0\conditional_ae_z8_seed44/independent encoder,True,max_abs_error=0.0; atol=2e-06; rtol=1e-05
conditional_ae\fold0\conditional_ae_z8_seed44/prediction IDs,True,
conditional_ae\fold0\conditional_ae_z8_seed44/true timing,True,max_abs_error=2.6930236707300992e-08; atol=1e-07; rtol=1e-05
conditional_ae\fold0\conditional_ae_z8_seed44/independent timing predictions,True,max_abs_error=1.486892697855069e-08; atol=2e-06; rtol=2e-05
conditional_ae\fold0\conditional_ae_z8_seed44/independent trajectory MSE,True,max_abs_error=2.400207521624509e-08; atol=2e-06; rtol=2e-05
conditional_ae\fold0\conditional_ae_z8_seed44/independent decoder trajectory,True,max_abs_error=0.0; atol=2e-06; rtol=1e-05
conditional_ae\fold0\conditional_ae_z8_seed44/independent decoder timing,True,max_abs_error=0.0; atol=2e-06; rtol=1e-05
conditional_ae\fold0\conditional_ae_z8_seed44/timing withheld,True,max_abs_error=0.0; atol=0; rtol=0
conditional_ae\fold0\conditional_ae_z8_seed44/variational sampling behaviour,True,
conditional_ae\fold0\conditional_ae_z8_seed44/condition gradients,True,"{'encoder_condition0_gradient': 1.2208510637283325, 'decoder_condition0_gradient': 2.9079883098602295, 'encoder_condition1_gradient': 1.3035814762115479, 'decoder_condition1_gradient': 4.473834037780762, 'encoder_condition2_gradient': 1.5284535884857178, 'decoder_condition2_gradient': 6.828362941741943, 'encoder_condition3_gradient': 2.33420467376709, 'decoder_condition3_gradient': 11.502609252929688, 'encoder_condition4_gradient': 1.344136118888855, 'decoder_condition4_gradient': 5.2564826011657715}"
conditional_ae\fold0\conditional_ae_z8_seed44/condition swap behaviour,True,
conditional_ae\fold1\conditional_ae_z3_seed42/effective flags,True,
conditional_ae\fold1\conditional_ae_z3_seed42/train_mean train-only,True,max_abs_error=0.0; atol=1e-07; rtol=1e-06
conditional_ae\fold1\conditional_ae_z3_seed42/train_std train-only,True,max_abs_error=0.0; atol=1e-07; rtol=1e-06
conditional_ae\fold1\conditional_ae_z3_seed42/timing_mean train-only,True,max_abs_error=0.0; atol=1e-07; rtol=1e-06
conditional_ae\fold1\conditional_ae_z3_seed42/timing_std train-only,True,max_abs_error=0.0; atol=1e-07; rtol=1e-06
conditional_ae\fold1\conditional_ae_z3_seed42/validation objective,True,max_abs_error=0.0; atol=1e-10; rtol=1e-10
conditional_ae\fold1\conditional_ae_z3_seed42/selected epoch,True,
conditional_ae\fold1\conditional_ae_z3_seed42/KL schedule,True,max_abs_error=0.0; atol=1e-12; rtol=0
conditional_ae\fold1\conditional_ae_z3_seed42/saved objective,True,max_abs_error=0.0; atol=1e-10; rtol=1e-10
conditional_ae\fold1\conditional_ae_z3_seed42/independent encoder,True,max_abs_error=0.0; atol=2e-06; rtol=1e-05
conditional_ae\fold1\conditional_ae_z3_seed42/prediction IDs,True,
conditional_ae\fold1\conditional_ae_z3_seed42/true timing,True,max_abs_error=4.922790530770271e-08; atol=1e-07; rtol=1e-05
conditional_ae\fold1\conditional_ae_z3_seed42/independent timing predictions,True,max_abs_error=2.977447510765785e-08; atol=2e-06; rtol=2e-05
conditional_ae\fold1\conditional_ae_z3_seed42/independent trajectory MSE,True,max_abs_error=1.3546752963833342e-07; atol=2e-06; rtol=2e-05
conditional_ae\fold1\conditional_ae_z3_seed42/independent decoder trajectory,True,max_abs_error=0.0; atol=2e-06; rtol=1e-05
conditional_ae\fold1\conditional_ae_z3_seed42/independent decoder timing,True,max_abs_error=0.0; atol=2e-06; rtol=1e-05
conditional_ae\fold1\conditional_ae_z3_seed42/timing withheld,True,max_abs_error=0.0; atol=0; rtol=0
conditional_ae\fold1\conditional_ae_z3_seed42/variational sampling behaviour,True,
conditional_ae\fold1\conditional_ae_z3_seed42/condition gradients,True,"{'encoder_condition0_gradient': 7.30595064163208, 'decoder_condition0_gradient': 58.17009735107422, 'encoder_condition1_gradient': 6.450103759765625, 'decoder_condition1_gradient': 110.76000213623047, 'encoder_condition2_gradient': 4.089961528778076, 'decoder_condition2_gradient': 166.2531280517578, 'encoder_condition3_gradient': 5.0250773429870605, 'decoder_condition3_gradient': 121.31123352050781, 'encoder_condition4_gradient': 9.943902969360352, 'decoder_condition4_gradient': 192.77220153808594}"
conditional_ae\fold1\conditional_ae_z3_seed42/condition swap behaviour,True,
conditional_ae\fold1\conditional_ae_z3_seed43/effective flags,True,
conditional_ae\fold1\conditional_ae_z3_seed43/train_mean train-only,True,max_abs_error=0.0; atol=1e-07; rtol=1e-06
conditional_ae\fold1\conditional_ae_z3_seed43/train_std train-only,True,max_abs_error=0.0; atol=1e-07; rtol=1e-06
conditional_ae\fold1\conditional_ae_z3_seed43/timing_mean train-only,True,max_abs_error=0.0; atol=1e-07; rtol=1e-06
conditional_ae\fold1\conditional_ae_z3_seed43/timing_std train-only,True,max_abs_error=0.0; atol=1e-07; rtol=1e-06
conditional_ae\fold1\conditional_ae_z3_seed43/validation objective,True,max_abs_error=0.0; atol=1e-10; rtol=1e-10
conditional_ae\fold1\conditional_ae_z3_seed43/selected epoch,True,
conditional_ae\fold1\conditional_ae_z3_seed43/KL schedule,True,max_abs_error=0.0; atol=1e-12; rtol=0
conditional_ae\fold1\conditional_ae_z3_seed43/saved objective,True,max_abs_error=0.0; atol=1e-10; rtol=1e-10
conditional_ae\fold1\conditional_ae_z3_seed43/independent encoder,True,max_abs_error=0.0; atol=2e-06; rtol=1e-05
conditional_ae\fold1\conditional_ae_z3_seed43/prediction IDs,True,
conditional_ae\fold1\conditional_ae_z3_seed43/true timing,True,max_abs_error=4.922790530770271e-08; atol=1e-07; rtol=1e-05
conditional_ae\fold1\conditional_ae_z3_seed43/independent timing predictions,True,max_abs_error=4.792175301027157e-08; atol=2e-06; rtol=2e-05
conditional_ae\fold1\conditional_ae_z3_seed43/independent trajectory MSE,True,max_abs_error=4.0698242109726834e-07; atol=2e-06; rtol=2e-05
conditional_ae\fold1\conditional_ae_z3_seed43/independent decoder trajectory,True,max_abs_error=0.0; atol=2e-06; rtol=1e-05
conditional_ae\fold1\conditional_ae_z3_seed43/independent decoder timing,True,max_abs_error=0.0; atol=2e-06; rtol=1e-05
conditional_ae\fold1\conditional_ae_z3_seed43/timing withheld,True,max_abs_error=0.0; atol=0; rtol=0
conditional_ae\fold1\conditional_ae_z3_seed43/variational sampling behaviour,True,
conditional_ae\fold1\conditional_ae_z3_seed43/condition gradients,True,"{'encoder_condition0_gradient': 12.539341926574707, 'decoder_condition0_gradient': 37.530921936035156, 'encoder_condition1_gradient': 9.561779022216797, 'decoder_condition1_gradient': 53.259159088134766, 'encoder_condition2_gradient': 6.156616687774658, 'decoder_condition2_gradient': 66.35208892822266, 'encoder_condition3_gradient': 4.781692028045654, 'decoder_condition3_gradient': 38.493316650390625, 'encoder_condition4_gradient': 9.405888557434082, 'decoder_condition4_gradient': 124.2962646484375}"
conditional_ae\fold1\conditional_ae_z3_seed43/condition swap behaviour,True,
conditional_ae\fold1\conditional_ae_z3_seed44/effective flags,True,
conditional_ae\fold1\conditional_ae_z3_seed44/train_mean train-only,True,max_abs_error=0.0; atol=1e-07; rtol=1e-06
conditional_ae\fold1\conditional_ae_z3_seed44/train_std train-only,True,max_abs_error=0.0; atol=1e-07; rtol=1e-06
conditional_ae\fold1\conditional_ae_z3_seed44/timing_mean train-only,True,max_abs_error=0.0; atol=1e-07; rtol=1e-06
conditional_ae\fold1\conditional_ae_z3_seed44/timing_std train-only,True,max_abs_error=0.0; atol=1e-07; rtol=1e-06
conditional_ae\fold1\conditional_ae_z3_seed44/validation objective,True,max_abs_error=0.0; atol=1e-10; rtol=1e-10
conditional_ae\fold1\conditional_ae_z3_seed44/selected epoch,True,
conditional_ae\fold1\conditional_ae_z3_seed44/KL schedule,True,max_abs_error=0.0; atol=1e-12; rtol=0
conditional_ae\fold1\conditional_ae_z3_seed44/saved objective,True,max_abs_error=0.0; atol=1e-10; rtol=1e-10
conditional_ae\fold1\conditional_ae_z3_seed44/independent encoder,True,max_abs_error=0.0; atol=2e-06; rtol=1e-05
conditional_ae\fold1\conditional_ae_z3_seed44/prediction IDs,True,
conditional_ae\fold1\conditional_ae_z3_seed44/true timing,True,max_abs_error=4.922790530770271e-08; atol=1e-07; rtol=1e-05
conditional_ae\fold1\conditional_ae_z3_seed44/independent timing predictions,True,max_abs_error=4.614868154284579e-08; atol=2e-06; rtol=2e-05
conditional_ae\fold1\conditional_ae_z3_seed44/independent trajectory MSE,True,max_abs_error=4.647216798048248e-07; atol=2e-06; rtol=2e-05
conditional_ae\fold1\conditional_ae_z3_seed44/independent decoder trajectory,True,max_abs_error=0.0; atol=2e-06; rtol=1e-05
conditional_ae\fold1\conditional_ae_z3_seed44/independent decoder timing,True,max_abs_error=0.0; atol=2e-06; rtol=1e-05
conditional_ae\fold1\conditional_ae_z3_seed44/timing withheld,True,max_abs_error=0.0; atol=0; rtol=0
conditional_ae\fold1\conditional_ae_z3_seed44/variational sampling behaviour,True,
conditional_ae\fold1\conditional_ae_z3_seed44/condition gradients,True,"{'encoder_condition0_gradient': 6.838735580444336, 'decoder_condition0_gradient': 89.41078186035156, 'encoder_condition1_gradient': 7.404674530029297, 'decoder_condition1_gradient': 56.92644500732422, 'encoder_condition2_gradient': 6.797828197479248, 'decoder_condition2_gradient': 73.62678527832031, 'encoder_condition3_gradient': 6.057322978973389, 'decoder_condition3_gradient': 62.333518981933594, 'encoder_condition4_gradient': 11.949466705322266, 'decoder_condition4_gradient': 100.75569152832031}"
conditional_ae\fold1\conditional_ae_z3_seed44/condition swap behaviour,True,
conditional_ae\fold1\conditional_ae_z8_seed42/effective flags,True,
conditional_ae\fold1\conditional_ae_z8_seed42/train_mean train-only,True,max_abs_error=0.0; atol=1e-07; rtol=1e-06
conditional_ae\fold1\conditional_ae_z8_seed42/train_std train-only,True,max_abs_error=0.0; atol=1e-07; rtol=1e-06
conditional_ae\fold1\conditional_ae_z8_seed42/timing_mean train-only,True,max_abs_error=0.0; atol=1e-07; rtol=1e-06
conditional_ae\fold1\conditional_ae_z8_seed42/timing_std train-only,True,max_abs_error=0.0; atol=1e-07; rtol=1e-06
conditional_ae\fold1\conditional_ae_z8_seed42/validation objective,True,max_abs_error=0.0; atol=1e-10; rtol=1e-10
conditional_ae\fold1\conditional_ae_z8_seed42/selected epoch,True,
conditional_ae\fold1\conditional_ae_z8_seed42/KL schedule,True,max_abs_error=0.0; atol=1e-12; rtol=0
conditional_ae\fold1\conditional_ae_z8_seed42/saved objective,True,max_abs_error=0.0; atol=1e-10; rtol=1e-10
conditional_ae\fold1\conditional_ae_z8_seed42/independent encoder,True,max_abs_error=0.0; atol=2e-06; rtol=1e-05
conditional_ae\fold1\conditional_ae_z8_seed42/prediction IDs,True,
conditional_ae\fold1\conditional_ae_z8_seed42/true timing,True,max_abs_error=4.922790530770271e-08; atol=1e-07; rtol=1e-05
conditional_ae\fold1\conditional_ae_z8_seed42/independent timing predictions,True,max_abs_error=2.9370117227145442e-08; atol=2e-06; rtol=2e-05
conditional_ae\fold1\conditional_ae_z8_seed42/independent trajectory MSE,True,max_abs_error=3.5560608013796013e-08; atol=2e-06; rtol=2e-05
conditional_ae\fold1\conditional_ae_z8_seed42/independent decoder trajectory,True,max_abs_error=0.0; atol=2e-06; rtol=1e-05
conditional_ae\fold1\conditional_ae_z8_seed42/independent decoder timing,True,max_abs_error=0.0; atol=2e-06; rtol=1e-05
conditional_ae\fold1\conditional_ae_z8_seed42/timing withheld,True,max_abs_error=0.0; atol=0; rtol=0
conditional_ae\fold1\conditional_ae_z8_seed42/variational sampling behaviour,True,
conditional_ae\fold1\conditional_ae_z8_seed42/condition gradients,True,"{'encoder_condition0_gradient': 12.76181411743164, 'decoder_condition0_gradient': 38.022239685058594, 'encoder_condition1_gradient': 6.073978424072266, 'decoder_condition1_gradient': 45.39864730834961, 'encoder_condition2_gradient': 3.9740021228790283, 'decoder_condition2_gradient': 114.7122573852539, 'encoder_condition3_gradient': 6.162901401519775, 'decoder_condition3_gradient': 49.932098388671875, 'encoder_condition4_gradient': 9.365903854370117, 'decoder_condition4_gradient': 114.55309295654297}"
conditional_ae\fold1\conditional_ae_z8_seed42/condition swap behaviour,True,
conditional_ae\fold1\conditional_ae_z8_seed43/effective flags,True,
conditional_ae\fold1\conditional_ae_z8_seed43/train_mean train-only,True,max_abs_error=0.0; atol=1e-07; rtol=1e-06
conditional_ae\fold1\conditional_ae_z8_seed43/train_std train-only,True,max_abs_error=0.0; atol=1e-07; rtol=1e-06
conditional_ae\fold1\conditional_ae_z8_seed43/timing_mean train-only,True,max_abs_error=0.0; atol=1e-07; rtol=1e-06
conditional_ae\fold1\conditional_ae_z8_seed43/timing_std train-only,True,max_abs_error=0.0; atol=1e-07; rtol=1e-06
conditional_ae\fold1\conditional_ae_z8_seed43/validation objective,True,max_abs_error=0.0; atol=1e-10; rtol=1e-10
conditional_ae\fold1\conditional_ae_z8_seed43/selected epoch,True,
conditional_ae\fold1\conditional_ae_z8_seed43/KL schedule,True,max_abs_error=0.0; atol=1e-12; rtol=0
conditional_ae\fold1\conditional_ae_z8_seed43/saved objective,True,max_abs_error=0.0; atol=1e-10; rtol=1e-10
conditional_ae\fold1\conditional_ae_z8_seed43/independent encoder,True,max_abs_error=0.0; atol=2e-06; rtol=1e-05
conditional_ae\fold1\conditional_ae_z8_seed43/prediction IDs,True,
conditional_ae\fold1\conditional_ae_z8_seed43/true timing,True,max_abs_error=4.922790530770271e-08; atol=1e-07; rtol=1e-05
conditional_ae\fold1\conditional_ae_z8_seed43/independent timing predictions,True,max_abs_error=4.925994878668405e-08; atol=2e-06; rtol=2e-05
conditional_ae\fold1\conditional_ae_z8_seed43/independent trajectory MSE,True,max_abs_error=2.0368957409644395e-08; atol=2e-06; rtol=2e-05
conditional_ae\fold1\conditional_ae_z8_seed43/independent decoder trajectory,True,max_abs_error=0.0; atol=2e-06; rtol=1e-05
conditional_ae\fold1\conditional_ae_z8_seed43/independent decoder timing,True,max_abs_error=0.0; atol=2e-06; rtol=1e-05
conditional_ae\fold1\conditional_ae_z8_seed43/timing withheld,True,max_abs_error=0.0; atol=0; rtol=0
conditional_ae\fold1\conditional_ae_z8_seed43/variational sampling behaviour,True,
conditional_ae\fold1\conditional_ae_z8_seed43/condition gradients,True,"{'encoder_condition0_gradient': 8.808528900146484, 'decoder_condition0_gradient': 63.74578094482422, 'encoder_condition1_gradient': 6.551490783691406, 'decoder_condition1_gradient': 30.393457412719727, 'encoder_condition2_gradient': 2.8811075687408447, 'decoder_condition2_gradient': 27.545408248901367, 'encoder_condition3_gradient': 1.5156197547912598, 'decoder_condition3_gradient': 24.079076766967773, 'encoder_condition4_gradient': 5.996881008148193, 'decoder_condition4_gradient': 31.84990692138672}"
conditional_ae\fold1\conditional_ae_z8_seed43/condition swap behaviour,True,
conditional_ae\fold1\conditional_ae_z8_seed44/effective flags,True,
conditional_ae\fold1\conditional_ae_z8_seed44/train_mean train-only,True,max_abs_error=0.0; atol=1e-07; rtol=1e-06
conditional_ae\fold1\conditional_ae_z8_seed44/train_std train-only,True,max_abs_error=0.0; atol=1e-07; rtol=1e-06
conditional_ae\fold1\conditional_ae_z8_seed44/timing_mean train-only,True,max_abs_error=0.0; atol=1e-07; rtol=1e-06
conditional_ae\fold1\conditional_ae_z8_seed44/timing_std train-only,True,max_abs_error=0.0; atol=1e-07; rtol=1e-06
conditional_ae\fold1\conditional_ae_z8_seed44/validation objective,True,max_abs_error=0.0; atol=1e-10; rtol=1e-10
conditional_ae\fold1\conditional_ae_z8_seed44/selected epoch,True,
conditional_ae\fold1\conditional_ae_z8_seed44/KL schedule,True,max_abs_error=0.0; atol=1e-12; rtol=0
conditional_ae\fold1\conditional_ae_z8_seed44/saved objective,True,max_abs_error=0.0; atol=1e-10; rtol=1e-10
conditional_ae\fold1\conditional_ae_z8_seed44/independent encoder,True,max_abs_error=0.0; atol=2e-06; rtol=1e-05
conditional_ae\fold1\conditional_ae_z8_seed44/prediction IDs,True,
conditional_ae\fold1\conditional_ae_z8_seed44/true timing,True,max_abs_error=4.922790530770271e-08; atol=1e-07; rtol=1e-05
conditional_ae\fold1\conditional_ae_z8_seed44/independent timing predictions,True,max_abs_error=4.17449950163018e-08; atol=2e-06; rtol=2e-05
conditional_ae\fold1\conditional_ae_z8_seed44/independent trajectory MSE,True,max_abs_error=2.9404449430892043e-08; atol=2e-06; rtol=2e-05
conditional_ae\fold1\conditional_ae_z8_seed44/independent decoder trajectory,True,max_abs_error=0.0; atol=2e-06; rtol=1e-05
conditional_ae\fold1\conditional_ae_z8_seed44/independent decoder timing,True,max_abs_error=0.0; atol=2e-06; rtol=1e-05
conditional_ae\fold1\conditional_ae_z8_seed44/timing withheld,True,max_abs_error=0.0; atol=0; rtol=0
conditional_ae\fold1\conditional_ae_z8_seed44/variational sampling behaviour,True,
conditional_ae\fold1\conditional_ae_z8_seed44/condition gradients,True,"{'encoder_condition0_gradient': 12.218645095825195, 'decoder_condition0_gradient': 22.11431312561035, 'encoder_condition1_gradient': 7.725179672241211, 'decoder_condition1_gradient': 73.09645080566406, 'encoder_condition2_gradient': 6.8195390701293945, 'decoder_condition2_gradient': 86.4144515991211, 'encoder_condition3_gradient': 3.3248231410980225, 'decoder_condition3_gradient': 17.457788467407227, 'encoder_condition4_gradient': 10.313117980957031, 'decoder_condition4_gradient': 58.40446472167969}"
conditional_ae\fold1\conditional_ae_z8_seed44/condition swap behaviour,True,
conditional_ae\fold2\conditional_ae_z3_seed42/effective flags,True,
conditional_ae\fold2\conditional_ae_z3_seed42/train_mean train-only,True,max_abs_error=0.0; atol=1e-07; rtol=1e-06
conditional_ae\fold2\conditional_ae_z3_seed42/train_std train-only,True,max_abs_error=0.0; atol=1e-07; rtol=1e-06
conditional_ae\fold2\conditional_ae_z3_seed42/timing_mean train-only,True,max_abs_error=0.0; atol=1e-07; rtol=1e-06
conditional_ae\fold2\conditional_ae_z3_seed42/timing_std train-only,True,max_abs_error=0.0; atol=1e-07; rtol=1e-06
conditional_ae\fold2\conditional_ae_z3_seed42/validation objective,True,max_abs_error=0.0; atol=1e-10; rtol=1e-10
conditional_ae\fold2\conditional_ae_z3_seed42/selected epoch,True,
conditional_ae\fold2\conditional_ae_z3_seed42/KL schedule,True,max_abs_error=0.0; atol=1e-12; rtol=0
conditional_ae\fold2\conditional_ae_z3_seed42/saved objective,True,max_abs_error=0.0; atol=1e-10; rtol=1e-10
conditional_ae\fold2\conditional_ae_z3_seed42/independent encoder,True,max_abs_error=0.0; atol=2e-06; rtol=1e-05
conditional_ae\fold2\conditional_ae_z3_seed42/prediction IDs,True,
conditional_ae\fold2\conditional_ae_z3_seed42/true timing,True,max_abs_error=4.922790530770271e-08; atol=1e-07; rtol=1e-05
conditional_ae\fold2\conditional_ae_z3_seed42/independent timing predictions,True,max_abs_error=4.0386962885108346e-08; atol=2e-06; rtol=2e-05
conditional_ae\fold2\conditional_ae_z3_seed42/independent trajectory MSE,True,max_abs_error=4.5080566479782647e-07; atol=2e-06; rtol=2e-05
conditional_ae\fold2\conditional_ae_z3_seed42/independent decoder trajectory,True,max_abs_error=0.0; atol=2e-06; rtol=1e-05
conditional_ae\fold2\conditional_ae_z3_seed42/independent decoder timing,True,max_abs_error=0.0; atol=2e-06; rtol=1e-05
conditional_ae\fold2\conditional_ae_z3_seed42/timing withheld,True,max_abs_error=0.0; atol=0; rtol=0
conditional_ae\fold2\conditional_ae_z3_seed42/variational sampling behaviour,True,
conditional_ae\fold2\conditional_ae_z3_seed42/condition gradients,True,"{'encoder_condition0_gradient': 1.7208611965179443, 'decoder_condition0_gradient': 47.12549591064453, 'encoder_condition1_gradient': 2.420128345489502, 'decoder_condition1_gradient': 49.12228012084961, 'encoder_condition2_gradient': 1.6327728033065796, 'decoder_condition2_gradient': 58.399993896484375, 'encoder_condition3_gradient': 1.7948049306869507, 'decoder_condition3_gradient': 17.738922119140625, 'encoder_condition4_gradient': 2.369908094406128, 'decoder_condition4_gradient': 64.30682373046875}"
conditional_ae\fold2\conditional_ae_z3_seed42/condition swap behaviour,True,
conditional_ae\fold2\conditional_ae_z3_seed43/effective flags,True,
conditional_ae\fold2\conditional_ae_z3_seed43/train_mean train-only,True,max_abs_error=0.0; atol=1e-07; rtol=1e-06
conditional_ae\fold2\conditional_ae_z3_seed43/train_std train-only,True,max_abs_error=0.0; atol=1e-07; rtol=1e-06
conditional_ae\fold2\conditional_ae_z3_seed43/timing_mean train-only,True,max_abs_error=0.0; atol=1e-07; rtol=1e-06
conditional_ae\fold2\conditional_ae_z3_seed43/timing_std train-only,True,max_abs_error=0.0; atol=1e-07; rtol=1e-06
conditional_ae\fold2\conditional_ae_z3_seed43/validation objective,True,max_abs_error=0.0; atol=1e-10; rtol=1e-10
conditional_ae\fold2\conditional_ae_z3_seed43/selected epoch,True,
conditional_ae\fold2\conditional_ae_z3_seed43/KL schedule,True,max_abs_error=0.0; atol=1e-12; rtol=0
conditional_ae\fold2\conditional_ae_z3_seed43/saved objective,True,max_abs_error=0.0; atol=1e-10; rtol=1e-10
conditional_ae\fold2\conditional_ae_z3_seed43/independent encoder,True,max_abs_error=0.0; atol=2e-06; rtol=1e-05
conditional_ae\fold2\conditional_ae_z3_seed43/prediction IDs,True,
conditional_ae\fold2\conditional_ae_z3_seed43/true timing,True,max_abs_error=4.922790530770271e-08; atol=1e-07; rtol=1e-05
conditional_ae\fold2\conditional_ae_z3_seed43/independent timing predictions,True,max_abs_error=3.358612055137655e-08; atol=2e-06; rtol=2e-05
conditional_ae\fold2\conditional_ae_z3_seed43/independent trajectory MSE,True,max_abs_error=2.947998041236133e-07; atol=2e-06; rtol=2e-05
conditional_ae\fold2\conditional_ae_z3_seed43/independent decoder trajectory,True,max_abs_error=0.0; atol=2e-06; rtol=1e-05
conditional_ae\fold2\conditional_ae_z3_seed43/independent decoder timing,True,max_abs_error=0.0; atol=2e-06; rtol=1e-05
conditional_ae\fold2\conditional_ae_z3_seed43/timing withheld,True,max_abs_error=0.0; atol=0; rtol=0
conditional_ae\fold2\conditional_ae_z3_seed43/variational sampling behaviour,True,
conditional_ae\fold2\conditional_ae_z3_seed43/condition gradients,True,"{'encoder_condition0_gradient': 1.5152653455734253, 'decoder_condition0_gradient': 19.998004913330078, 'encoder_condition1_gradient': 1.7727887630462646, 'decoder_condition1_gradient': 16.564361572265625, 'encoder_condition2_gradient': 1.425650715827942, 'decoder_condition2_gradient': 17.8718204498291, 'encoder_condition3_gradient': 1.0806764364242554, 'decoder_condition3_gradient': 24.686838150024414, 'encoder_condition4_gradient': 1.894719123840332, 'decoder_condition4_gradient': 93.49829864501953}"
conditional_ae\fold2\conditional_ae_z3_seed43/condition swap behaviour,True,
conditional_ae\fold2\conditional_ae_z3_seed44/effective flags,True,
conditional_ae\fold2\conditional_ae_z3_seed44/train_mean train-only,True,max_abs_error=0.0; atol=1e-07; rtol=1e-06
conditional_ae\fold2\conditional_ae_z3_seed44/train_std train-only,True,max_abs_error=0.0; atol=1e-07; rtol=1e-06
conditional_ae\fold2\conditional_ae_z3_seed44/timing_mean train-only,True,max_abs_error=0.0; atol=1e-07; rtol=1e-06
conditional_ae\fold2\conditional_ae_z3_seed44/timing_std train-only,True,max_abs_error=0.0; atol=1e-07; rtol=1e-06
conditional_ae\fold2\conditional_ae_z3_seed44/validation objective,True,max_abs_error=0.0; atol=1e-10; rtol=1e-10
conditional_ae\fold2\conditional_ae_z3_seed44/selected epoch,True,
conditional_ae\fold2\conditional_ae_z3_seed44/KL schedule,True,max_abs_error=0.0; atol=1e-12; rtol=0
conditional_ae\fold2\conditional_ae_z3_seed44/saved objective,True,max_abs_error=0.0; atol=1e-10; rtol=1e-10
conditional_ae\fold2\conditional_ae_z3_seed44/independent encoder,True,max_abs_error=0.0; atol=2e-06; rtol=1e-05
conditional_ae\fold2\conditional_ae_z3_seed44/prediction IDs,True,
conditional_ae\fold2\conditional_ae_z3_seed44/true timing,True,max_abs_error=4.922790530770271e-08; atol=1e-07; rtol=1e-05
conditional_ae\fold2\conditional_ae_z3_seed44/independent timing predictions,True,max_abs_error=4.5512390078883413e-08; atol=2e-06; rtol=2e-05
conditional_ae\fold2\conditional_ae_z3_seed44/independent trajectory MSE,True,max_abs_error=7.446289096435521e-08; atol=2e-06; rtol=2e-05
conditional_ae\fold2\conditional_ae_z3_seed44/independent decoder trajectory,True,max_abs_error=0.0; atol=2e-06; rtol=1e-05
conditional_ae\fold2\conditional_ae_z3_seed44/independent decoder timing,True,max_abs_error=0.0; atol=2e-06; rtol=1e-05
conditional_ae\fold2\conditional_ae_z3_seed44/timing withheld,True,max_abs_error=0.0; atol=0; rtol=0
conditional_ae\fold2\conditional_ae_z3_seed44/variational sampling behaviour,True,
conditional_ae\fold2\conditional_ae_z3_seed44/condition gradients,True,"{'encoder_condition0_gradient': 1.1971577405929565, 'decoder_condition0_gradient': 12.15406608581543, 'encoder_condition1_gradient': 1.1926919221878052, 'decoder_condition1_gradient': 15.251363754272461, 'encoder_condition2_gradient': 1.2914655208587646, 'decoder_condition2_gradient': 69.24427795410156, 'encoder_condition3_gradient': 1.090274691581726, 'decoder_condition3_gradient': 31.309497833251953, 'encoder_condition4_gradient': 2.011549472808838, 'decoder_condition4_gradient': 66.90766906738281}"
conditional_ae\fold2\conditional_ae_z3_seed44/condition swap behaviour,True,
conditional_ae\fold2\conditional_ae_z8_seed42/effective flags,True,
conditional_ae\fold2\conditional_ae_z8_seed42/train_mean train-only,True,max_abs_error=0.0; atol=1e-07; rtol=1e-06
conditional_ae\fold2\conditional_ae_z8_seed42/train_std train-only,True,max_abs_error=0.0; atol=1e-07; rtol=1e-06
conditional_ae\fold2\conditional_ae_z8_seed42/timing_mean train-only,True,max_abs_error=0.0; atol=1e-07; rtol=1e-06
conditional_ae\fold2\conditional_ae_z8_seed42/timing_std train-only,True,max_abs_error=0.0; atol=1e-07; rtol=1e-06
conditional_ae\fold2\conditional_ae_z8_seed42/validation objective,True,max_abs_error=0.0; atol=1e-10; rtol=1e-10
conditional_ae\fold2\conditional_ae_z8_seed42/selected epoch,True,
conditional_ae\fold2\conditional_ae_z8_seed42/KL schedule,True,max_abs_error=0.0; atol=1e-12; rtol=0
conditional_ae\fold2\conditional_ae_z8_seed42/saved objective,True,max_abs_error=0.0; atol=1e-10; rtol=1e-10
conditional_ae\fold2\conditional_ae_z8_seed42/independent encoder,True,max_abs_error=0.0; atol=2e-06; rtol=1e-05
conditional_ae\fold2\conditional_ae_z8_seed42/prediction IDs,True,
conditional_ae\fold2\conditional_ae_z8_seed42/true timing,True,max_abs_error=4.922790530770271e-08; atol=1e-07; rtol=1e-05
conditional_ae\fold2\conditional_ae_z8_seed42/independent timing predictions,True,max_abs_error=4.0260314859708046e-08; atol=2e-06; rtol=2e-05
conditional_ae\fold2\conditional_ae_z8_seed42/independent trajectory MSE,True,max_abs_error=2.5387573265867047e-08; atol=2e-06; rtol=2e-05
conditional_ae\fold2\conditional_ae_z8_seed42/independent decoder trajectory,True,max_abs_error=0.0; atol=2e-06; rtol=1e-05
conditional_ae\fold2\conditional_ae_z8_seed42/independent decoder timing,True,max_abs_error=0.0; atol=2e-06; rtol=1e-05
conditional_ae\fold2\conditional_ae_z8_seed42/timing withheld,True,max_abs_error=0.0; atol=0; rtol=0
conditional_ae\fold2\conditional_ae_z8_seed42/variational sampling behaviour,True,
conditional_ae\fold2\conditional_ae_z8_seed42/condition gradients,True,"{'encoder_condition0_gradient': 3.1274256706237793, 'decoder_condition0_gradient': 17.37557029724121, 'encoder_condition1_gradient': 1.4256051778793335, 'decoder_condition1_gradient': 5.783149719238281, 'encoder_condition2_gradient': 1.119492769241333, 'decoder_condition2_gradient': 24.37397003173828, 'encoder_condition3_gradient': 0.8302263021469116, 'decoder_condition3_gradient': 7.008050441741943, 'encoder_condition4_gradient': 2.2555248737335205, 'decoder_condition4_gradient': 32.76040267944336}"
conditional_ae\fold2\conditional_ae_z8_seed42/condition swap behaviour,True,
conditional_ae\fold2\conditional_ae_z8_seed43/effective flags,True,
conditional_ae\fold2\conditional_ae_z8_seed43/train_mean train-only,True,max_abs_error=0.0; atol=1e-07; rtol=1e-06
conditional_ae\fold2\conditional_ae_z8_seed43/train_std train-only,True,max_abs_error=0.0; atol=1e-07; rtol=1e-06
conditional_ae\fold2\conditional_ae_z8_seed43/timing_mean train-only,True,max_abs_error=0.0; atol=1e-07; rtol=1e-06
conditional_ae\fold2\conditional_ae_z8_seed43/timing_std train-only,True,max_abs_error=0.0; atol=1e-07; rtol=1e-06
conditional_ae\fold2\conditional_ae_z8_seed43/validation objective,True,max_abs_error=0.0; atol=1e-10; rtol=1e-10
conditional_ae\fold2\conditional_ae_z8_seed43/selected epoch,True,
conditional_ae\fold2\conditional_ae_z8_seed43/KL schedule,True,max_abs_error=0.0; atol=1e-12; rtol=0
conditional_ae\fold2\conditional_ae_z8_seed43/saved objective,True,max_abs_error=0.0; atol=1e-10; rtol=1e-10
conditional_ae\fold2\conditional_ae_z8_seed43/independent encoder,True,max_abs_error=0.0; atol=2e-06; rtol=1e-05
conditional_ae\fold2\conditional_ae_z8_seed43/prediction IDs,True,
conditional_ae\fold2\conditional_ae_z8_seed43/true timing,True,max_abs_error=4.922790530770271e-08; atol=1e-07; rtol=1e-05
conditional_ae\fold2\conditional_ae_z8_seed43/independent timing predictions,True,max_abs_error=4.2840576197633595e-08; atol=2e-06; rtol=2e-05
conditional_ae\fold2\conditional_ae_z8_seed43/independent trajectory MSE,True,max_abs_error=2.8076171831870056e-08; atol=2e-06; rtol=2e-05
conditional_ae\fold2\conditional_ae_z8_seed43/independent decoder trajectory,True,max_abs_error=0.0; atol=2e-06; rtol=1e-05
conditional_ae\fold2\conditional_ae_z8_seed43/independent decoder timing,True,max_abs_error=0.0; atol=2e-06; rtol=1e-05
conditional_ae\fold2\conditional_ae_z8_seed43/timing withheld,True,max_abs_error=0.0; atol=0; rtol=0
conditional_ae\fold2\conditional_ae_z8_seed43/variational sampling behaviour,True,
conditional_ae\fold2\conditional_ae_z8_seed43/condition gradients,True,"{'encoder_condition0_gradient': 4.019991874694824, 'decoder_condition0_gradient': 20.244524002075195, 'encoder_condition1_gradient': 1.0917863845825195, 'decoder_condition1_gradient': 7.625375747680664, 'encoder_condition2_gradient': 2.0888805389404297, 'decoder_condition2_gradient': 8.582908630371094, 'encoder_condition3_gradient': 0.42995303869247437, 'decoder_condition3_gradient': 7.597410678863525, 'encoder_condition4_gradient': 3.4224166870117188, 'decoder_condition4_gradient': 22.968908309936523}"
conditional_ae\fold2\conditional_ae_z8_seed43/condition swap behaviour,True,
conditional_ae\fold2\conditional_ae_z8_seed44/effective flags,True,
conditional_ae\fold2\conditional_ae_z8_seed44/train_mean train-only,True,max_abs_error=0.0; atol=1e-07; rtol=1e-06
conditional_ae\fold2\conditional_ae_z8_seed44/train_std train-only,True,max_abs_error=0.0; atol=1e-07; rtol=1e-06
conditional_ae\fold2\conditional_ae_z8_seed44/timing_mean train-only,True,max_abs_error=0.0; atol=1e-07; rtol=1e-06
conditional_ae\fold2\conditional_ae_z8_seed44/timing_std train-only,True,max_abs_error=0.0; atol=1e-07; rtol=1e-06
conditional_ae\fold2\conditional_ae_z8_seed44/validation objective,True,max_abs_error=0.0; atol=1e-10; rtol=1e-10
conditional_ae\fold2\conditional_ae_z8_seed44/selected epoch,True,
conditional_ae\fold2\conditional_ae_z8_seed44/KL schedule,True,max_abs_error=0.0; atol=1e-12; rtol=0
conditional_ae\fold2\conditional_ae_z8_seed44/saved objective,True,max_abs_error=0.0; atol=1e-10; rtol=1e-10
conditional_ae\fold2\conditional_ae_z8_seed44/independent encoder,True,max_abs_error=0.0; atol=2e-06; rtol=1e-05
conditional_ae\fold2\conditional_ae_z8_seed44/prediction IDs,True,
conditional_ae\fold2\conditional_ae_z8_seed44/true timing,True,max_abs_error=4.922790530770271e-08; atol=1e-07; rtol=1e-05
conditional_ae\fold2\conditional_ae_z8_seed44/independent timing predictions,True,max_abs_error=4.322357183283998e-08; atol=2e-06; rtol=2e-05
conditional_ae\fold2\conditional_ae_z8_seed44/independent trajectory MSE,True,max_abs_error=5.030822758378406e-08; atol=2e-06; rtol=2e-05
conditional_ae\fold2\conditional_ae_z8_seed44/independent decoder trajectory,True,max_abs_error=0.0; atol=2e-06; rtol=1e-05
conditional_ae\fold2\conditional_ae_z8_seed44/independent decoder timing,True,max_abs_error=0.0; atol=2e-06; rtol=1e-05
conditional_ae\fold2\conditional_ae_z8_seed44/timing withheld,True,max_abs_error=0.0; atol=0; rtol=0
conditional_ae\fold2\conditional_ae_z8_seed44/variational sampling behaviour,True,
conditional_ae\fold2\conditional_ae_z8_seed44/condition gradients,True,"{'encoder_condition0_gradient': 3.4969959259033203, 'decoder_condition0_gradient': 7.790280342102051, 'encoder_condition1_gradient': 2.4024198055267334, 'decoder_condition1_gradient': 9.476123809814453, 'encoder_condition2_gradient': 0.9130709171295166, 'decoder_condition2_gradient': 10.476407051086426, 'encoder_condition3_gradient': 1.1483638286590576, 'decoder_condition3_gradient': 10.171911239624023, 'encoder_condition4_gradient': 2.9677529335021973, 'decoder_condition4_gradient': 20.473737716674805}"
conditional_ae\fold2\conditional_ae_z8_seed44/condition swap behaviour,True,
conditional_ae\fold3\conditional_ae_z3_seed42/effective flags,True,
conditional_ae\fold3\conditional_ae_z3_seed42/train_mean train-only,True,max_abs_error=0.0; atol=1e-07; rtol=1e-06
conditional_ae\fold3\conditional_ae_z3_seed42/train_std train-only,True,max_abs_error=0.0; atol=1e-07; rtol=1e-06
conditional_ae\fold3\conditional_ae_z3_seed42/timing_mean train-only,True,max_abs_error=0.0; atol=1e-07; rtol=1e-06
conditional_ae\fold3\conditional_ae_z3_seed42/timing_std train-only,True,max_abs_error=0.0; atol=1e-07; rtol=1e-06
conditional_ae\fold3\conditional_ae_z3_seed42/validation objective,True,max_abs_error=0.0; atol=1e-10; rtol=1e-10
conditional_ae\fold3\conditional_ae_z3_seed42/selected epoch,True,
conditional_ae\fold3\conditional_ae_z3_seed42/KL schedule,True,max_abs_error=0.0; atol=1e-12; rtol=0
conditional_ae\fold3\conditional_ae_z3_seed42/saved objective,True,max_abs_error=0.0; atol=1e-10; rtol=1e-10
conditional_ae\fold3\conditional_ae_z3_seed42/independent encoder,True,max_abs_error=0.0; atol=2e-06; rtol=1e-05
conditional_ae\fold3\conditional_ae_z3_seed42/prediction IDs,True,
conditional_ae\fold3\conditional_ae_z3_seed42/true timing,True,max_abs_error=4.768371586472142e-08; atol=1e-07; rtol=1e-05
conditional_ae\fold3\conditional_ae_z3_seed42/independent timing predictions,True,max_abs_error=5.9494018600503296e-08; atol=2e-06; rtol=2e-05
conditional_ae\fold3\conditional_ae_z3_seed42/independent trajectory MSE,True,max_abs_error=2.3358154344066406e-07; atol=2e-06; rtol=2e-05
conditional_ae\fold3\conditional_ae_z3_seed42/independent decoder trajectory,True,max_abs_error=0.0; atol=2e-06; rtol=1e-05
conditional_ae\fold3\conditional_ae_z3_seed42/independent decoder timing,True,max_abs_error=0.0; atol=2e-06; rtol=1e-05
conditional_ae\fold3\conditional_ae_z3_seed42/timing withheld,True,max_abs_error=0.0; atol=0; rtol=0
conditional_ae\fold3\conditional_ae_z3_seed42/variational sampling behaviour,True,
conditional_ae\fold3\conditional_ae_z3_seed42/condition gradients,True,"{'encoder_condition0_gradient': 8.904535293579102, 'decoder_condition0_gradient': 85.61486053466797, 'encoder_condition1_gradient': 2.3971874713897705, 'decoder_condition1_gradient': 86.53645324707031, 'encoder_condition2_gradient': 10.187823295593262, 'decoder_condition2_gradient': 165.70619201660156, 'encoder_condition3_gradient': 6.921773433685303, 'decoder_condition3_gradient': 39.98786163330078, 'encoder_condition4_gradient': 11.285455703735352, 'decoder_condition4_gradient': 103.99807739257812}"
conditional_ae\fold3\conditional_ae_z3_seed42/condition swap behaviour,True,
conditional_ae\fold3\conditional_ae_z3_seed43/effective flags,True,
conditional_ae\fold3\conditional_ae_z3_seed43/train_mean train-only,True,max_abs_error=0.0; atol=1e-07; rtol=1e-06
conditional_ae\fold3\conditional_ae_z3_seed43/train_std train-only,True,max_abs_error=0.0; atol=1e-07; rtol=1e-06
conditional_ae\fold3\conditional_ae_z3_seed43/timing_mean train-only,True,max_abs_error=0.0; atol=1e-07; rtol=1e-06
conditional_ae\fold3\conditional_ae_z3_seed43/timing_std train-only,True,max_abs_error=0.0; atol=1e-07; rtol=1e-06
conditional_ae\fold3\conditional_ae_z3_seed43/validation objective,True,max_abs_error=0.0; atol=1e-10; rtol=1e-10
conditional_ae\fold3\conditional_ae_z3_seed43/selected epoch,True,
conditional_ae\fold3\conditional_ae_z3_seed43/KL schedule,True,max_abs_error=0.0; atol=1e-12; rtol=0
conditional_ae\fold3\conditional_ae_z3_seed43/saved objective,True,max_abs_error=0.0; atol=1e-10; rtol=1e-10
conditional_ae\fold3\conditional_ae_z3_seed43/independent encoder,True,max_abs_error=0.0; atol=2e-06; rtol=1e-05
conditional_ae\fold3\conditional_ae_z3_seed43/prediction IDs,True,
conditional_ae\fold3\conditional_ae_z3_seed43/true timing,True,max_abs_error=4.768371586472142e-08; atol=1e-07; rtol=1e-05
conditional_ae\fold3\conditional_ae_z3_seed43/independent timing predictions,True,max_abs_error=2.678756716445463e-08; atol=2e-06; rtol=2e-05
conditional_ae\fold3\conditional_ae_z3_seed43/independent trajectory MSE,True,max_abs_error=3.637084962093695e-07; atol=2e-06; rtol=2e-05
conditional_ae\fold3\conditional_ae_z3_seed43/independent decoder trajectory,True,max_abs_error=0.0; atol=2e-06; rtol=1e-05
conditional_ae\fold3\conditional_ae_z3_seed43/independent decoder timing,True,max_abs_error=0.0; atol=2e-06; rtol=1e-05
conditional_ae\fold3\conditional_ae_z3_seed43/timing withheld,True,max_abs_error=0.0; atol=0; rtol=0
conditional_ae\fold3\conditional_ae_z3_seed43/variational sampling behaviour,True,
conditional_ae\fold3\conditional_ae_z3_seed43/condition gradients,True,"{'encoder_condition0_gradient': 2.171123743057251, 'decoder_condition0_gradient': 53.52024841308594, 'encoder_condition1_gradient': 0.7267976403236389, 'decoder_condition1_gradient': 32.282386779785156, 'encoder_condition2_gradient': 2.5463762283325195, 'decoder_condition2_gradient': 23.097835540771484, 'encoder_condition3_gradient': 1.8331714868545532, 'decoder_condition3_gradient': 22.316587448120117, 'encoder_condition4_gradient': 3.1502561569213867, 'decoder_condition4_gradient': 230.61026000976562}"
conditional_ae\fold3\conditional_ae_z3_seed43/condition swap behaviour,True,
conditional_ae\fold3\conditional_ae_z3_seed44/effective flags,True,
conditional_ae\fold3\conditional_ae_z3_seed44/train_mean train-only,True,max_abs_error=0.0; atol=1e-07; rtol=1e-06
conditional_ae\fold3\conditional_ae_z3_seed44/train_std train-only,True,max_abs_error=0.0; atol=1e-07; rtol=1e-06
conditional_ae\fold3\conditional_ae_z3_seed44/timing_mean train-only,True,max_abs_error=0.0; atol=1e-07; rtol=1e-06
conditional_ae\fold3\conditional_ae_z3_seed44/timing_std train-only,True,max_abs_error=0.0; atol=1e-07; rtol=1e-06
conditional_ae\fold3\conditional_ae_z3_seed44/validation objective,True,max_abs_error=0.0; atol=1e-10; rtol=1e-10
conditional_ae\fold3\conditional_ae_z3_seed44/selected epoch,True,
conditional_ae\fold3\conditional_ae_z3_seed44/KL schedule,True,max_abs_error=0.0; atol=1e-12; rtol=0
conditional_ae\fold3\conditional_ae_z3_seed44/saved objective,True,max_abs_error=0.0; atol=1e-10; rtol=1e-10
conditional_ae\fold3\conditional_ae_z3_seed44/independent encoder,True,max_abs_error=0.0; atol=2e-06; rtol=1e-05
conditional_ae\fold3\conditional_ae_z3_seed44/prediction IDs,True,
conditional_ae\fold3\conditional_ae_z3_seed44/true timing,True,max_abs_error=4.768371586472142e-08; atol=1e-07; rtol=1e-05
conditional_ae\fold3\conditional_ae_z3_seed44/independent timing predictions,True,max_abs_error=2.8057861367614123e-08; atol=2e-06; rtol=2e-05
conditional_ae\fold3\conditional_ae_z3_seed44/independent trajectory MSE,True,max_abs_error=5.6884765342601895e-08; atol=2e-06; rtol=2e-05
conditional_ae\fold3\conditional_ae_z3_seed44/independent decoder trajectory,True,max_abs_error=0.0; atol=2e-06; rtol=1e-05
conditional_ae\fold3\conditional_ae_z3_seed44/independent decoder timing,True,max_abs_error=0.0; atol=2e-06; rtol=1e-05
conditional_ae\fold3\conditional_ae_z3_seed44/timing withheld,True,max_abs_error=0.0; atol=0; rtol=0
conditional_ae\fold3\conditional_ae_z3_seed44/variational sampling behaviour,True,
conditional_ae\fold3\conditional_ae_z3_seed44/condition gradients,True,"{'encoder_condition0_gradient': 3.963761329650879, 'decoder_condition0_gradient': 124.21923828125, 'encoder_condition1_gradient': 3.1112029552459717, 'decoder_condition1_gradient': 128.08242797851562, 'encoder_condition2_gradient': 11.467137336730957, 'decoder_condition2_gradient': 190.52528381347656, 'encoder_condition3_gradient': 17.777103424072266, 'decoder_condition3_gradient': 63.610076904296875, 'encoder_condition4_gradient': 10.551215171813965, 'decoder_condition4_gradient': 282.2291259765625}"
conditional_ae\fold3\conditional_ae_z3_seed44/condition swap behaviour,True,
conditional_ae\fold3\conditional_ae_z8_seed42/effective flags,True,
conditional_ae\fold3\conditional_ae_z8_seed42/train_mean train-only,True,max_abs_error=0.0; atol=1e-07; rtol=1e-06
conditional_ae\fold3\conditional_ae_z8_seed42/train_std train-only,True,max_abs_error=0.0; atol=1e-07; rtol=1e-06
conditional_ae\fold3\conditional_ae_z8_seed42/timing_mean train-only,True,max_abs_error=0.0; atol=1e-07; rtol=1e-06
conditional_ae\fold3\conditional_ae_z8_seed42/timing_std train-only,True,max_abs_error=0.0; atol=1e-07; rtol=1e-06
conditional_ae\fold3\conditional_ae_z8_seed42/validation objective,True,max_abs_error=0.0; atol=1e-10; rtol=1e-10
conditional_ae\fold3\conditional_ae_z8_seed42/selected epoch,True,
conditional_ae\fold3\conditional_ae_z8_seed42/KL schedule,True,max_abs_error=0.0; atol=1e-12; rtol=0
conditional_ae\fold3\conditional_ae_z8_seed42/saved objective,True,max_abs_error=0.0; atol=1e-10; rtol=1e-10
conditional_ae\fold3\conditional_ae_z8_seed42/independent encoder,True,max_abs_error=0.0; atol=2e-06; rtol=1e-05
conditional_ae\fold3\conditional_ae_z8_seed42/prediction IDs,True,
conditional_ae\fold3\conditional_ae_z8_seed42/true timing,True,max_abs_error=4.768371586472142e-08; atol=1e-07; rtol=1e-05
conditional_ae\fold3\conditional_ae_z8_seed42/independent timing predictions,True,max_abs_error=2.956771849582651e-08; atol=2e-06; rtol=2e-05
conditional_ae\fold3\conditional_ae_z8_seed42/independent trajectory MSE,True,max_abs_error=3.7521362239445466e-08; atol=2e-06; rtol=2e-05
conditional_ae\fold3\conditional_ae_z8_seed42/independent decoder trajectory,True,max_abs_error=0.0; atol=2e-06; rtol=1e-05
conditional_ae\fold3\conditional_ae_z8_seed42/independent decoder timing,True,max_abs_error=0.0; atol=2e-06; rtol=1e-05
conditional_ae\fold3\conditional_ae_z8_seed42/timing withheld,True,max_abs_error=0.0; atol=0; rtol=0
conditional_ae\fold3\conditional_ae_z8_seed42/variational sampling behaviour,True,
conditional_ae\fold3\conditional_ae_z8_seed42/condition gradients,True,"{'encoder_condition0_gradient': 22.046947479248047, 'decoder_condition0_gradient': 48.21222686767578, 'encoder_condition1_gradient': 18.436359405517578, 'decoder_condition1_gradient': 59.3812255859375, 'encoder_condition2_gradient': 6.932107448577881, 'decoder_condition2_gradient': 86.86225128173828, 'encoder_condition3_gradient': 2.8113906383514404, 'decoder_condition3_gradient': 68.8781967163086, 'encoder_condition4_gradient': 24.07805061340332, 'decoder_condition4_gradient': 55.23870086669922}"
conditional_ae\fold3\conditional_ae_z8_seed42/condition swap behaviour,True,
conditional_ae\fold3\conditional_ae_z8_seed43/effective flags,True,
conditional_ae\fold3\conditional_ae_z8_seed43/train_mean train-only,True,max_abs_error=0.0; atol=1e-07; rtol=1e-06
conditional_ae\fold3\conditional_ae_z8_seed43/train_std train-only,True,max_abs_error=0.0; atol=1e-07; rtol=1e-06
conditional_ae\fold3\conditional_ae_z8_seed43/timing_mean train-only,True,max_abs_error=0.0; atol=1e-07; rtol=1e-06
conditional_ae\fold3\conditional_ae_z8_seed43/timing_std train-only,True,max_abs_error=0.0; atol=1e-07; rtol=1e-06
conditional_ae\fold3\conditional_ae_z8_seed43/validation objective,True,max_abs_error=0.0; atol=1e-10; rtol=1e-10
conditional_ae\fold3\conditional_ae_z8_seed43/selected epoch,True,
conditional_ae\fold3\conditional_ae_z8_seed43/KL schedule,True,max_abs_error=0.0; atol=1e-12; rtol=0
conditional_ae\fold3\conditional_ae_z8_seed43/saved objective,True,max_abs_error=0.0; atol=1e-10; rtol=1e-10
conditional_ae\fold3\conditional_ae_z8_seed43/independent encoder,True,max_abs_error=0.0; atol=2e-06; rtol=1e-05
conditional_ae\fold3\conditional_ae_z8_seed43/prediction IDs,True,
conditional_ae\fold3\conditional_ae_z8_seed43/true timing,True,max_abs_error=4.768371586472142e-08; atol=1e-07; rtol=1e-05
conditional_ae\fold3\conditional_ae_z8_seed43/independent timing predictions,True,max_abs_error=1.2646484037759365e-07; atol=2e-06; rtol=2e-05
conditional_ae\fold3\conditional_ae_z8_seed43/independent trajectory MSE,True,max_abs_error=4.231262185072637e-08; atol=2e-06; rtol=2e-05
conditional_ae\fold3\conditional_ae_z8_seed43/independent decoder trajectory,True,max_abs_error=0.0; atol=2e-06; rtol=1e-05
conditional_ae\fold3\conditional_ae_z8_seed43/independent decoder timing,True,max_abs_error=0.0; atol=2e-06; rtol=1e-05
conditional_ae\fold3\conditional_ae_z8_seed43/timing withheld,True,max_abs_error=0.0; atol=0; rtol=0
conditional_ae\fold3\conditional_ae_z8_seed43/variational sampling behaviour,True,
conditional_ae\fold3\conditional_ae_z8_seed43/condition gradients,True,"{'encoder_condition0_gradient': 30.061159133911133, 'decoder_condition0_gradient': 59.763771057128906, 'encoder_condition1_gradient': 13.320259094238281, 'decoder_condition1_gradient': 40.39711380004883, 'encoder_condition2_gradient': 12.72934341430664, 'decoder_condition2_gradient': 37.40480422973633, 'encoder_condition3_gradient': 2.7894833087921143, 'decoder_condition3_gradient': 22.384174346923828, 'encoder_condition4_gradient': 27.47040367126465, 'decoder_condition4_gradient': 73.89241027832031}"
conditional_ae\fold3\conditional_ae_z8_seed43/condition swap behaviour,True,
conditional_ae\fold3\conditional_ae_z8_seed44/effective flags,True,
conditional_ae\fold3\conditional_ae_z8_seed44/train_mean train-only,True,max_abs_error=0.0; atol=1e-07; rtol=1e-06
conditional_ae\fold3\conditional_ae_z8_seed44/train_std train-only,True,max_abs_error=0.0; atol=1e-07; rtol=1e-06
conditional_ae\fold3\conditional_ae_z8_seed44/timing_mean train-only,True,max_abs_error=0.0; atol=1e-07; rtol=1e-06
conditional_ae\fold3\conditional_ae_z8_seed44/timing_std train-only,True,max_abs_error=0.0; atol=1e-07; rtol=1e-06
conditional_ae\fold3\conditional_ae_z8_seed44/validation objective,True,max_abs_error=0.0; atol=1e-10; rtol=1e-10
conditional_ae\fold3\conditional_ae_z8_seed44/selected epoch,True,
conditional_ae\fold3\conditional_ae_z8_seed44/KL schedule,True,max_abs_error=0.0; atol=1e-12; rtol=0
conditional_ae\fold3\conditional_ae_z8_seed44/saved objective,True,max_abs_error=0.0; atol=1e-10; rtol=1e-10
conditional_ae\fold3\conditional_ae_z8_seed44/independent encoder,True,max_abs_error=0.0; atol=2e-06; rtol=1e-05
conditional_ae\fold3\conditional_ae_z8_seed44/prediction IDs,True,
conditional_ae\fold3\conditional_ae_z8_seed44/true timing,True,max_abs_error=4.768371586472142e-08; atol=1e-07; rtol=1e-05
conditional_ae\fold3\conditional_ae_z8_seed44/independent timing predictions,True,max_abs_error=4.694976807328999e-08; atol=2e-06; rtol=2e-05
conditional_ae\fold3\conditional_ae_z8_seed44/independent trajectory MSE,True,max_abs_error=4.135589604103984e-08; atol=2e-06; rtol=2e-05
conditional_ae\fold3\conditional_ae_z8_seed44/independent decoder trajectory,True,max_abs_error=0.0; atol=2e-06; rtol=1e-05
conditional_ae\fold3\conditional_ae_z8_seed44/independent decoder timing,True,max_abs_error=0.0; atol=2e-06; rtol=1e-05
conditional_ae\fold3\conditional_ae_z8_seed44/timing withheld,True,max_abs_error=0.0; atol=0; rtol=0
conditional_ae\fold3\conditional_ae_z8_seed44/variational sampling behaviour,True,
conditional_ae\fold3\conditional_ae_z8_seed44/condition gradients,True,"{'encoder_condition0_gradient': 23.65880584716797, 'decoder_condition0_gradient': 41.27407455444336, 'encoder_condition1_gradient': 9.674400329589844, 'decoder_condition1_gradient': 77.49091339111328, 'encoder_condition2_gradient': 18.91887664794922, 'decoder_condition2_gradient': 24.498403549194336, 'encoder_condition3_gradient': 9.06058406829834, 'decoder_condition3_gradient': 24.68057632446289, 'encoder_condition4_gradient': 29.578659057617188, 'decoder_condition4_gradient': 43.94245147705078}"
conditional_ae\fold3\conditional_ae_z8_seed44/condition swap behaviour,True,
cvae\fold0\cvae_z2_seed42/effective flags,True,
cvae\fold0\cvae_z2_seed42/train_mean train-only,True,max_abs_error=0.0; atol=1e-07; rtol=1e-06
cvae\fold0\cvae_z2_seed42/train_std train-only,True,max_abs_error=0.0; atol=1e-07; rtol=1e-06
cvae\fold0\cvae_z2_seed42/timing_mean train-only,True,max_abs_error=0.0; atol=1e-07; rtol=1e-06
cvae\fold0\cvae_z2_seed42/timing_std train-only,True,max_abs_error=0.0; atol=1e-07; rtol=1e-06
cvae\fold0\cvae_z2_seed42/validation objective,True,max_abs_error=0.0; atol=1e-10; rtol=1e-10
cvae\fold0\cvae_z2_seed42/selected epoch,True,
cvae\fold0\cvae_z2_seed42/KL schedule,True,max_abs_error=0.0; atol=1e-12; rtol=0
cvae\fold0\cvae_z2_seed42/saved objective,True,max_abs_error=0.0; atol=1e-10; rtol=1e-10
cvae\fold0\cvae_z2_seed42/independent encoder,True,max_abs_error=0.0; atol=2e-06; rtol=1e-05
cvae\fold0\cvae_z2_seed42/prediction IDs,True,
cvae\fold0\cvae_z2_seed42/true timing,True,max_abs_error=2.6930236707300992e-08; atol=1e-07; rtol=1e-05
cvae\fold0\cvae_z2_seed42/independent timing predictions,True,max_abs_error=2.4472808890507736e-08; atol=2e-06; rtol=2e-05
cvae\fold0\cvae_z2_seed42/independent trajectory MSE,True,max_abs_error=1.051330564827424e-07; atol=2e-06; rtol=2e-05
cvae\fold0\cvae_z2_seed42/independent decoder trajectory,True,max_abs_error=0.0; atol=2e-06; rtol=1e-05
cvae\fold0\cvae_z2_seed42/independent decoder timing,True,max_abs_error=0.0; atol=2e-06; rtol=1e-05
cvae\fold0\cvae_z2_seed42/timing withheld,True,max_abs_error=0.0; atol=0; rtol=0
cvae\fold0\cvae_z2_seed42/variational sampling behaviour,True,
cvae\fold0\cvae_z2_seed42/condition gradients,True,"{'encoder_condition0_gradient': 0.38890722393989563, 'decoder_condition0_gradient': 30.907711029052734, 'encoder_condition1_gradient': 0.22450509667396545, 'decoder_condition1_gradient': 36.26275634765625, 'encoder_condition2_gradient': 0.2781907916069031, 'decoder_condition2_gradient': 42.53357696533203, 'encoder_condition3_gradient': 0.46599483489990234, 'decoder_condition3_gradient': 33.5251579284668, 'encoder_condition4_gradient': 0.47644880414009094, 'decoder_condition4_gradient': 30.070114135742188}"
cvae\fold0\cvae_z2_seed42/condition swap behaviour,True,
cvae\fold0\cvae_z2_seed43/effective flags,True,
cvae\fold0\cvae_z2_seed43/train_mean train-only,True,max_abs_error=0.0; atol=1e-07; rtol=1e-06
cvae\fold0\cvae_z2_seed43/train_std train-only,True,max_abs_error=0.0; atol=1e-07; rtol=1e-06
cvae\fold0\cvae_z2_seed43/timing_mean train-only,True,max_abs_error=0.0; atol=1e-07; rtol=1e-06
cvae\fold0\cvae_z2_seed43/timing_std train-only,True,max_abs_error=0.0; atol=1e-07; rtol=1e-06
cvae\fold0\cvae_z2_seed43/validation objective,True,max_abs_error=0.0; atol=1e-10; rtol=1e-10
cvae\fold0\cvae_z2_seed43/selected epoch,True,
cvae\fold0\cvae_z2_seed43/KL schedule,True,max_abs_error=0.0; atol=1e-12; rtol=0
cvae\fold0\cvae_z2_seed43/saved objective,True,max_abs_error=0.0; atol=1e-10; rtol=1e-10
cvae\fold0\cvae_z2_seed43/independent encoder,True,max_abs_error=0.0; atol=2e-06; rtol=1e-05
cvae\fold0\cvae_z2_seed43/prediction IDs,True,
cvae\fold0\cvae_z2_seed43/true timing,True,max_abs_error=2.6930236707300992e-08; atol=1e-07; rtol=1e-05
cvae\fold0\cvae_z2_seed43/independent timing predictions,True,max_abs_error=2.1409606976163786e-08; atol=2e-06; rtol=2e-05
cvae\fold0\cvae_z2_seed43/independent trajectory MSE,True,max_abs_error=4.896240235474636e-08; atol=2e-06; rtol=2e-05
cvae\fold0\cvae_z2_seed43/independent decoder trajectory,True,max_abs_error=0.0; atol=2e-06; rtol=1e-05
cvae\fold0\cvae_z2_seed43/independent decoder timing,True,max_abs_error=0.0; atol=2e-06; rtol=1e-05
cvae\fold0\cvae_z2_seed43/timing withheld,True,max_abs_error=0.0; atol=0; rtol=0
cvae\fold0\cvae_z2_seed43/variational sampling behaviour,True,
cvae\fold0\cvae_z2_seed43/condition gradients,True,"{'encoder_condition0_gradient': 0.303842693567276, 'decoder_condition0_gradient': 13.286215782165527, 'encoder_condition1_gradient': 0.35958346724510193, 'decoder_condition1_gradient': 7.6203460693359375, 'encoder_condition2_gradient': 0.2529517114162445, 'decoder_condition2_gradient': 6.653594017028809, 'encoder_condition3_gradient': 0.33842381834983826, 'decoder_condition3_gradient': 18.967082977294922, 'encoder_condition4_gradient': 0.36672741174697876, 'decoder_condition4_gradient': 33.360931396484375}"
cvae\fold0\cvae_z2_seed43/condition swap behaviour,True,
cvae\fold0\cvae_z2_seed44/effective flags,True,
cvae\fold0\cvae_z2_seed44/train_mean train-only,True,max_abs_error=0.0; atol=1e-07; rtol=1e-06
cvae\fold0\cvae_z2_seed44/train_std train-only,True,max_abs_error=0.0; atol=1e-07; rtol=1e-06
cvae\fold0\cvae_z2_seed44/timing_mean train-only,True,max_abs_error=0.0; atol=1e-07; rtol=1e-06
cvae\fold0\cvae_z2_seed44/timing_std train-only,True,max_abs_error=0.0; atol=1e-07; rtol=1e-06
cvae\fold0\cvae_z2_seed44/validation objective,True,max_abs_error=0.0; atol=1e-10; rtol=1e-10
cvae\fold0\cvae_z2_seed44/selected epoch,True,
cvae\fold0\cvae_z2_seed44/KL schedule,True,max_abs_error=0.0; atol=1e-12; rtol=0
cvae\fold0\cvae_z2_seed44/saved objective,True,max_abs_error=0.0; atol=1e-10; rtol=1e-10
cvae\fold0\cvae_z2_seed44/independent encoder,True,max_abs_error=0.0; atol=2e-06; rtol=1e-05
cvae\fold0\cvae_z2_seed44/prediction IDs,True,
cvae\fold0\cvae_z2_seed44/true timing,True,max_abs_error=2.6930236707300992e-08; atol=1e-07; rtol=1e-05
cvae\fold0\cvae_z2_seed44/independent timing predictions,True,max_abs_error=3.055572506127646e-08; atol=2e-06; rtol=2e-05
cvae\fold0\cvae_z2_seed44/independent trajectory MSE,True,max_abs_error=3.247070310408162e-07; atol=2e-06; rtol=2e-05
cvae\fold0\cvae_z2_seed44/independent decoder trajectory,True,max_abs_error=0.0; atol=2e-06; rtol=1e-05
cvae\fold0\cvae_z2_seed44/independent decoder timing,True,max_abs_error=0.0; atol=2e-06; rtol=1e-05
cvae\fold0\cvae_z2_seed44/timing withheld,True,max_abs_error=0.0; atol=0; rtol=0
cvae\fold0\cvae_z2_seed44/variational sampling behaviour,True,
cvae\fold0\cvae_z2_seed44/condition gradients,True,"{'encoder_condition0_gradient': 0.1459745317697525, 'decoder_condition0_gradient': 13.749675750732422, 'encoder_condition1_gradient': 0.28084874153137207, 'decoder_condition1_gradient': 22.6718692779541, 'encoder_condition2_gradient': 0.5732357501983643, 'decoder_condition2_gradient': 40.89769744873047, 'encoder_condition3_gradient': 0.49470165371894836, 'decoder_condition3_gradient': 31.511051177978516, 'encoder_condition4_gradient': 0.3754573464393616, 'decoder_condition4_gradient': 27.05469512939453}"
cvae\fold0\cvae_z2_seed44/condition swap behaviour,True,
cvae\fold0\cvae_z3_seed42/effective flags,True,
cvae\fold0\cvae_z3_seed42/train_mean train-only,True,max_abs_error=0.0; atol=1e-07; rtol=1e-06
cvae\fold0\cvae_z3_seed42/train_std train-only,True,max_abs_error=0.0; atol=1e-07; rtol=1e-06
cvae\fold0\cvae_z3_seed42/timing_mean train-only,True,max_abs_error=0.0; atol=1e-07; rtol=1e-06
cvae\fold0\cvae_z3_seed42/timing_std train-only,True,max_abs_error=0.0; atol=1e-07; rtol=1e-06
cvae\fold0\cvae_z3_seed42/validation objective,True,max_abs_error=0.0; atol=1e-10; rtol=1e-10
cvae\fold0\cvae_z3_seed42/selected epoch,True,
cvae\fold0\cvae_z3_seed42/KL schedule,True,max_abs_error=0.0; atol=1e-12; rtol=0
cvae\fold0\cvae_z3_seed42/saved objective,True,max_abs_error=0.0; atol=1e-10; rtol=1e-10
cvae\fold0\cvae_z3_seed42/independent encoder,True,max_abs_error=0.0; atol=2e-06; rtol=1e-05
cvae\fold0\cvae_z3_seed42/prediction IDs,True,
cvae\fold0\cvae_z3_seed42/true timing,True,max_abs_error=2.6930236707300992e-08; atol=1e-07; rtol=1e-05
cvae\fold0\cvae_z3_seed42/independent timing predictions,True,max_abs_error=2.6385498008707486e-08; atol=2e-06; rtol=2e-05
cvae\fold0\cvae_z3_seed42/independent trajectory MSE,True,max_abs_error=4.902343753165894e-08; atol=2e-06; rtol=2e-05
cvae\fold0\cvae_z3_seed42/independent decoder trajectory,True,max_abs_error=0.0; atol=2e-06; rtol=1e-05
cvae\fold0\cvae_z3_seed42/independent decoder timing,True,max_abs_error=0.0; atol=2e-06; rtol=1e-05
cvae\fold0\cvae_z3_seed42/timing withheld,True,max_abs_error=0.0; atol=0; rtol=0
cvae\fold0\cvae_z3_seed42/variational sampling behaviour,True,
cvae\fold0\cvae_z3_seed42/condition gradients,True,"{'encoder_condition0_gradient': 0.47171810269355774, 'decoder_condition0_gradient': 22.05877685546875, 'encoder_condition1_gradient': 0.30963149666786194, 'decoder_condition1_gradient': 32.476287841796875, 'encoder_condition2_gradient': 0.6875831484794617, 'decoder_condition2_gradient': 38.2255859375, 'encoder_condition3_gradient': 1.1828793287277222, 'decoder_condition3_gradient': 27.730594635009766, 'encoder_condition4_gradient': 0.38693150877952576, 'decoder_condition4_gradient': 23.264739990234375}"
cvae\fold0\cvae_z3_seed42/condition swap behaviour,True,
cvae\fold0\cvae_z3_seed43/effective flags,True,
cvae\fold0\cvae_z3_seed43/train_mean train-only,True,max_abs_error=0.0; atol=1e-07; rtol=1e-06
cvae\fold0\cvae_z3_seed43/train_std train-only,True,max_abs_error=0.0; atol=1e-07; rtol=1e-06
cvae\fold0\cvae_z3_seed43/timing_mean train-only,True,max_abs_error=0.0; atol=1e-07; rtol=1e-06
cvae\fold0\cvae_z3_seed43/timing_std train-only,True,max_abs_error=0.0; atol=1e-07; rtol=1e-06
cvae\fold0\cvae_z3_seed43/validation objective,True,max_abs_error=0.0; atol=1e-10; rtol=1e-10
cvae\fold0\cvae_z3_seed43/selected epoch,True,
cvae\fold0\cvae_z3_seed43/KL schedule,True,max_abs_error=0.0; atol=1e-12; rtol=0
cvae\fold0\cvae_z3_seed43/saved objective,True,max_abs_error=0.0; atol=1e-10; rtol=1e-10
cvae\fold0\cvae_z3_seed43/independent encoder,True,max_abs_error=0.0; atol=2e-06; rtol=1e-05
cvae\fold0\cvae_z3_seed43/prediction IDs,True,
cvae\fold0\cvae_z3_seed43/true timing,True,max_abs_error=2.6930236707300992e-08; atol=1e-07; rtol=1e-05
cvae\fold0\cvae_z3_seed43/independent timing predictions,True,max_abs_error=3.504791257213924e-08; atol=2e-06; rtol=2e-05
cvae\fold0\cvae_z3_seed43/independent trajectory MSE,True,max_abs_error=4.1110229442864465e-08; atol=2e-06; rtol=2e-05
cvae\fold0\cvae_z3_seed43/independent decoder trajectory,True,max_abs_error=0.0; atol=2e-06; rtol=1e-05
cvae\fold0\cvae_z3_seed43/independent decoder timing,True,max_abs_error=0.0; atol=2e-06; rtol=1e-05
cvae\fold0\cvae_z3_seed43/timing withheld,True,max_abs_error=0.0; atol=0; rtol=0
cvae\fold0\cvae_z3_seed43/variational sampling behaviour,True,
cvae\fold0\cvae_z3_seed43/condition gradients,True,"{'encoder_condition0_gradient': 0.27267658710479736, 'decoder_condition0_gradient': 10.76323127746582, 'encoder_condition1_gradient': 0.48802778124809265, 'decoder_condition1_gradient': 11.689569473266602, 'encoder_condition2_gradient': 0.5765382051467896, 'decoder_condition2_gradient': 20.517101287841797, 'encoder_condition3_gradient': 0.44663625955581665, 'decoder_condition3_gradient': 14.034358978271484, 'encoder_condition4_gradient': 0.3887065649032593, 'decoder_condition4_gradient': 15.612030029296875}"
cvae\fold0\cvae_z3_seed43/condition swap behaviour,True,
cvae\fold0\cvae_z3_seed44/effective flags,True,
cvae\fold0\cvae_z3_seed44/train_mean train-only,True,max_abs_error=0.0; atol=1e-07; rtol=1e-06
cvae\fold0\cvae_z3_seed44/train_std train-only,True,max_abs_error=0.0; atol=1e-07; rtol=1e-06
cvae\fold0\cvae_z3_seed44/timing_mean train-only,True,max_abs_error=0.0; atol=1e-07; rtol=1e-06
cvae\fold0\cvae_z3_seed44/timing_std train-only,True,max_abs_error=0.0; atol=1e-07; rtol=1e-06
cvae\fold0\cvae_z3_seed44/validation objective,True,max_abs_error=0.0; atol=1e-10; rtol=1e-10
cvae\fold0\cvae_z3_seed44/selected epoch,True,
cvae\fold0\cvae_z3_seed44/KL schedule,True,max_abs_error=0.0; atol=1e-12; rtol=0
cvae\fold0\cvae_z3_seed44/saved objective,True,max_abs_error=0.0; atol=1e-10; rtol=1e-10
cvae\fold0\cvae_z3_seed44/independent encoder,True,max_abs_error=0.0; atol=2e-06; rtol=1e-05
cvae\fold0\cvae_z3_seed44/prediction IDs,True,
cvae\fold0\cvae_z3_seed44/true timing,True,max_abs_error=2.6930236707300992e-08; atol=1e-07; rtol=1e-05
cvae\fold0\cvae_z3_seed44/independent timing predictions,True,max_abs_error=4.918518059504606e-08; atol=2e-06; rtol=2e-05
cvae\fold0\cvae_z3_seed44/independent trajectory MSE,True,max_abs_error=3.40087891181895e-08; atol=2e-06; rtol=2e-05
cvae\fold0\cvae_z3_seed44/independent decoder trajectory,True,max_abs_error=0.0; atol=2e-06; rtol=1e-05
cvae\fold0\cvae_z3_seed44/independent decoder timing,True,max_abs_error=0.0; atol=2e-06; rtol=1e-05
cvae\fold0\cvae_z3_seed44/timing withheld,True,max_abs_error=0.0; atol=0; rtol=0
cvae\fold0\cvae_z3_seed44/variational sampling behaviour,True,
cvae\fold0\cvae_z3_seed44/condition gradients,True,"{'encoder_condition0_gradient': 0.2744845151901245, 'decoder_condition0_gradient': 17.000282287597656, 'encoder_condition1_gradient': 0.3006356358528137, 'decoder_condition1_gradient': 11.379690170288086, 'encoder_condition2_gradient': 0.39697983860969543, 'decoder_condition2_gradient': 30.08283233642578, 'encoder_condition3_gradient': 0.418952077627182, 'decoder_condition3_gradient': 27.222734451293945, 'encoder_condition4_gradient': 0.5152084827423096, 'decoder_condition4_gradient': 16.909324645996094}"
cvae\fold0\cvae_z3_seed44/condition swap behaviour,True,
cvae\fold0\cvae_z4_seed42/effective flags,True,
cvae\fold0\cvae_z4_seed42/train_mean train-only,True,max_abs_error=0.0; atol=1e-07; rtol=1e-06
cvae\fold0\cvae_z4_seed42/train_std train-only,True,max_abs_error=0.0; atol=1e-07; rtol=1e-06
cvae\fold0\cvae_z4_seed42/timing_mean train-only,True,max_abs_error=0.0; atol=1e-07; rtol=1e-06
cvae\fold0\cvae_z4_seed42/timing_std train-only,True,max_abs_error=0.0; atol=1e-07; rtol=1e-06
cvae\fold0\cvae_z4_seed42/validation objective,True,max_abs_error=0.0; atol=1e-10; rtol=1e-10
cvae\fold0\cvae_z4_seed42/selected epoch,True,
cvae\fold0\cvae_z4_seed42/KL schedule,True,max_abs_error=0.0; atol=1e-12; rtol=0
cvae\fold0\cvae_z4_seed42/saved objective,True,max_abs_error=0.0; atol=1e-10; rtol=1e-10
cvae\fold0\cvae_z4_seed42/independent encoder,True,max_abs_error=0.0; atol=2e-06; rtol=1e-05
cvae\fold0\cvae_z4_seed42/prediction IDs,True,
cvae\fold0\cvae_z4_seed42/true timing,True,max_abs_error=2.6930236707300992e-08; atol=1e-07; rtol=1e-05
cvae\fold0\cvae_z4_seed42/independent timing predictions,True,max_abs_error=2.7807617208885915e-08; atol=2e-06; rtol=2e-05
cvae\fold0\cvae_z4_seed42/independent trajectory MSE,True,max_abs_error=3.345031740487059e-08; atol=2e-06; rtol=2e-05
cvae\fold0\cvae_z4_seed42/independent decoder trajectory,True,max_abs_error=0.0; atol=2e-06; rtol=1e-05
cvae\fold0\cvae_z4_seed42/independent decoder timing,True,max_abs_error=0.0; atol=2e-06; rtol=1e-05
cvae\fold0\cvae_z4_seed42/timing withheld,True,max_abs_error=0.0; atol=0; rtol=0
cvae\fold0\cvae_z4_seed42/variational sampling behaviour,True,
cvae\fold0\cvae_z4_seed42/condition gradients,True,"{'encoder_condition0_gradient': 0.35714346170425415, 'decoder_condition0_gradient': 35.26088333129883, 'encoder_condition1_gradient': 0.3083794414997101, 'decoder_condition1_gradient': 20.783451080322266, 'encoder_condition2_gradient': 0.7702282667160034, 'decoder_condition2_gradient': 16.56010627746582, 'encoder_condition3_gradient': 0.30654653906822205, 'decoder_condition3_gradient': 20.860036849975586, 'encoder_condition4_gradient': 0.46537238359451294, 'decoder_condition4_gradient': 33.87338638305664}"
cvae\fold0\cvae_z4_seed42/condition swap behaviour,True,
cvae\fold0\cvae_z4_seed43/effective flags,True,
cvae\fold0\cvae_z4_seed43/train_mean train-only,True,max_abs_error=0.0; atol=1e-07; rtol=1e-06
cvae\fold0\cvae_z4_seed43/train_std train-only,True,max_abs_error=0.0; atol=1e-07; rtol=1e-06
cvae\fold0\cvae_z4_seed43/timing_mean train-only,True,max_abs_error=0.0; atol=1e-07; rtol=1e-06
cvae\fold0\cvae_z4_seed43/timing_std train-only,True,max_abs_error=0.0; atol=1e-07; rtol=1e-06
cvae\fold0\cvae_z4_seed43/validation objective,True,max_abs_error=0.0; atol=1e-10; rtol=1e-10
cvae\fold0\cvae_z4_seed43/selected epoch,True,
cvae\fold0\cvae_z4_seed43/KL schedule,True,max_abs_error=0.0; atol=1e-12; rtol=0
cvae\fold0\cvae_z4_seed43/saved objective,True,max_abs_error=0.0; atol=1e-10; rtol=1e-10
cvae\fold0\cvae_z4_seed43/independent encoder,True,max_abs_error=0.0; atol=2e-06; rtol=1e-05
cvae\fold0\cvae_z4_seed43/prediction IDs,True,
cvae\fold0\cvae_z4_seed43/true timing,True,max_abs_error=2.6930236707300992e-08; atol=1e-07; rtol=1e-05
cvae\fold0\cvae_z4_seed43/independent timing predictions,True,max_abs_error=2.872695925582036e-08; atol=2e-06; rtol=2e-05
cvae\fold0\cvae_z4_seed43/independent trajectory MSE,True,max_abs_error=2.6969909638907552e-08; atol=2e-06; rtol=2e-05
cvae\fold0\cvae_z4_seed43/independent decoder trajectory,True,max_abs_error=0.0; atol=2e-06; rtol=1e-05
cvae\fold0\cvae_z4_seed43/independent decoder timing,True,max_abs_error=0.0; atol=2e-06; rtol=1e-05
cvae\fold0\cvae_z4_seed43/timing withheld,True,max_abs_error=0.0; atol=0; rtol=0
cvae\fold0\cvae_z4_seed43/variational sampling behaviour,True,
cvae\fold0\cvae_z4_seed43/condition gradients,True,"{'encoder_condition0_gradient': 0.36206257343292236, 'decoder_condition0_gradient': 22.452112197875977, 'encoder_condition1_gradient': 0.31376874446868896, 'decoder_condition1_gradient': 13.016671180725098, 'encoder_condition2_gradient': 0.5732370018959045, 'decoder_condition2_gradient': 19.693761825561523, 'encoder_condition3_gradient': 0.43852609395980835, 'decoder_condition3_gradient': 20.360370635986328, 'encoder_condition4_gradient': 0.5057629942893982, 'decoder_condition4_gradient': 15.12798023223877}"
cvae\fold0\cvae_z4_seed43/condition swap behaviour,True,
cvae\fold0\cvae_z4_seed44/effective flags,True,
cvae\fold0\cvae_z4_seed44/train_mean train-only,True,max_abs_error=0.0; atol=1e-07; rtol=1e-06
cvae\fold0\cvae_z4_seed44/train_std train-only,True,max_abs_error=0.0; atol=1e-07; rtol=1e-06
cvae\fold0\cvae_z4_seed44/timing_mean train-only,True,max_abs_error=0.0; atol=1e-07; rtol=1e-06
cvae\fold0\cvae_z4_seed44/timing_std train-only,True,max_abs_error=0.0; atol=1e-07; rtol=1e-06
cvae\fold0\cvae_z4_seed44/validation objective,True,max_abs_error=0.0; atol=1e-10; rtol=1e-10
cvae\fold0\cvae_z4_seed44/selected epoch,True,
cvae\fold0\cvae_z4_seed44/KL schedule,True,max_abs_error=0.0; atol=1e-12; rtol=0
cvae\fold0\cvae_z4_seed44/saved objective,True,max_abs_error=0.0; atol=1e-10; rtol=1e-10
cvae\fold0\cvae_z4_seed44/independent encoder,True,max_abs_error=0.0; atol=2e-06; rtol=1e-05
cvae\fold0\cvae_z4_seed44/prediction IDs,True,
cvae\fold0\cvae_z4_seed44/true timing,True,max_abs_error=2.6930236707300992e-08; atol=1e-07; rtol=1e-05
cvae\fold0\cvae_z4_seed44/independent timing predictions,True,max_abs_error=3.436431894598968e-08; atol=2e-06; rtol=2e-05
cvae\fold0\cvae_z4_seed44/independent trajectory MSE,True,max_abs_error=2.960052492007037e-08; atol=2e-06; rtol=2e-05
cvae\fold0\cvae_z4_seed44/independent decoder trajectory,True,max_abs_error=0.0; atol=2e-06; rtol=1e-05
cvae\fold0\cvae_z4_seed44/independent decoder timing,True,max_abs_error=0.0; atol=2e-06; rtol=1e-05
cvae\fold0\cvae_z4_seed44/timing withheld,True,max_abs_error=0.0; atol=0; rtol=0
cvae\fold0\cvae_z4_seed44/variational sampling behaviour,True,
cvae\fold0\cvae_z4_seed44/condition gradients,True,"{'encoder_condition0_gradient': 0.47581589221954346, 'decoder_condition0_gradient': 16.728914260864258, 'encoder_condition1_gradient': 0.2869548797607422, 'decoder_condition1_gradient': 9.926172256469727, 'encoder_condition2_gradient': 0.7655280828475952, 'decoder_condition2_gradient': 13.085190773010254, 'encoder_condition3_gradient': 0.3597278296947479, 'decoder_condition3_gradient': 16.831340789794922, 'encoder_condition4_gradient': 0.40729397535324097, 'decoder_condition4_gradient': 19.01896858215332}"
cvae\fold0\cvae_z4_seed44/condition swap behaviour,True,
cvae\fold0\cvae_z8_seed42/effective flags,True,
cvae\fold0\cvae_z8_seed42/train_mean train-only,True,max_abs_error=0.0; atol=1e-07; rtol=1e-06
cvae\fold0\cvae_z8_seed42/train_std train-only,True,max_abs_error=0.0; atol=1e-07; rtol=1e-06
cvae\fold0\cvae_z8_seed42/timing_mean train-only,True,max_abs_error=0.0; atol=1e-07; rtol=1e-06
cvae\fold0\cvae_z8_seed42/timing_std train-only,True,max_abs_error=0.0; atol=1e-07; rtol=1e-06
cvae\fold0\cvae_z8_seed42/validation objective,True,max_abs_error=0.0; atol=1e-10; rtol=1e-10
cvae\fold0\cvae_z8_seed42/selected epoch,True,
cvae\fold0\cvae_z8_seed42/KL schedule,True,max_abs_error=0.0; atol=1e-12; rtol=0
cvae\fold0\cvae_z8_seed42/saved objective,True,max_abs_error=0.0; atol=1e-10; rtol=1e-10
cvae\fold0\cvae_z8_seed42/independent encoder,True,max_abs_error=0.0; atol=2e-06; rtol=1e-05
cvae\fold0\cvae_z8_seed42/prediction IDs,True,
cvae\fold0\cvae_z8_seed42/true timing,True,max_abs_error=2.6930236707300992e-08; atol=1e-07; rtol=1e-05
cvae\fold0\cvae_z8_seed42/independent timing predictions,True,max_abs_error=2.7410125724713907e-08; atol=2e-06; rtol=2e-05
cvae\fold0\cvae_z8_seed42/independent trajectory MSE,True,max_abs_error=1.1917114295378894e-08; atol=2e-06; rtol=2e-05
cvae\fold0\cvae_z8_seed42/independent decoder trajectory,True,max_abs_error=0.0; atol=2e-06; rtol=1e-05
cvae\fold0\cvae_z8_seed42/independent decoder timing,True,max_abs_error=0.0; atol=2e-06; rtol=1e-05
cvae\fold0\cvae_z8_seed42/timing withheld,True,max_abs_error=0.0; atol=0; rtol=0
cvae\fold0\cvae_z8_seed42/variational sampling behaviour,True,
cvae\fold0\cvae_z8_seed42/condition gradients,True,"{'encoder_condition0_gradient': 1.8078519105911255, 'decoder_condition0_gradient': 12.787311553955078, 'encoder_condition1_gradient': 1.3565484285354614, 'decoder_condition1_gradient': 12.14317512512207, 'encoder_condition2_gradient': 1.7641286849975586, 'decoder_condition2_gradient': 17.351259231567383, 'encoder_condition3_gradient': 0.39320677518844604, 'decoder_condition3_gradient': 4.840483665466309, 'encoder_condition4_gradient': 2.029665231704712, 'decoder_condition4_gradient': 12.424386024475098}"
cvae\fold0\cvae_z8_seed42/condition swap behaviour,True,
cvae\fold0\cvae_z8_seed43/effective flags,True,
cvae\fold0\cvae_z8_seed43/train_mean train-only,True,max_abs_error=0.0; atol=1e-07; rtol=1e-06
cvae\fold0\cvae_z8_seed43/train_std train-only,True,max_abs_error=0.0; atol=1e-07; rtol=1e-06
cvae\fold0\cvae_z8_seed43/timing_mean train-only,True,max_abs_error=0.0; atol=1e-07; rtol=1e-06
cvae\fold0\cvae_z8_seed43/timing_std train-only,True,max_abs_error=0.0; atol=1e-07; rtol=1e-06
cvae\fold0\cvae_z8_seed43/validation objective,True,max_abs_error=0.0; atol=1e-10; rtol=1e-10
cvae\fold0\cvae_z8_seed43/selected epoch,True,
cvae\fold0\cvae_z8_seed43/KL schedule,True,max_abs_error=0.0; atol=1e-12; rtol=0
cvae\fold0\cvae_z8_seed43/saved objective,True,max_abs_error=0.0; atol=1e-10; rtol=1e-10
cvae\fold0\cvae_z8_seed43/independent encoder,True,max_abs_error=0.0; atol=2e-06; rtol=1e-05
cvae\fold0\cvae_z8_seed43/prediction IDs,True,
cvae\fold0\cvae_z8_seed43/true timing,True,max_abs_error=2.6930236707300992e-08; atol=1e-07; rtol=1e-05
cvae\fold0\cvae_z8_seed43/independent timing predictions,True,max_abs_error=4.1674804718283553e-08; atol=2e-06; rtol=2e-05
cvae\fold0\cvae_z8_seed43/independent trajectory MSE,True,max_abs_error=1.0215759349563314e-08; atol=2e-06; rtol=2e-05
cvae\fold0\cvae_z8_seed43/independent decoder trajectory,True,max_abs_error=0.0; atol=2e-06; rtol=1e-05
cvae\fold0\cvae_z8_seed43/independent decoder timing,True,max_abs_error=0.0; atol=2e-06; rtol=1e-05
cvae\fold0\cvae_z8_seed43/timing withheld,True,max_abs_error=0.0; atol=0; rtol=0
cvae\fold0\cvae_z8_seed43/variational sampling behaviour,True,
cvae\fold0\cvae_z8_seed43/condition gradients,True,"{'encoder_condition0_gradient': 2.6773171424865723, 'decoder_condition0_gradient': 8.176107406616211, 'encoder_condition1_gradient': 1.65494704246521, 'decoder_condition1_gradient': 11.613585472106934, 'encoder_condition2_gradient': 2.326495409011841, 'decoder_condition2_gradient': 7.129344463348389, 'encoder_condition3_gradient': 0.42884525656700134, 'decoder_condition3_gradient': 4.5157389640808105, 'encoder_condition4_gradient': 2.4070677757263184, 'decoder_condition4_gradient': 19.89776039123535}"
cvae\fold0\cvae_z8_seed43/condition swap behaviour,True,
cvae\fold0\cvae_z8_seed44/effective flags,True,
cvae\fold0\cvae_z8_seed44/train_mean train-only,True,max_abs_error=0.0; atol=1e-07; rtol=1e-06
cvae\fold0\cvae_z8_seed44/train_std train-only,True,max_abs_error=0.0; atol=1e-07; rtol=1e-06
cvae\fold0\cvae_z8_seed44/timing_mean train-only,True,max_abs_error=0.0; atol=1e-07; rtol=1e-06
cvae\fold0\cvae_z8_seed44/timing_std train-only,True,max_abs_error=0.0; atol=1e-07; rtol=1e-06
cvae\fold0\cvae_z8_seed44/validation objective,True,max_abs_error=0.0; atol=1e-10; rtol=1e-10
cvae\fold0\cvae_z8_seed44/selected epoch,True,
cvae\fold0\cvae_z8_seed44/KL schedule,True,max_abs_error=0.0; atol=1e-12; rtol=0
cvae\fold0\cvae_z8_seed44/saved objective,True,max_abs_error=0.0; atol=1e-10; rtol=1e-10
cvae\fold0\cvae_z8_seed44/independent encoder,True,max_abs_error=0.0; atol=2e-06; rtol=1e-05
cvae\fold0\cvae_z8_seed44/prediction IDs,True,
cvae\fold0\cvae_z8_seed44/true timing,True,max_abs_error=2.6930236707300992e-08; atol=1e-07; rtol=1e-05
cvae\fold0\cvae_z8_seed44/independent timing predictions,True,max_abs_error=3.243255619622687e-08; atol=2e-06; rtol=2e-05
cvae\fold0\cvae_z8_seed44/independent trajectory MSE,True,max_abs_error=6.892394988078365e-09; atol=2e-06; rtol=2e-05
cvae\fold0\cvae_z8_seed44/independent decoder trajectory,True,max_abs_error=0.0; atol=2e-06; rtol=1e-05
cvae\fold0\cvae_z8_seed44/independent decoder timing,True,max_abs_error=0.0; atol=2e-06; rtol=1e-05
cvae\fold0\cvae_z8_seed44/timing withheld,True,max_abs_error=0.0; atol=0; rtol=0
cvae\fold0\cvae_z8_seed44/variational sampling behaviour,True,
cvae\fold0\cvae_z8_seed44/condition gradients,True,"{'encoder_condition0_gradient': 1.9312794208526611, 'decoder_condition0_gradient': 15.941665649414062, 'encoder_condition1_gradient': 1.617268443107605, 'decoder_condition1_gradient': 11.899821281433105, 'encoder_condition2_gradient': 2.1729981899261475, 'decoder_condition2_gradient': 10.451780319213867, 'encoder_condition3_gradient': 0.5824927687644958, 'decoder_condition3_gradient': 12.234689712524414, 'encoder_condition4_gradient': 2.3750691413879395, 'decoder_condition4_gradient': 25.727041244506836}"
cvae\fold0\cvae_z8_seed44/condition swap behaviour,True,
cvae\fold1\cvae_z2_seed42/effective flags,True,
cvae\fold1\cvae_z2_seed42/train_mean train-only,True,max_abs_error=0.0; atol=1e-07; rtol=1e-06
cvae\fold1\cvae_z2_seed42/train_std train-only,True,max_abs_error=0.0; atol=1e-07; rtol=1e-06
cvae\fold1\cvae_z2_seed42/timing_mean train-only,True,max_abs_error=0.0; atol=1e-07; rtol=1e-06
cvae\fold1\cvae_z2_seed42/timing_std train-only,True,max_abs_error=0.0; atol=1e-07; rtol=1e-06
cvae\fold1\cvae_z2_seed42/validation objective,True,max_abs_error=0.0; atol=1e-10; rtol=1e-10
cvae\fold1\cvae_z2_seed42/selected epoch,True,
cvae\fold1\cvae_z2_seed42/KL schedule,True,max_abs_error=0.0; atol=1e-12; rtol=0
cvae\fold1\cvae_z2_seed42/saved objective,True,max_abs_error=0.0; atol=1e-10; rtol=1e-10
cvae\fold1\cvae_z2_seed42/independent encoder,True,max_abs_error=0.0; atol=2e-06; rtol=1e-05
cvae\fold1\cvae_z2_seed42/prediction IDs,True,
cvae\fold1\cvae_z2_seed42/true timing,True,max_abs_error=4.922790530770271e-08; atol=1e-07; rtol=1e-05
cvae\fold1\cvae_z2_seed42/independent timing predictions,True,max_abs_error=3.341827392588925e-08; atol=2e-06; rtol=2e-05
cvae\fold1\cvae_z2_seed42/independent trajectory MSE,True,max_abs_error=4.5391845659992214e-07; atol=2e-06; rtol=2e-05
cvae\fold1\cvae_z2_seed42/independent decoder trajectory,True,max_abs_error=0.0; atol=2e-06; rtol=1e-05
cvae\fold1\cvae_z2_seed42/independent decoder timing,True,max_abs_error=0.0; atol=2e-06; rtol=1e-05
cvae\fold1\cvae_z2_seed42/timing withheld,True,max_abs_error=0.0; atol=0; rtol=0
cvae\fold1\cvae_z2_seed42/variational sampling behaviour,True,
cvae\fold1\cvae_z2_seed42/condition gradients,True,"{'encoder_condition0_gradient': 1.2212074995040894, 'decoder_condition0_gradient': 231.1007537841797, 'encoder_condition1_gradient': 1.2289988994598389, 'decoder_condition1_gradient': 224.63551330566406, 'encoder_condition2_gradient': 0.49525925517082214, 'decoder_condition2_gradient': 334.2594909667969, 'encoder_condition3_gradient': 1.3647630214691162, 'decoder_condition3_gradient': 94.9000473022461, 'encoder_condition4_gradient': 1.0021497011184692, 'decoder_condition4_gradient': 83.07960510253906}"
cvae\fold1\cvae_z2_seed42/condition swap behaviour,True,
cvae\fold1\cvae_z2_seed43/effective flags,True,
cvae\fold1\cvae_z2_seed43/train_mean train-only,True,max_abs_error=0.0; atol=1e-07; rtol=1e-06
cvae\fold1\cvae_z2_seed43/train_std train-only,True,max_abs_error=0.0; atol=1e-07; rtol=1e-06
cvae\fold1\cvae_z2_seed43/timing_mean train-only,True,max_abs_error=0.0; atol=1e-07; rtol=1e-06
cvae\fold1\cvae_z2_seed43/timing_std train-only,True,max_abs_error=0.0; atol=1e-07; rtol=1e-06
cvae\fold1\cvae_z2_seed43/validation objective,True,max_abs_error=0.0; atol=1e-10; rtol=1e-10
cvae\fold1\cvae_z2_seed43/selected epoch,True,
cvae\fold1\cvae_z2_seed43/KL schedule,True,max_abs_error=0.0; atol=1e-12; rtol=0
cvae\fold1\cvae_z2_seed43/saved objective,True,max_abs_error=0.0; atol=1e-10; rtol=1e-10
cvae\fold1\cvae_z2_seed43/independent encoder,True,max_abs_error=0.0; atol=2e-06; rtol=1e-05
cvae\fold1\cvae_z2_seed43/prediction IDs,True,
cvae\fold1\cvae_z2_seed43/true timing,True,max_abs_error=4.922790530770271e-08; atol=1e-07; rtol=1e-05
cvae\fold1\cvae_z2_seed43/independent timing predictions,True,max_abs_error=2.881317140435158e-08; atol=2e-06; rtol=2e-05
cvae\fold1\cvae_z2_seed43/independent trajectory MSE,True,max_abs_error=4.89013672222427e-07; atol=2e-06; rtol=2e-05
cvae\fold1\cvae_z2_seed43/independent decoder trajectory,True,max_abs_error=0.0; atol=2e-06; rtol=1e-05
cvae\fold1\cvae_z2_seed43/independent decoder timing,True,max_abs_error=0.0; atol=2e-06; rtol=1e-05
cvae\fold1\cvae_z2_seed43/timing withheld,True,max_abs_error=0.0; atol=0; rtol=0
cvae\fold1\cvae_z2_seed43/variational sampling behaviour,True,
cvae\fold1\cvae_z2_seed43/condition gradients,True,"{'encoder_condition0_gradient': 0.676881730556488, 'decoder_condition0_gradient': 127.35311889648438, 'encoder_condition1_gradient': 0.6402682065963745, 'decoder_condition1_gradient': 85.054931640625, 'encoder_condition2_gradient': 0.7616084218025208, 'decoder_condition2_gradient': 60.01025390625, 'encoder_condition3_gradient': 0.4241330325603485, 'decoder_condition3_gradient': 61.99335479736328, 'encoder_condition4_gradient': 0.7711132764816284, 'decoder_condition4_gradient': 105.56733703613281}"
cvae\fold1\cvae_z2_seed43/condition swap behaviour,True,
cvae\fold1\cvae_z2_seed44/effective flags,True,
cvae\fold1\cvae_z2_seed44/train_mean train-only,True,max_abs_error=0.0; atol=1e-07; rtol=1e-06
cvae\fold1\cvae_z2_seed44/train_std train-only,True,max_abs_error=0.0; atol=1e-07; rtol=1e-06
cvae\fold1\cvae_z2_seed44/timing_mean train-only,True,max_abs_error=0.0; atol=1e-07; rtol=1e-06
cvae\fold1\cvae_z2_seed44/timing_std train-only,True,max_abs_error=0.0; atol=1e-07; rtol=1e-06
cvae\fold1\cvae_z2_seed44/validation objective,True,max_abs_error=0.0; atol=1e-10; rtol=1e-10
cvae\fold1\cvae_z2_seed44/selected epoch,True,
cvae\fold1\cvae_z2_seed44/KL schedule,True,max_abs_error=0.0; atol=1e-12; rtol=0
cvae\fold1\cvae_z2_seed44/saved objective,True,max_abs_error=0.0; atol=1e-10; rtol=1e-10
cvae\fold1\cvae_z2_seed44/independent encoder,True,max_abs_error=0.0; atol=2e-06; rtol=1e-05
cvae\fold1\cvae_z2_seed44/prediction IDs,True,
cvae\fold1\cvae_z2_seed44/true timing,True,max_abs_error=4.922790530770271e-08; atol=1e-07; rtol=1e-05
cvae\fold1\cvae_z2_seed44/independent timing predictions,True,max_abs_error=2.6602935743191836e-08; atol=2e-06; rtol=2e-05
cvae\fold1\cvae_z2_seed44/independent trajectory MSE,True,max_abs_error=3.4906005907942017e-07; atol=2e-06; rtol=2e-05
cvae\fold1\cvae_z2_seed44/independent decoder trajectory,True,max_abs_error=0.0; atol=2e-06; rtol=1e-05
cvae\fold1\cvae_z2_seed44/independent decoder timing,True,max_abs_error=0.0; atol=2e-06; rtol=1e-05
cvae\fold1\cvae_z2_seed44/timing withheld,True,max_abs_error=0.0; atol=0; rtol=0
cvae\fold1\cvae_z2_seed44/variational sampling behaviour,True,
cvae\fold1\cvae_z2_seed44/condition gradients,True,"{'encoder_condition0_gradient': 0.3271752595901489, 'decoder_condition0_gradient': 54.83100128173828, 'encoder_condition1_gradient': 0.39310601353645325, 'decoder_condition1_gradient': 83.43175506591797, 'encoder_condition2_gradient': 0.7440833449363708, 'decoder_condition2_gradient': 92.05322265625, 'encoder_condition3_gradient': 0.887096643447876, 'decoder_condition3_gradient': 45.55644989013672, 'encoder_condition4_gradient': 0.5591766238212585, 'decoder_condition4_gradient': 77.18871307373047}"
cvae\fold1\cvae_z2_seed44/condition swap behaviour,True,
cvae\fold1\cvae_z3_seed42/effective flags,True,
cvae\fold1\cvae_z3_seed42/train_mean train-only,True,max_abs_error=0.0; atol=1e-07; rtol=1e-06
cvae\fold1\cvae_z3_seed42/train_std train-only,True,max_abs_error=0.0; atol=1e-07; rtol=1e-06
cvae\fold1\cvae_z3_seed42/timing_mean train-only,True,max_abs_error=0.0; atol=1e-07; rtol=1e-06
cvae\fold1\cvae_z3_seed42/timing_std train-only,True,max_abs_error=0.0; atol=1e-07; rtol=1e-06
cvae\fold1\cvae_z3_seed42/validation objective,True,max_abs_error=0.0; atol=1e-10; rtol=1e-10
cvae\fold1\cvae_z3_seed42/selected epoch,True,
cvae\fold1\cvae_z3_seed42/KL schedule,True,max_abs_error=0.0; atol=1e-12; rtol=0
cvae\fold1\cvae_z3_seed42/saved objective,True,max_abs_error=0.0; atol=1e-10; rtol=1e-10
cvae\fold1\cvae_z3_seed42/independent encoder,True,max_abs_error=0.0; atol=2e-06; rtol=1e-05
cvae\fold1\cvae_z3_seed42/prediction IDs,True,
cvae\fold1\cvae_z3_seed42/true timing,True,max_abs_error=4.922790530770271e-08; atol=1e-07; rtol=1e-05
cvae\fold1\cvae_z3_seed42/independent timing predictions,True,max_abs_error=2.9731750506023502e-08; atol=2e-06; rtol=2e-05
cvae\fold1\cvae_z3_seed42/independent trajectory MSE,True,max_abs_error=2.127075191538097e-07; atol=2e-06; rtol=2e-05
cvae\fold1\cvae_z3_seed42/independent decoder trajectory,True,max_abs_error=0.0; atol=2e-06; rtol=1e-05
cvae\fold1\cvae_z3_seed42/independent decoder timing,True,max_abs_error=0.0; atol=2e-06; rtol=1e-05
cvae\fold1\cvae_z3_seed42/timing withheld,True,max_abs_error=0.0; atol=0; rtol=0
cvae\fold1\cvae_z3_seed42/variational sampling behaviour,True,
cvae\fold1\cvae_z3_seed42/condition gradients,True,"{'encoder_condition0_gradient': 4.44498348236084, 'decoder_condition0_gradient': 42.56987380981445, 'encoder_condition1_gradient': 3.2778286933898926, 'decoder_condition1_gradient': 84.47296905517578, 'encoder_condition2_gradient': 3.0027828216552734, 'decoder_condition2_gradient': 64.75165557861328, 'encoder_condition3_gradient': 1.8243128061294556, 'decoder_condition3_gradient': 126.96598815917969, 'encoder_condition4_gradient': 1.8543211221694946, 'decoder_condition4_gradient': 111.26687622070312}"
cvae\fold1\cvae_z3_seed42/condition swap behaviour,True,
cvae\fold1\cvae_z3_seed43/effective flags,True,
cvae\fold1\cvae_z3_seed43/train_mean train-only,True,max_abs_error=0.0; atol=1e-07; rtol=1e-06
cvae\fold1\cvae_z3_seed43/train_std train-only,True,max_abs_error=0.0; atol=1e-07; rtol=1e-06
cvae\fold1\cvae_z3_seed43/timing_mean train-only,True,max_abs_error=0.0; atol=1e-07; rtol=1e-06
cvae\fold1\cvae_z3_seed43/timing_std train-only,True,max_abs_error=0.0; atol=1e-07; rtol=1e-06
cvae\fold1\cvae_z3_seed43/validation objective,True,max_abs_error=0.0; atol=1e-10; rtol=1e-10
cvae\fold1\cvae_z3_seed43/selected epoch,True,
cvae\fold1\cvae_z3_seed43/KL schedule,True,max_abs_error=0.0; atol=1e-12; rtol=0
cvae\fold1\cvae_z3_seed43/saved objective,True,max_abs_error=0.0; atol=1e-10; rtol=1e-10
cvae\fold1\cvae_z3_seed43/independent encoder,True,max_abs_error=0.0; atol=2e-06; rtol=1e-05
cvae\fold1\cvae_z3_seed43/prediction IDs,True,
cvae\fold1\cvae_z3_seed43/true timing,True,max_abs_error=4.922790530770271e-08; atol=1e-07; rtol=1e-05
cvae\fold1\cvae_z3_seed43/independent timing predictions,True,max_abs_error=3.439636220292641e-08; atol=2e-06; rtol=2e-05
cvae\fold1\cvae_z3_seed43/independent trajectory MSE,True,max_abs_error=2.120971682728623e-07; atol=2e-06; rtol=2e-05
cvae\fold1\cvae_z3_seed43/independent decoder trajectory,True,max_abs_error=0.0; atol=2e-06; rtol=1e-05
cvae\fold1\cvae_z3_seed43/independent decoder timing,True,max_abs_error=0.0; atol=2e-06; rtol=1e-05
cvae\fold1\cvae_z3_seed43/timing withheld,True,max_abs_error=0.0; atol=0; rtol=0
cvae\fold1\cvae_z3_seed43/variational sampling behaviour,True,
cvae\fold1\cvae_z3_seed43/condition gradients,True,"{'encoder_condition0_gradient': 0.9509232640266418, 'decoder_condition0_gradient': 233.22877502441406, 'encoder_condition1_gradient': 0.43300169706344604, 'decoder_condition1_gradient': 321.85113525390625, 'encoder_condition2_gradient': 0.7794972062110901, 'decoder_condition2_gradient': 164.1455841064453, 'encoder_condition3_gradient': 1.3026080131530762, 'decoder_condition3_gradient': 143.51803588867188, 'encoder_condition4_gradient': 0.5870985388755798, 'decoder_condition4_gradient': 226.0530548095703}"
cvae\fold1\cvae_z3_seed43/condition swap behaviour,True,
cvae\fold1\cvae_z3_seed44/effective flags,True,
cvae\fold1\cvae_z3_seed44/train_mean train-only,True,max_abs_error=0.0; atol=1e-07; rtol=1e-06
cvae\fold1\cvae_z3_seed44/train_std train-only,True,max_abs_error=0.0; atol=1e-07; rtol=1e-06
cvae\fold1\cvae_z3_seed44/timing_mean train-only,True,max_abs_error=0.0; atol=1e-07; rtol=1e-06
cvae\fold1\cvae_z3_seed44/timing_std train-only,True,max_abs_error=0.0; atol=1e-07; rtol=1e-06
cvae\fold1\cvae_z3_seed44/validation objective,True,max_abs_error=0.0; atol=1e-10; rtol=1e-10
cvae\fold1\cvae_z3_seed44/selected epoch,True,
cvae\fold1\cvae_z3_seed44/KL schedule,True,max_abs_error=0.0; atol=1e-12; rtol=0
cvae\fold1\cvae_z3_seed44/saved objective,True,max_abs_error=0.0; atol=1e-10; rtol=1e-10
cvae\fold1\cvae_z3_seed44/independent encoder,True,max_abs_error=0.0; atol=2e-06; rtol=1e-05
cvae\fold1\cvae_z3_seed44/prediction IDs,True,
cvae\fold1\cvae_z3_seed44/true timing,True,max_abs_error=4.922790530770271e-08; atol=1e-07; rtol=1e-05
cvae\fold1\cvae_z3_seed44/independent timing predictions,True,max_abs_error=2.9127502410020156e-08; atol=2e-06; rtol=2e-05
cvae\fold1\cvae_z3_seed44/independent trajectory MSE,True,max_abs_error=2.3184204067661085e-07; atol=2e-06; rtol=2e-05
cvae\fold1\cvae_z3_seed44/independent decoder trajectory,True,max_abs_error=0.0; atol=2e-06; rtol=1e-05
cvae\fold1\cvae_z3_seed44/independent decoder timing,True,max_abs_error=0.0; atol=2e-06; rtol=1e-05
cvae\fold1\cvae_z3_seed44/timing withheld,True,max_abs_error=0.0; atol=0; rtol=0
cvae\fold1\cvae_z3_seed44/variational sampling behaviour,True,
cvae\fold1\cvae_z3_seed44/condition gradients,True,"{'encoder_condition0_gradient': 1.0231685638427734, 'decoder_condition0_gradient': 100.38274383544922, 'encoder_condition1_gradient': 1.0369648933410645, 'decoder_condition1_gradient': 71.15784454345703, 'encoder_condition2_gradient': 1.479415774345398, 'decoder_condition2_gradient': 76.04396057128906, 'encoder_condition3_gradient': 1.6757060289382935, 'decoder_condition3_gradient': 73.08761596679688, 'encoder_condition4_gradient': 1.3951259851455688, 'decoder_condition4_gradient': 95.24532318115234}"
cvae\fold1\cvae_z3_seed44/condition swap behaviour,True,
cvae\fold1\cvae_z4_seed42/effective flags,True,
cvae\fold1\cvae_z4_seed42/train_mean train-only,True,max_abs_error=0.0; atol=1e-07; rtol=1e-06
cvae\fold1\cvae_z4_seed42/train_std train-only,True,max_abs_error=0.0; atol=1e-07; rtol=1e-06
cvae\fold1\cvae_z4_seed42/timing_mean train-only,True,max_abs_error=0.0; atol=1e-07; rtol=1e-06
cvae\fold1\cvae_z4_seed42/timing_std train-only,True,max_abs_error=0.0; atol=1e-07; rtol=1e-06
cvae\fold1\cvae_z4_seed42/validation objective,True,max_abs_error=0.0; atol=1e-10; rtol=1e-10
cvae\fold1\cvae_z4_seed42/selected epoch,True,
cvae\fold1\cvae_z4_seed42/KL schedule,True,max_abs_error=0.0; atol=1e-12; rtol=0
cvae\fold1\cvae_z4_seed42/saved objective,True,max_abs_error=0.0; atol=1e-10; rtol=1e-10
cvae\fold1\cvae_z4_seed42/independent encoder,True,max_abs_error=0.0; atol=2e-06; rtol=1e-05
cvae\fold1\cvae_z4_seed42/prediction IDs,True,
cvae\fold1\cvae_z4_seed42/true timing,True,max_abs_error=4.922790530770271e-08; atol=1e-07; rtol=1e-05
cvae\fold1\cvae_z4_seed42/independent timing predictions,True,max_abs_error=2.7644348143951447e-08; atol=2e-06; rtol=2e-05
cvae\fold1\cvae_z4_seed42/independent trajectory MSE,True,max_abs_error=9.674072298793135e-08; atol=2e-06; rtol=2e-05
cvae\fold1\cvae_z4_seed42/independent decoder trajectory,True,max_abs_error=0.0; atol=2e-06; rtol=1e-05
cvae\fold1\cvae_z4_seed42/independent decoder timing,True,max_abs_error=0.0; atol=2e-06; rtol=1e-05
cvae\fold1\cvae_z4_seed42/timing withheld,True,max_abs_error=0.0; atol=0; rtol=0
cvae\fold1\cvae_z4_seed42/variational sampling behaviour,True,
cvae\fold1\cvae_z4_seed42/condition gradients,True,"{'encoder_condition0_gradient': 0.7977322936058044, 'decoder_condition0_gradient': 259.6106262207031, 'encoder_condition1_gradient': 0.6152323484420776, 'decoder_condition1_gradient': 236.19007873535156, 'encoder_condition2_gradient': 0.6706613898277283, 'decoder_condition2_gradient': 87.01179504394531, 'encoder_condition3_gradient': 0.6584789752960205, 'decoder_condition3_gradient': 135.06236267089844, 'encoder_condition4_gradient': 0.8486323952674866, 'decoder_condition4_gradient': 116.95921325683594}"
cvae\fold1\cvae_z4_seed42/condition swap behaviour,True,
cvae\fold1\cvae_z4_seed43/effective flags,True,
cvae\fold1\cvae_z4_seed43/train_mean train-only,True,max_abs_error=0.0; atol=1e-07; rtol=1e-06
cvae\fold1\cvae_z4_seed43/train_std train-only,True,max_abs_error=0.0; atol=1e-07; rtol=1e-06
cvae\fold1\cvae_z4_seed43/timing_mean train-only,True,max_abs_error=0.0; atol=1e-07; rtol=1e-06
cvae\fold1\cvae_z4_seed43/timing_std train-only,True,max_abs_error=0.0; atol=1e-07; rtol=1e-06
cvae\fold1\cvae_z4_seed43/validation objective,True,max_abs_error=0.0; atol=1e-10; rtol=1e-10
cvae\fold1\cvae_z4_seed43/selected epoch,True,
cvae\fold1\cvae_z4_seed43/KL schedule,True,max_abs_error=0.0; atol=1e-12; rtol=0
cvae\fold1\cvae_z4_seed43/saved objective,True,max_abs_error=0.0; atol=1e-10; rtol=1e-10
cvae\fold1\cvae_z4_seed43/independent encoder,True,max_abs_error=0.0; atol=2e-06; rtol=1e-05
cvae\fold1\cvae_z4_seed43/prediction IDs,True,
cvae\fold1\cvae_z4_seed43/true timing,True,max_abs_error=4.922790530770271e-08; atol=1e-07; rtol=1e-05
cvae\fold1\cvae_z4_seed43/independent timing predictions,True,max_abs_error=4.619598392707758e-08; atol=2e-06; rtol=2e-05
cvae\fold1\cvae_z4_seed43/independent trajectory MSE,True,max_abs_error=2.4951171795351e-07; atol=2e-06; rtol=2e-05
cvae\fold1\cvae_z4_seed43/independent decoder trajectory,True,max_abs_error=0.0; atol=2e-06; rtol=1e-05
cvae\fold1\cvae_z4_seed43/independent decoder timing,True,max_abs_error=0.0; atol=2e-06; rtol=1e-05
cvae\fold1\cvae_z4_seed43/timing withheld,True,max_abs_error=0.0; atol=0; rtol=0
cvae\fold1\cvae_z4_seed43/variational sampling behaviour,True,
cvae\fold1\cvae_z4_seed43/condition gradients,True,"{'encoder_condition0_gradient': 0.5419488549232483, 'decoder_condition0_gradient': 183.64614868164062, 'encoder_condition1_gradient': 0.7892181873321533, 'decoder_condition1_gradient': 124.49300384521484, 'encoder_condition2_gradient': 0.7501436471939087, 'decoder_condition2_gradient': 80.13079833984375, 'encoder_condition3_gradient': 0.6782059073448181, 'decoder_condition3_gradient': 98.20905303955078, 'encoder_condition4_gradient': 0.8296065926551819, 'decoder_condition4_gradient': 97.50473022460938}"
cvae\fold1\cvae_z4_seed43/condition swap behaviour,True,
cvae\fold1\cvae_z4_seed44/effective flags,True,
cvae\fold1\cvae_z4_seed44/train_mean train-only,True,max_abs_error=0.0; atol=1e-07; rtol=1e-06
cvae\fold1\cvae_z4_seed44/train_std train-only,True,max_abs_error=0.0; atol=1e-07; rtol=1e-06
cvae\fold1\cvae_z4_seed44/timing_mean train-only,True,max_abs_error=0.0; atol=1e-07; rtol=1e-06
cvae\fold1\cvae_z4_seed44/timing_std train-only,True,max_abs_error=0.0; atol=1e-07; rtol=1e-06
cvae\fold1\cvae_z4_seed44/validation objective,True,max_abs_error=0.0; atol=1e-10; rtol=1e-10
cvae\fold1\cvae_z4_seed44/selected epoch,True,
cvae\fold1\cvae_z4_seed44/KL schedule,True,max_abs_error=0.0; atol=1e-12; rtol=0
cvae\fold1\cvae_z4_seed44/saved objective,True,max_abs_error=0.0; atol=1e-10; rtol=1e-10
cvae\fold1\cvae_z4_seed44/independent encoder,True,max_abs_error=0.0; atol=2e-06; rtol=1e-05
cvae\fold1\cvae_z4_seed44/prediction IDs,True,
cvae\fold1\cvae_z4_seed44/true timing,True,max_abs_error=4.922790530770271e-08; atol=1e-07; rtol=1e-05
cvae\fold1\cvae_z4_seed44/independent timing predictions,True,max_abs_error=3.9482116687139523e-08; atol=2e-06; rtol=2e-05
cvae\fold1\cvae_z4_seed44/independent trajectory MSE,True,max_abs_error=4.6704101563932454e-07; atol=2e-06; rtol=2e-05
cvae\fold1\cvae_z4_seed44/independent decoder trajectory,True,max_abs_error=0.0; atol=2e-06; rtol=1e-05
cvae\fold1\cvae_z4_seed44/independent decoder timing,True,max_abs_error=0.0; atol=2e-06; rtol=1e-05
cvae\fold1\cvae_z4_seed44/timing withheld,True,max_abs_error=0.0; atol=0; rtol=0
cvae\fold1\cvae_z4_seed44/variational sampling behaviour,True,
cvae\fold1\cvae_z4_seed44/condition gradients,True,"{'encoder_condition0_gradient': 0.6660522818565369, 'decoder_condition0_gradient': 88.42792510986328, 'encoder_condition1_gradient': 0.8247789740562439, 'decoder_condition1_gradient': 31.55224609375, 'encoder_condition2_gradient': 0.709151029586792, 'decoder_condition2_gradient': 67.46817779541016, 'encoder_condition3_gradient': 0.6567885279655457, 'decoder_condition3_gradient': 56.850059509277344, 'encoder_condition4_gradient': 0.539962887763977, 'decoder_condition4_gradient': 35.956871032714844}"
cvae\fold1\cvae_z4_seed44/condition swap behaviour,True,
cvae\fold1\cvae_z8_seed42/effective flags,True,
cvae\fold1\cvae_z8_seed42/train_mean train-only,True,max_abs_error=0.0; atol=1e-07; rtol=1e-06
cvae\fold1\cvae_z8_seed42/train_std train-only,True,max_abs_error=0.0; atol=1e-07; rtol=1e-06
cvae\fold1\cvae_z8_seed42/timing_mean train-only,True,max_abs_error=0.0; atol=1e-07; rtol=1e-06
cvae\fold1\cvae_z8_seed42/timing_std train-only,True,max_abs_error=0.0; atol=1e-07; rtol=1e-06
cvae\fold1\cvae_z8_seed42/validation objective,True,max_abs_error=0.0; atol=1e-10; rtol=1e-10
cvae\fold1\cvae_z8_seed42/selected epoch,True,
cvae\fold1\cvae_z8_seed42/KL schedule,True,max_abs_error=0.0; atol=1e-12; rtol=0
cvae\fold1\cvae_z8_seed42/saved objective,True,max_abs_error=0.0; atol=1e-10; rtol=1e-10
cvae\fold1\cvae_z8_seed42/independent encoder,True,max_abs_error=0.0; atol=2e-06; rtol=1e-05
cvae\fold1\cvae_z8_seed42/prediction IDs,True,
cvae\fold1\cvae_z8_seed42/true timing,True,max_abs_error=4.922790530770271e-08; atol=1e-07; rtol=1e-05
cvae\fold1\cvae_z8_seed42/independent timing predictions,True,max_abs_error=3.378143320631466e-08; atol=2e-06; rtol=2e-05
cvae\fold1\cvae_z8_seed42/independent trajectory MSE,True,max_abs_error=2.580108637850742e-08; atol=2e-06; rtol=2e-05
cvae\fold1\cvae_z8_seed42/independent decoder trajectory,True,max_abs_error=0.0; atol=2e-06; rtol=1e-05
cvae\fold1\cvae_z8_seed42/independent decoder timing,True,max_abs_error=0.0; atol=2e-06; rtol=1e-05
cvae\fold1\cvae_z8_seed42/timing withheld,True,max_abs_error=0.0; atol=0; rtol=0
cvae\fold1\cvae_z8_seed42/variational sampling behaviour,True,
cvae\fold1\cvae_z8_seed42/condition gradients,True,"{'encoder_condition0_gradient': 1.7131891250610352, 'decoder_condition0_gradient': 190.22425842285156, 'encoder_condition1_gradient': 1.7666056156158447, 'decoder_condition1_gradient': 153.39456176757812, 'encoder_condition2_gradient': 2.0466620922088623, 'decoder_condition2_gradient': 189.97669982910156, 'encoder_condition3_gradient': 0.8993706703186035, 'decoder_condition3_gradient': 61.41911315917969, 'encoder_condition4_gradient': 2.6905031204223633, 'decoder_condition4_gradient': 173.63536071777344}"
cvae\fold1\cvae_z8_seed42/condition swap behaviour,True,
cvae\fold1\cvae_z8_seed43/effective flags,True,
cvae\fold1\cvae_z8_seed43/train_mean train-only,True,max_abs_error=0.0; atol=1e-07; rtol=1e-06
cvae\fold1\cvae_z8_seed43/train_std train-only,True,max_abs_error=0.0; atol=1e-07; rtol=1e-06
cvae\fold1\cvae_z8_seed43/timing_mean train-only,True,max_abs_error=0.0; atol=1e-07; rtol=1e-06
cvae\fold1\cvae_z8_seed43/timing_std train-only,True,max_abs_error=0.0; atol=1e-07; rtol=1e-06
cvae\fold1\cvae_z8_seed43/validation objective,True,max_abs_error=0.0; atol=1e-10; rtol=1e-10
cvae\fold1\cvae_z8_seed43/selected epoch,True,
cvae\fold1\cvae_z8_seed43/KL schedule,True,max_abs_error=0.0; atol=1e-12; rtol=0
cvae\fold1\cvae_z8_seed43/saved objective,True,max_abs_error=0.0; atol=1e-10; rtol=1e-10
cvae\fold1\cvae_z8_seed43/independent encoder,True,max_abs_error=0.0; atol=2e-06; rtol=1e-05
cvae\fold1\cvae_z8_seed43/prediction IDs,True,
cvae\fold1\cvae_z8_seed43/true timing,True,max_abs_error=4.922790530770271e-08; atol=1e-07; rtol=1e-05
cvae\fold1\cvae_z8_seed43/independent timing predictions,True,max_abs_error=4.143981935378349e-08; atol=2e-06; rtol=2e-05
cvae\fold1\cvae_z8_seed43/independent trajectory MSE,True,max_abs_error=4.209594717252685e-08; atol=2e-06; rtol=2e-05
cvae\fold1\cvae_z8_seed43/independent decoder trajectory,True,max_abs_error=0.0; atol=2e-06; rtol=1e-05
cvae\fold1\cvae_z8_seed43/independent decoder timing,True,max_abs_error=0.0; atol=2e-06; rtol=1e-05
cvae\fold1\cvae_z8_seed43/timing withheld,True,max_abs_error=0.0; atol=0; rtol=0
cvae\fold1\cvae_z8_seed43/variational sampling behaviour,True,
cvae\fold1\cvae_z8_seed43/condition gradients,True,"{'encoder_condition0_gradient': 1.294724702835083, 'decoder_condition0_gradient': 198.9549102783203, 'encoder_condition1_gradient': 2.207533836364746, 'decoder_condition1_gradient': 275.7091979980469, 'encoder_condition2_gradient': 1.4842349290847778, 'decoder_condition2_gradient': 253.21910095214844, 'encoder_condition3_gradient': 1.3271490335464478, 'decoder_condition3_gradient': 75.79780578613281, 'encoder_condition4_gradient': 1.7625583410263062, 'decoder_condition4_gradient': 269.0953063964844}"
cvae\fold1\cvae_z8_seed43/condition swap behaviour,True,
cvae\fold1\cvae_z8_seed44/effective flags,True,
cvae\fold1\cvae_z8_seed44/train_mean train-only,True,max_abs_error=0.0; atol=1e-07; rtol=1e-06
cvae\fold1\cvae_z8_seed44/train_std train-only,True,max_abs_error=0.0; atol=1e-07; rtol=1e-06
cvae\fold1\cvae_z8_seed44/timing_mean train-only,True,max_abs_error=0.0; atol=1e-07; rtol=1e-06
cvae\fold1\cvae_z8_seed44/timing_std train-only,True,max_abs_error=0.0; atol=1e-07; rtol=1e-06
cvae\fold1\cvae_z8_seed44/validation objective,True,max_abs_error=0.0; atol=1e-10; rtol=1e-10
cvae\fold1\cvae_z8_seed44/selected epoch,True,
cvae\fold1\cvae_z8_seed44/KL schedule,True,max_abs_error=0.0; atol=1e-12; rtol=0
cvae\fold1\cvae_z8_seed44/saved objective,True,max_abs_error=0.0; atol=1e-10; rtol=1e-10
cvae\fold1\cvae_z8_seed44/independent encoder,True,max_abs_error=0.0; atol=2e-06; rtol=1e-05
cvae\fold1\cvae_z8_seed44/prediction IDs,True,
cvae\fold1\cvae_z8_seed44/true timing,True,max_abs_error=4.922790530770271e-08; atol=1e-07; rtol=1e-05
cvae\fold1\cvae_z8_seed44/independent timing predictions,True,max_abs_error=4.649353035901527e-08; atol=2e-06; rtol=2e-05
cvae\fold1\cvae_z8_seed44/independent trajectory MSE,True,max_abs_error=4.924774166248369e-08; atol=2e-06; rtol=2e-05
cvae\fold1\cvae_z8_seed44/independent decoder trajectory,True,max_abs_error=0.0; atol=2e-06; rtol=1e-05
cvae\fold1\cvae_z8_seed44/independent decoder timing,True,max_abs_error=0.0; atol=2e-06; rtol=1e-05
cvae\fold1\cvae_z8_seed44/timing withheld,True,max_abs_error=0.0; atol=0; rtol=0
cvae\fold1\cvae_z8_seed44/variational sampling behaviour,True,
cvae\fold1\cvae_z8_seed44/condition gradients,True,"{'encoder_condition0_gradient': 1.9620530605316162, 'decoder_condition0_gradient': 276.9910583496094, 'encoder_condition1_gradient': 1.8270909786224365, 'decoder_condition1_gradient': 293.1441345214844, 'encoder_condition2_gradient': 2.8381805419921875, 'decoder_condition2_gradient': 298.2552490234375, 'encoder_condition3_gradient': 1.24049973487854, 'decoder_condition3_gradient': 75.05189514160156, 'encoder_condition4_gradient': 2.8653745651245117, 'decoder_condition4_gradient': 262.9831237792969}"
cvae\fold1\cvae_z8_seed44/condition swap behaviour,True,
cvae\fold2\cvae_z2_seed42/effective flags,True,
cvae\fold2\cvae_z2_seed42/train_mean train-only,True,max_abs_error=0.0; atol=1e-07; rtol=1e-06
cvae\fold2\cvae_z2_seed42/train_std train-only,True,max_abs_error=0.0; atol=1e-07; rtol=1e-06
cvae\fold2\cvae_z2_seed42/timing_mean train-only,True,max_abs_error=0.0; atol=1e-07; rtol=1e-06
cvae\fold2\cvae_z2_seed42/timing_std train-only,True,max_abs_error=0.0; atol=1e-07; rtol=1e-06
cvae\fold2\cvae_z2_seed42/validation objective,True,max_abs_error=0.0; atol=1e-10; rtol=1e-10
cvae\fold2\cvae_z2_seed42/selected epoch,True,
cvae\fold2\cvae_z2_seed42/KL schedule,True,max_abs_error=0.0; atol=1e-12; rtol=0
cvae\fold2\cvae_z2_seed42/saved objective,True,max_abs_error=0.0; atol=1e-10; rtol=1e-10
cvae\fold2\cvae_z2_seed42/independent encoder,True,max_abs_error=0.0; atol=2e-06; rtol=1e-05
cvae\fold2\cvae_z2_seed42/prediction IDs,True,
cvae\fold2\cvae_z2_seed42/true timing,True,max_abs_error=4.922790530770271e-08; atol=1e-07; rtol=1e-05
cvae\fold2\cvae_z2_seed42/independent timing predictions,True,max_abs_error=4.500122074979629e-08; atol=2e-06; rtol=2e-05
cvae\fold2\cvae_z2_seed42/independent trajectory MSE,True,max_abs_error=3.1707763703536784e-07; atol=2e-06; rtol=2e-05
cvae\fold2\cvae_z2_seed42/independent decoder trajectory,True,max_abs_error=0.0; atol=2e-06; rtol=1e-05
cvae\fold2\cvae_z2_seed42/independent decoder timing,True,max_abs_error=0.0; atol=2e-06; rtol=1e-05
cvae\fold2\cvae_z2_seed42/timing withheld,True,max_abs_error=0.0; atol=0; rtol=0
cvae\fold2\cvae_z2_seed42/variational sampling behaviour,True,
cvae\fold2\cvae_z2_seed42/condition gradients,True,"{'encoder_condition0_gradient': 0.6943771839141846, 'decoder_condition0_gradient': 175.49856567382812, 'encoder_condition1_gradient': 0.3908824920654297, 'decoder_condition1_gradient': 28.457435607910156, 'encoder_condition2_gradient': 0.955877423286438, 'decoder_condition2_gradient': 69.11139678955078, 'encoder_condition3_gradient': 0.16466699540615082, 'decoder_condition3_gradient': 135.33578491210938, 'encoder_condition4_gradient': 0.9787790775299072, 'decoder_condition4_gradient': 198.7584228515625}"
cvae\fold2\cvae_z2_seed42/condition swap behaviour,True,
cvae\fold2\cvae_z2_seed43/effective flags,True,
cvae\fold2\cvae_z2_seed43/train_mean train-only,True,max_abs_error=0.0; atol=1e-07; rtol=1e-06
cvae\fold2\cvae_z2_seed43/train_std train-only,True,max_abs_error=0.0; atol=1e-07; rtol=1e-06
cvae\fold2\cvae_z2_seed43/timing_mean train-only,True,max_abs_error=0.0; atol=1e-07; rtol=1e-06
cvae\fold2\cvae_z2_seed43/timing_std train-only,True,max_abs_error=0.0; atol=1e-07; rtol=1e-06
cvae\fold2\cvae_z2_seed43/validation objective,True,max_abs_error=0.0; atol=1e-10; rtol=1e-10
cvae\fold2\cvae_z2_seed43/selected epoch,True,
cvae\fold2\cvae_z2_seed43/KL schedule,True,max_abs_error=0.0; atol=1e-12; rtol=0
cvae\fold2\cvae_z2_seed43/saved objective,True,max_abs_error=0.0; atol=1e-10; rtol=1e-10
cvae\fold2\cvae_z2_seed43/independent encoder,True,max_abs_error=0.0; atol=2e-06; rtol=1e-05
cvae\fold2\cvae_z2_seed43/prediction IDs,True,
cvae\fold2\cvae_z2_seed43/true timing,True,max_abs_error=4.922790530770271e-08; atol=1e-07; rtol=1e-05
cvae\fold2\cvae_z2_seed43/independent timing predictions,True,max_abs_error=2.779617314097038e-08; atol=2e-06; rtol=2e-05
cvae\fold2\cvae_z2_seed43/independent trajectory MSE,True,max_abs_error=4.6392822206087203e-07; atol=2e-06; rtol=2e-05
cvae\fold2\cvae_z2_seed43/independent decoder trajectory,True,max_abs_error=0.0; atol=2e-06; rtol=1e-05
cvae\fold2\cvae_z2_seed43/independent decoder timing,True,max_abs_error=0.0; atol=2e-06; rtol=1e-05
cvae\fold2\cvae_z2_seed43/timing withheld,True,max_abs_error=0.0; atol=0; rtol=0
cvae\fold2\cvae_z2_seed43/variational sampling behaviour,True,
cvae\fold2\cvae_z2_seed43/condition gradients,True,"{'encoder_condition0_gradient': 0.5044845938682556, 'decoder_condition0_gradient': 69.17997741699219, 'encoder_condition1_gradient': 0.2287549376487732, 'decoder_condition1_gradient': 59.683650970458984, 'encoder_condition2_gradient': 1.0570266246795654, 'decoder_condition2_gradient': 70.10137939453125, 'encoder_condition3_gradient': 0.12705154716968536, 'decoder_condition3_gradient': 29.122821807861328, 'encoder_condition4_gradient': 1.0285847187042236, 'decoder_condition4_gradient': 70.18991088867188}"
cvae\fold2\cvae_z2_seed43/condition swap behaviour,True,
cvae\fold2\cvae_z2_seed44/effective flags,True,
cvae\fold2\cvae_z2_seed44/train_mean train-only,True,max_abs_error=0.0; atol=1e-07; rtol=1e-06
cvae\fold2\cvae_z2_seed44/train_std train-only,True,max_abs_error=0.0; atol=1e-07; rtol=1e-06
cvae\fold2\cvae_z2_seed44/timing_mean train-only,True,max_abs_error=0.0; atol=1e-07; rtol=1e-06
cvae\fold2\cvae_z2_seed44/timing_std train-only,True,max_abs_error=0.0; atol=1e-07; rtol=1e-06
cvae\fold2\cvae_z2_seed44/validation objective,True,max_abs_error=0.0; atol=1e-10; rtol=1e-10
cvae\fold2\cvae_z2_seed44/selected epoch,True,
cvae\fold2\cvae_z2_seed44/KL schedule,True,max_abs_error=0.0; atol=1e-12; rtol=0
cvae\fold2\cvae_z2_seed44/saved objective,True,max_abs_error=0.0; atol=1e-10; rtol=1e-10
cvae\fold2\cvae_z2_seed44/independent encoder,True,max_abs_error=0.0; atol=2e-06; rtol=1e-05
cvae\fold2\cvae_z2_seed44/prediction IDs,True,
cvae\fold2\cvae_z2_seed44/true timing,True,max_abs_error=4.922790530770271e-08; atol=1e-07; rtol=1e-05
cvae\fold2\cvae_z2_seed44/independent timing predictions,True,max_abs_error=2.980194091506405e-08; atol=2e-06; rtol=2e-05
cvae\fold2\cvae_z2_seed44/independent trajectory MSE,True,max_abs_error=2.1246337844615937e-07; atol=2e-06; rtol=2e-05
cvae\fold2\cvae_z2_seed44/independent decoder trajectory,True,max_abs_error=0.0; atol=2e-06; rtol=1e-05
cvae\fold2\cvae_z2_seed44/independent decoder timing,True,max_abs_error=0.0; atol=2e-06; rtol=1e-05
cvae\fold2\cvae_z2_seed44/timing withheld,True,max_abs_error=0.0; atol=0; rtol=0
cvae\fold2\cvae_z2_seed44/variational sampling behaviour,True,
cvae\fold2\cvae_z2_seed44/condition gradients,True,"{'encoder_condition0_gradient': 0.24989928305149078, 'decoder_condition0_gradient': 86.63127899169922, 'encoder_condition1_gradient': 0.11781954020261765, 'decoder_condition1_gradient': 48.358062744140625, 'encoder_condition2_gradient': 0.29044994711875916, 'decoder_condition2_gradient': 37.80274963378906, 'encoder_condition3_gradient': 0.16571810841560364, 'decoder_condition3_gradient': 69.2417221069336, 'encoder_condition4_gradient': 0.2565751075744629, 'decoder_condition4_gradient': 53.56541061401367}"
cvae\fold2\cvae_z2_seed44/condition swap behaviour,True,
cvae\fold2\cvae_z3_seed42/effective flags,True,
cvae\fold2\cvae_z3_seed42/train_mean train-only,True,max_abs_error=0.0; atol=1e-07; rtol=1e-06
cvae\fold2\cvae_z3_seed42/train_std train-only,True,max_abs_error=0.0; atol=1e-07; rtol=1e-06
cvae\fold2\cvae_z3_seed42/timing_mean train-only,True,max_abs_error=0.0; atol=1e-07; rtol=1e-06
cvae\fold2\cvae_z3_seed42/timing_std train-only,True,max_abs_error=0.0; atol=1e-07; rtol=1e-06
cvae\fold2\cvae_z3_seed42/validation objective,True,max_abs_error=0.0; atol=1e-10; rtol=1e-10
cvae\fold2\cvae_z3_seed42/selected epoch,True,
cvae\fold2\cvae_z3_seed42/KL schedule,True,max_abs_error=0.0; atol=1e-12; rtol=0
cvae\fold2\cvae_z3_seed42/saved objective,True,max_abs_error=0.0; atol=1e-10; rtol=1e-10
cvae\fold2\cvae_z3_seed42/independent encoder,True,max_abs_error=0.0; atol=2e-06; rtol=1e-05
cvae\fold2\cvae_z3_seed42/prediction IDs,True,
cvae\fold2\cvae_z3_seed42/true timing,True,max_abs_error=4.922790530770271e-08; atol=1e-07; rtol=1e-05
cvae\fold2\cvae_z3_seed42/independent timing predictions,True,max_abs_error=3.4295654316451873e-08; atol=2e-06; rtol=2e-05
cvae\fold2\cvae_z3_seed42/independent trajectory MSE,True,max_abs_error=4.110717775063222e-07; atol=2e-06; rtol=2e-05
cvae\fold2\cvae_z3_seed42/independent decoder trajectory,True,max_abs_error=0.0; atol=2e-06; rtol=1e-05
cvae\fold2\cvae_z3_seed42/independent decoder timing,True,max_abs_error=0.0; atol=2e-06; rtol=1e-05
cvae\fold2\cvae_z3_seed42/timing withheld,True,max_abs_error=0.0; atol=0; rtol=0
cvae\fold2\cvae_z3_seed42/variational sampling behaviour,True,
cvae\fold2\cvae_z3_seed42/condition gradients,True,"{'encoder_condition0_gradient': 0.16357722878456116, 'decoder_condition0_gradient': 46.78774642944336, 'encoder_condition1_gradient': 0.30496281385421753, 'decoder_condition1_gradient': 65.64451599121094, 'encoder_condition2_gradient': 0.26416078209877014, 'decoder_condition2_gradient': 21.540855407714844, 'encoder_condition3_gradient': 0.2905588448047638, 'decoder_condition3_gradient': 21.51764678955078, 'encoder_condition4_gradient': 0.2796059846878052, 'decoder_condition4_gradient': 40.245513916015625}"
cvae\fold2\cvae_z3_seed42/condition swap behaviour,True,
cvae\fold2\cvae_z3_seed43/effective flags,True,
cvae\fold2\cvae_z3_seed43/train_mean train-only,True,max_abs_error=0.0; atol=1e-07; rtol=1e-06
cvae\fold2\cvae_z3_seed43/train_std train-only,True,max_abs_error=0.0; atol=1e-07; rtol=1e-06
cvae\fold2\cvae_z3_seed43/timing_mean train-only,True,max_abs_error=0.0; atol=1e-07; rtol=1e-06
cvae\fold2\cvae_z3_seed43/timing_std train-only,True,max_abs_error=0.0; atol=1e-07; rtol=1e-06
cvae\fold2\cvae_z3_seed43/validation objective,True,max_abs_error=0.0; atol=1e-10; rtol=1e-10
cvae\fold2\cvae_z3_seed43/selected epoch,True,
cvae\fold2\cvae_z3_seed43/KL schedule,True,max_abs_error=0.0; atol=1e-12; rtol=0
cvae\fold2\cvae_z3_seed43/saved objective,True,max_abs_error=0.0; atol=1e-10; rtol=1e-10
cvae\fold2\cvae_z3_seed43/independent encoder,True,max_abs_error=0.0; atol=2e-06; rtol=1e-05
cvae\fold2\cvae_z3_seed43/prediction IDs,True,
cvae\fold2\cvae_z3_seed43/true timing,True,max_abs_error=4.922790530770271e-08; atol=1e-07; rtol=1e-05
cvae\fold2\cvae_z3_seed43/independent timing predictions,True,max_abs_error=5.4603576549183686e-08; atol=2e-06; rtol=2e-05
cvae\fold2\cvae_z3_seed43/independent trajectory MSE,True,max_abs_error=1.9842529308533585e-07; atol=2e-06; rtol=2e-05
cvae\fold2\cvae_z3_seed43/independent decoder trajectory,True,max_abs_error=0.0; atol=2e-06; rtol=1e-05
cvae\fold2\cvae_z3_seed43/independent decoder timing,True,max_abs_error=0.0; atol=2e-06; rtol=1e-05
cvae\fold2\cvae_z3_seed43/timing withheld,True,max_abs_error=0.0; atol=0; rtol=0
cvae\fold2\cvae_z3_seed43/variational sampling behaviour,True,
cvae\fold2\cvae_z3_seed43/condition gradients,True,"{'encoder_condition0_gradient': 0.1435369998216629, 'decoder_condition0_gradient': 37.91037368774414, 'encoder_condition1_gradient': 0.3231668472290039, 'decoder_condition1_gradient': 38.40052795410156, 'encoder_condition2_gradient': 0.25962361693382263, 'decoder_condition2_gradient': 24.51495933532715, 'encoder_condition3_gradient': 0.2232486754655838, 'decoder_condition3_gradient': 30.99083709716797, 'encoder_condition4_gradient': 0.2795863449573517, 'decoder_condition4_gradient': 37.45233154296875}"
cvae\fold2\cvae_z3_seed43/condition swap behaviour,True,
cvae\fold2\cvae_z3_seed44/effective flags,True,
cvae\fold2\cvae_z3_seed44/train_mean train-only,True,max_abs_error=0.0; atol=1e-07; rtol=1e-06
cvae\fold2\cvae_z3_seed44/train_std train-only,True,max_abs_error=0.0; atol=1e-07; rtol=1e-06
cvae\fold2\cvae_z3_seed44/timing_mean train-only,True,max_abs_error=0.0; atol=1e-07; rtol=1e-06
cvae\fold2\cvae_z3_seed44/timing_std train-only,True,max_abs_error=0.0; atol=1e-07; rtol=1e-06
cvae\fold2\cvae_z3_seed44/validation objective,True,max_abs_error=0.0; atol=1e-10; rtol=1e-10
cvae\fold2\cvae_z3_seed44/selected epoch,True,
cvae\fold2\cvae_z3_seed44/KL schedule,True,max_abs_error=0.0; atol=1e-12; rtol=0
cvae\fold2\cvae_z3_seed44/saved objective,True,max_abs_error=0.0; atol=1e-10; rtol=1e-10
cvae\fold2\cvae_z3_seed44/independent encoder,True,max_abs_error=0.0; atol=2e-06; rtol=1e-05
cvae\fold2\cvae_z3_seed44/prediction IDs,True,
cvae\fold2\cvae_z3_seed44/true timing,True,max_abs_error=4.922790530770271e-08; atol=1e-07; rtol=1e-05
cvae\fold2\cvae_z3_seed44/independent timing predictions,True,max_abs_error=4.242706297397092e-08; atol=2e-06; rtol=2e-05
cvae\fold2\cvae_z3_seed44/independent trajectory MSE,True,max_abs_error=1.3052368164068184e-07; atol=2e-06; rtol=2e-05
cvae\fold2\cvae_z3_seed44/independent decoder trajectory,True,max_abs_error=0.0; atol=2e-06; rtol=1e-05
cvae\fold2\cvae_z3_seed44/independent decoder timing,True,max_abs_error=0.0; atol=2e-06; rtol=1e-05
cvae\fold2\cvae_z3_seed44/timing withheld,True,max_abs_error=0.0; atol=0; rtol=0
cvae\fold2\cvae_z3_seed44/variational sampling behaviour,True,
cvae\fold2\cvae_z3_seed44/condition gradients,True,"{'encoder_condition0_gradient': 0.2084873765707016, 'decoder_condition0_gradient': 36.971595764160156, 'encoder_condition1_gradient': 0.2309717833995819, 'decoder_condition1_gradient': 25.471744537353516, 'encoder_condition2_gradient': 0.2504555583000183, 'decoder_condition2_gradient': 21.637470245361328, 'encoder_condition3_gradient': 0.24940501153469086, 'decoder_condition3_gradient': 34.28749465942383, 'encoder_condition4_gradient': 0.2099071890115738, 'decoder_condition4_gradient': 74.83384704589844}"
cvae\fold2\cvae_z3_seed44/condition swap behaviour,True,
cvae\fold2\cvae_z4_seed42/effective flags,True,
cvae\fold2\cvae_z4_seed42/train_mean train-only,True,max_abs_error=0.0; atol=1e-07; rtol=1e-06
cvae\fold2\cvae_z4_seed42/train_std train-only,True,max_abs_error=0.0; atol=1e-07; rtol=1e-06
cvae\fold2\cvae_z4_seed42/timing_mean train-only,True,max_abs_error=0.0; atol=1e-07; rtol=1e-06
cvae\fold2\cvae_z4_seed42/timing_std train-only,True,max_abs_error=0.0; atol=1e-07; rtol=1e-06
cvae\fold2\cvae_z4_seed42/validation objective,True,max_abs_error=0.0; atol=1e-10; rtol=1e-10
cvae\fold2\cvae_z4_seed42/selected epoch,True,
cvae\fold2\cvae_z4_seed42/KL schedule,True,max_abs_error=0.0; atol=1e-12; rtol=0
cvae\fold2\cvae_z4_seed42/saved objective,True,max_abs_error=0.0; atol=1e-10; rtol=1e-10
cvae\fold2\cvae_z4_seed42/independent encoder,True,max_abs_error=0.0; atol=2e-06; rtol=1e-05
cvae\fold2\cvae_z4_seed42/prediction IDs,True,
cvae\fold2\cvae_z4_seed42/true timing,True,max_abs_error=4.922790530770271e-08; atol=1e-07; rtol=1e-05
cvae\fold2\cvae_z4_seed42/independent timing predictions,True,max_abs_error=4.992675783910272e-08; atol=2e-06; rtol=2e-05
cvae\fold2\cvae_z4_seed42/independent trajectory MSE,True,max_abs_error=3.5433959988395713e-08; atol=2e-06; rtol=2e-05
cvae\fold2\cvae_z4_seed42/independent decoder trajectory,True,max_abs_error=0.0; atol=2e-06; rtol=1e-05
cvae\fold2\cvae_z4_seed42/independent decoder timing,True,max_abs_error=0.0; atol=2e-06; rtol=1e-05
cvae\fold2\cvae_z4_seed42/timing withheld,True,max_abs_error=0.0; atol=0; rtol=0
cvae\fold2\cvae_z4_seed42/variational sampling behaviour,True,
cvae\fold2\cvae_z4_seed42/condition gradients,True,"{'encoder_condition0_gradient': 0.27660250663757324, 'decoder_condition0_gradient': 30.057802200317383, 'encoder_condition1_gradient': 0.49588802456855774, 'decoder_condition1_gradient': 21.04827308654785, 'encoder_condition2_gradient': 0.40377485752105713, 'decoder_condition2_gradient': 19.14794921875, 'encoder_condition3_gradient': 0.14119185507297516, 'decoder_condition3_gradient': 16.44544792175293, 'encoder_condition4_gradient': 0.45120471715927124, 'decoder_condition4_gradient': 45.51593017578125}"
cvae\fold2\cvae_z4_seed42/condition swap behaviour,True,
cvae\fold2\cvae_z4_seed43/effective flags,True,
cvae\fold2\cvae_z4_seed43/train_mean train-only,True,max_abs_error=0.0; atol=1e-07; rtol=1e-06
cvae\fold2\cvae_z4_seed43/train_std train-only,True,max_abs_error=0.0; atol=1e-07; rtol=1e-06
cvae\fold2\cvae_z4_seed43/timing_mean train-only,True,max_abs_error=0.0; atol=1e-07; rtol=1e-06
cvae\fold2\cvae_z4_seed43/timing_std train-only,True,max_abs_error=0.0; atol=1e-07; rtol=1e-06
cvae\fold2\cvae_z4_seed43/validation objective,True,max_abs_error=0.0; atol=1e-10; rtol=1e-10
cvae\fold2\cvae_z4_seed43/selected epoch,True,
cvae\fold2\cvae_z4_seed43/KL schedule,True,max_abs_error=0.0; atol=1e-12; rtol=0
cvae\fold2\cvae_z4_seed43/saved objective,True,max_abs_error=0.0; atol=1e-10; rtol=1e-10
cvae\fold2\cvae_z4_seed43/independent encoder,True,max_abs_error=0.0; atol=2e-06; rtol=1e-05
cvae\fold2\cvae_z4_seed43/prediction IDs,True,
cvae\fold2\cvae_z4_seed43/true timing,True,max_abs_error=4.922790530770271e-08; atol=1e-07; rtol=1e-05
cvae\fold2\cvae_z4_seed43/independent timing predictions,True,max_abs_error=4.7434997485495956e-08; atol=2e-06; rtol=2e-05
cvae\fold2\cvae_z4_seed43/independent trajectory MSE,True,max_abs_error=1.1753845230444426e-07; atol=2e-06; rtol=2e-05
cvae\fold2\cvae_z4_seed43/independent decoder trajectory,True,max_abs_error=0.0; atol=2e-06; rtol=1e-05
cvae\fold2\cvae_z4_seed43/independent decoder timing,True,max_abs_error=0.0; atol=2e-06; rtol=1e-05
cvae\fold2\cvae_z4_seed43/timing withheld,True,max_abs_error=0.0; atol=0; rtol=0
cvae\fold2\cvae_z4_seed43/variational sampling behaviour,True,
cvae\fold2\cvae_z4_seed43/condition gradients,True,"{'encoder_condition0_gradient': 0.34239697456359863, 'decoder_condition0_gradient': 112.05809020996094, 'encoder_condition1_gradient': 0.3546804189682007, 'decoder_condition1_gradient': 84.82198333740234, 'encoder_condition2_gradient': 0.40720999240875244, 'decoder_condition2_gradient': 56.917442321777344, 'encoder_condition3_gradient': 0.2519693374633789, 'decoder_condition3_gradient': 39.91939926147461, 'encoder_condition4_gradient': 0.4413129985332489, 'decoder_condition4_gradient': 73.46837615966797}"
cvae\fold2\cvae_z4_seed43/condition swap behaviour,True,
cvae\fold2\cvae_z4_seed44/effective flags,True,
cvae\fold2\cvae_z4_seed44/train_mean train-only,True,max_abs_error=0.0; atol=1e-07; rtol=1e-06
cvae\fold2\cvae_z4_seed44/train_std train-only,True,max_abs_error=0.0; atol=1e-07; rtol=1e-06
cvae\fold2\cvae_z4_seed44/timing_mean train-only,True,max_abs_error=0.0; atol=1e-07; rtol=1e-06
cvae\fold2\cvae_z4_seed44/timing_std train-only,True,max_abs_error=0.0; atol=1e-07; rtol=1e-06
cvae\fold2\cvae_z4_seed44/validation objective,True,max_abs_error=0.0; atol=1e-10; rtol=1e-10
cvae\fold2\cvae_z4_seed44/selected epoch,True,
cvae\fold2\cvae_z4_seed44/KL schedule,True,max_abs_error=0.0; atol=1e-12; rtol=0
cvae\fold2\cvae_z4_seed44/saved objective,True,max_abs_error=0.0; atol=1e-10; rtol=1e-10
cvae\fold2\cvae_z4_seed44/independent encoder,True,max_abs_error=0.0; atol=2e-06; rtol=1e-05
cvae\fold2\cvae_z4_seed44/prediction IDs,True,
cvae\fold2\cvae_z4_seed44/true timing,True,max_abs_error=4.922790530770271e-08; atol=1e-07; rtol=1e-05
cvae\fold2\cvae_z4_seed44/independent timing predictions,True,max_abs_error=4.40017700054085e-08; atol=2e-06; rtol=2e-05
cvae\fold2\cvae_z4_seed44/independent trajectory MSE,True,max_abs_error=9.413146973002995e-08; atol=2e-06; rtol=2e-05
cvae\fold2\cvae_z4_seed44/independent decoder trajectory,True,max_abs_error=0.0; atol=2e-06; rtol=1e-05
cvae\fold2\cvae_z4_seed44/independent decoder timing,True,max_abs_error=0.0; atol=2e-06; rtol=1e-05
cvae\fold2\cvae_z4_seed44/timing withheld,True,max_abs_error=0.0; atol=0; rtol=0
cvae\fold2\cvae_z4_seed44/variational sampling behaviour,True,
cvae\fold2\cvae_z4_seed44/condition gradients,True,"{'encoder_condition0_gradient': 0.30679231882095337, 'decoder_condition0_gradient': 105.27110290527344, 'encoder_condition1_gradient': 0.4642733335494995, 'decoder_condition1_gradient': 125.71536254882812, 'encoder_condition2_gradient': 0.3682120144367218, 'decoder_condition2_gradient': 91.90399169921875, 'encoder_condition3_gradient': 0.1618730127811432, 'decoder_condition3_gradient': 10.502694129943848, 'encoder_condition4_gradient': 0.4161083996295929, 'decoder_condition4_gradient': 65.30414581298828}"
cvae\fold2\cvae_z4_seed44/condition swap behaviour,True,
cvae\fold2\cvae_z8_seed42/effective flags,True,
cvae\fold2\cvae_z8_seed42/train_mean train-only,True,max_abs_error=0.0; atol=1e-07; rtol=1e-06
cvae\fold2\cvae_z8_seed42/train_std train-only,True,max_abs_error=0.0; atol=1e-07; rtol=1e-06
cvae\fold2\cvae_z8_seed42/timing_mean train-only,True,max_abs_error=0.0; atol=1e-07; rtol=1e-06
cvae\fold2\cvae_z8_seed42/timing_std train-only,True,max_abs_error=0.0; atol=1e-07; rtol=1e-06
cvae\fold2\cvae_z8_seed42/validation objective,True,max_abs_error=0.0; atol=1e-10; rtol=1e-10
cvae\fold2\cvae_z8_seed42/selected epoch,True,
cvae\fold2\cvae_z8_seed42/KL schedule,True,max_abs_error=0.0; atol=1e-12; rtol=0
cvae\fold2\cvae_z8_seed42/saved objective,True,max_abs_error=0.0; atol=1e-10; rtol=1e-10
cvae\fold2\cvae_z8_seed42/independent encoder,True,max_abs_error=0.0; atol=2e-06; rtol=1e-05
cvae\fold2\cvae_z8_seed42/prediction IDs,True,
cvae\fold2\cvae_z8_seed42/true timing,True,max_abs_error=4.922790530770271e-08; atol=1e-07; rtol=1e-05
cvae\fold2\cvae_z8_seed42/independent timing predictions,True,max_abs_error=4.9555969328096694e-08; atol=2e-06; rtol=2e-05
cvae\fold2\cvae_z8_seed42/independent trajectory MSE,True,max_abs_error=2.4572754053764356e-08; atol=2e-06; rtol=2e-05
cvae\fold2\cvae_z8_seed42/independent decoder trajectory,True,max_abs_error=0.0; atol=2e-06; rtol=1e-05
cvae\fold2\cvae_z8_seed42/independent decoder timing,True,max_abs_error=0.0; atol=2e-06; rtol=1e-05
cvae\fold2\cvae_z8_seed42/timing withheld,True,max_abs_error=0.0; atol=0; rtol=0
cvae\fold2\cvae_z8_seed42/variational sampling behaviour,True,
cvae\fold2\cvae_z8_seed42/condition gradients,True,"{'encoder_condition0_gradient': 1.2659180164337158, 'decoder_condition0_gradient': 53.70290756225586, 'encoder_condition1_gradient': 1.0552936792373657, 'decoder_condition1_gradient': 83.58873748779297, 'encoder_condition2_gradient': 0.8309400677680969, 'decoder_condition2_gradient': 75.34371948242188, 'encoder_condition3_gradient': 0.35606685280799866, 'decoder_condition3_gradient': 14.69596004486084, 'encoder_condition4_gradient': 1.0287600755691528, 'decoder_condition4_gradient': 82.90869140625}"
cvae\fold2\cvae_z8_seed42/condition swap behaviour,True,
cvae\fold2\cvae_z8_seed43/effective flags,True,
cvae\fold2\cvae_z8_seed43/train_mean train-only,True,max_abs_error=0.0; atol=1e-07; rtol=1e-06
cvae\fold2\cvae_z8_seed43/train_std train-only,True,max_abs_error=0.0; atol=1e-07; rtol=1e-06
cvae\fold2\cvae_z8_seed43/timing_mean train-only,True,max_abs_error=0.0; atol=1e-07; rtol=1e-06
cvae\fold2\cvae_z8_seed43/timing_std train-only,True,max_abs_error=0.0; atol=1e-07; rtol=1e-06
cvae\fold2\cvae_z8_seed43/validation objective,True,max_abs_error=0.0; atol=1e-10; rtol=1e-10
cvae\fold2\cvae_z8_seed43/selected epoch,True,
cvae\fold2\cvae_z8_seed43/KL schedule,True,max_abs_error=0.0; atol=1e-12; rtol=0
cvae\fold2\cvae_z8_seed43/saved objective,True,max_abs_error=0.0; atol=1e-10; rtol=1e-10
cvae\fold2\cvae_z8_seed43/independent encoder,True,max_abs_error=0.0; atol=2e-06; rtol=1e-05
cvae\fold2\cvae_z8_seed43/prediction IDs,True,
cvae\fold2\cvae_z8_seed43/true timing,True,max_abs_error=4.922790530770271e-08; atol=1e-07; rtol=1e-05
cvae\fold2\cvae_z8_seed43/independent timing predictions,True,max_abs_error=3.563385009286435e-08; atol=2e-06; rtol=2e-05
cvae\fold2\cvae_z8_seed43/independent trajectory MSE,True,max_abs_error=2.5483703591788753e-08; atol=2e-06; rtol=2e-05
cvae\fold2\cvae_z8_seed43/independent decoder trajectory,True,max_abs_error=0.0; atol=2e-06; rtol=1e-05
cvae\fold2\cvae_z8_seed43/independent decoder timing,True,max_abs_error=0.0; atol=2e-06; rtol=1e-05
cvae\fold2\cvae_z8_seed43/timing withheld,True,max_abs_error=0.0; atol=0; rtol=0
cvae\fold2\cvae_z8_seed43/variational sampling behaviour,True,
cvae\fold2\cvae_z8_seed43/condition gradients,True,"{'encoder_condition0_gradient': 1.4376335144042969, 'decoder_condition0_gradient': 71.09739685058594, 'encoder_condition1_gradient': 1.4966551065444946, 'decoder_condition1_gradient': 66.19639587402344, 'encoder_condition2_gradient': 1.5539436340332031, 'decoder_condition2_gradient': 56.21345138549805, 'encoder_condition3_gradient': 0.2808713912963867, 'decoder_condition3_gradient': 16.27168083190918, 'encoder_condition4_gradient': 2.0136640071868896, 'decoder_condition4_gradient': 72.7278060913086}"
cvae\fold2\cvae_z8_seed43/condition swap behaviour,True,
cvae\fold2\cvae_z8_seed44/effective flags,True,
cvae\fold2\cvae_z8_seed44/train_mean train-only,True,max_abs_error=0.0; atol=1e-07; rtol=1e-06
cvae\fold2\cvae_z8_seed44/train_std train-only,True,max_abs_error=0.0; atol=1e-07; rtol=1e-06
cvae\fold2\cvae_z8_seed44/timing_mean train-only,True,max_abs_error=0.0; atol=1e-07; rtol=1e-06
cvae\fold2\cvae_z8_seed44/timing_std train-only,True,max_abs_error=0.0; atol=1e-07; rtol=1e-06
cvae\fold2\cvae_z8_seed44/validation objective,True,max_abs_error=0.0; atol=1e-10; rtol=1e-10
cvae\fold2\cvae_z8_seed44/selected epoch,True,
cvae\fold2\cvae_z8_seed44/KL schedule,True,max_abs_error=0.0; atol=1e-12; rtol=0
cvae\fold2\cvae_z8_seed44/saved objective,True,max_abs_error=0.0; atol=1e-10; rtol=1e-10
cvae\fold2\cvae_z8_seed44/independent encoder,True,max_abs_error=0.0; atol=2e-06; rtol=1e-05
cvae\fold2\cvae_z8_seed44/prediction IDs,True,
cvae\fold2\cvae_z8_seed44/true timing,True,max_abs_error=4.922790530770271e-08; atol=1e-07; rtol=1e-05
cvae\fold2\cvae_z8_seed44/independent timing predictions,True,max_abs_error=4.104003914484622e-08; atol=2e-06; rtol=2e-05
cvae\fold2\cvae_z8_seed44/independent trajectory MSE,True,max_abs_error=3.577423091094545e-08; atol=2e-06; rtol=2e-05
cvae\fold2\cvae_z8_seed44/independent decoder trajectory,True,max_abs_error=0.0; atol=2e-06; rtol=1e-05
cvae\fold2\cvae_z8_seed44/independent decoder timing,True,max_abs_error=0.0; atol=2e-06; rtol=1e-05
cvae\fold2\cvae_z8_seed44/timing withheld,True,max_abs_error=0.0; atol=0; rtol=0
cvae\fold2\cvae_z8_seed44/variational sampling behaviour,True,
cvae\fold2\cvae_z8_seed44/condition gradients,True,"{'encoder_condition0_gradient': 1.2532576322555542, 'decoder_condition0_gradient': 127.79181671142578, 'encoder_condition1_gradient': 1.0658289194107056, 'decoder_condition1_gradient': 92.28987121582031, 'encoder_condition2_gradient': 1.4391710758209229, 'decoder_condition2_gradient': 74.07485961914062, 'encoder_condition3_gradient': 0.6053735017776489, 'decoder_condition3_gradient': 39.61510467529297, 'encoder_condition4_gradient': 1.2096184492111206, 'decoder_condition4_gradient': 136.5409698486328}"
cvae\fold2\cvae_z8_seed44/condition swap behaviour,True,
cvae\fold3\cvae_z2_seed42/effective flags,True,
cvae\fold3\cvae_z2_seed42/train_mean train-only,True,max_abs_error=0.0; atol=1e-07; rtol=1e-06
cvae\fold3\cvae_z2_seed42/train_std train-only,True,max_abs_error=0.0; atol=1e-07; rtol=1e-06
cvae\fold3\cvae_z2_seed42/timing_mean train-only,True,max_abs_error=0.0; atol=1e-07; rtol=1e-06
cvae\fold3\cvae_z2_seed42/timing_std train-only,True,max_abs_error=0.0; atol=1e-07; rtol=1e-06
cvae\fold3\cvae_z2_seed42/validation objective,True,max_abs_error=0.0; atol=1e-10; rtol=1e-10
cvae\fold3\cvae_z2_seed42/selected epoch,True,
cvae\fold3\cvae_z2_seed42/KL schedule,True,max_abs_error=0.0; atol=1e-12; rtol=0
cvae\fold3\cvae_z2_seed42/saved objective,True,max_abs_error=0.0; atol=1e-10; rtol=1e-10
cvae\fold3\cvae_z2_seed42/independent encoder,True,max_abs_error=0.0; atol=2e-06; rtol=1e-05
cvae\fold3\cvae_z2_seed42/prediction IDs,True,
cvae\fold3\cvae_z2_seed42/true timing,True,max_abs_error=4.768371586472142e-08; atol=1e-07; rtol=1e-05
cvae\fold3\cvae_z2_seed42/independent timing predictions,True,max_abs_error=2.998199466475171e-08; atol=2e-06; rtol=2e-05
cvae\fold3\cvae_z2_seed42/independent trajectory MSE,True,max_abs_error=4.443969725542729e-07; atol=2e-06; rtol=2e-05
cvae\fold3\cvae_z2_seed42/independent decoder trajectory,True,max_abs_error=0.0; atol=2e-06; rtol=1e-05
cvae\fold3\cvae_z2_seed42/independent decoder timing,True,max_abs_error=0.0; atol=2e-06; rtol=1e-05
cvae\fold3\cvae_z2_seed42/timing withheld,True,max_abs_error=0.0; atol=0; rtol=0
cvae\fold3\cvae_z2_seed42/variational sampling behaviour,True,
cvae\fold3\cvae_z2_seed42/condition gradients,True,"{'encoder_condition0_gradient': 1.4558477401733398, 'decoder_condition0_gradient': 127.4627914428711, 'encoder_condition1_gradient': 2.2688865661621094, 'decoder_condition1_gradient': 248.09417724609375, 'encoder_condition2_gradient': 2.515681028366089, 'decoder_condition2_gradient': 186.14877319335938, 'encoder_condition3_gradient': 2.535003185272217, 'decoder_condition3_gradient': 128.94143676757812, 'encoder_condition4_gradient': 3.2771575450897217, 'decoder_condition4_gradient': 290.4833679199219}"
cvae\fold3\cvae_z2_seed42/condition swap behaviour,True,
cvae\fold3\cvae_z2_seed43/effective flags,True,
cvae\fold3\cvae_z2_seed43/train_mean train-only,True,max_abs_error=0.0; atol=1e-07; rtol=1e-06
cvae\fold3\cvae_z2_seed43/train_std train-only,True,max_abs_error=0.0; atol=1e-07; rtol=1e-06
cvae\fold3\cvae_z2_seed43/timing_mean train-only,True,max_abs_error=0.0; atol=1e-07; rtol=1e-06
cvae\fold3\cvae_z2_seed43/timing_std train-only,True,max_abs_error=0.0; atol=1e-07; rtol=1e-06
cvae\fold3\cvae_z2_seed43/validation objective,True,max_abs_error=0.0; atol=1e-10; rtol=1e-10
cvae\fold3\cvae_z2_seed43/selected epoch,True,
cvae\fold3\cvae_z2_seed43/KL schedule,True,max_abs_error=0.0; atol=1e-12; rtol=0
cvae\fold3\cvae_z2_seed43/saved objective,True,max_abs_error=0.0; atol=1e-10; rtol=1e-10
cvae\fold3\cvae_z2_seed43/independent encoder,True,max_abs_error=0.0; atol=2e-06; rtol=1e-05
cvae\fold3\cvae_z2_seed43/prediction IDs,True,
cvae\fold3\cvae_z2_seed43/true timing,True,max_abs_error=4.768371586472142e-08; atol=1e-07; rtol=1e-05
cvae\fold3\cvae_z2_seed43/independent timing predictions,True,max_abs_error=4.661865204980131e-08; atol=2e-06; rtol=2e-05
cvae\fold3\cvae_z2_seed43/independent trajectory MSE,True,max_abs_error=8.099365231828415e-07; atol=2e-06; rtol=2e-05
cvae\fold3\cvae_z2_seed43/independent decoder trajectory,True,max_abs_error=0.0; atol=2e-06; rtol=1e-05
cvae\fold3\cvae_z2_seed43/independent decoder timing,True,max_abs_error=0.0; atol=2e-06; rtol=1e-05
cvae\fold3\cvae_z2_seed43/timing withheld,True,max_abs_error=0.0; atol=0; rtol=0
cvae\fold3\cvae_z2_seed43/variational sampling behaviour,True,
cvae\fold3\cvae_z2_seed43/condition gradients,True,"{'encoder_condition0_gradient': 1.1389904022216797, 'decoder_condition0_gradient': 171.8304901123047, 'encoder_condition1_gradient': 0.46650102734565735, 'decoder_condition1_gradient': 180.91683959960938, 'encoder_condition2_gradient': 0.36785849928855896, 'decoder_condition2_gradient': 495.2047119140625, 'encoder_condition3_gradient': 0.4770772457122803, 'decoder_condition3_gradient': 144.3727264404297, 'encoder_condition4_gradient': 0.5971896052360535, 'decoder_condition4_gradient': 469.7484130859375}"
cvae\fold3\cvae_z2_seed43/condition swap behaviour,True,
cvae\fold3\cvae_z2_seed44/effective flags,True,
cvae\fold3\cvae_z2_seed44/train_mean train-only,True,max_abs_error=0.0; atol=1e-07; rtol=1e-06
cvae\fold3\cvae_z2_seed44/train_std train-only,True,max_abs_error=0.0; atol=1e-07; rtol=1e-06
cvae\fold3\cvae_z2_seed44/timing_mean train-only,True,max_abs_error=0.0; atol=1e-07; rtol=1e-06
cvae\fold3\cvae_z2_seed44/timing_std train-only,True,max_abs_error=0.0; atol=1e-07; rtol=1e-06
cvae\fold3\cvae_z2_seed44/validation objective,True,max_abs_error=0.0; atol=1e-10; rtol=1e-10
cvae\fold3\cvae_z2_seed44/selected epoch,True,
cvae\fold3\cvae_z2_seed44/KL schedule,True,max_abs_error=0.0; atol=1e-12; rtol=0
cvae\fold3\cvae_z2_seed44/saved objective,True,max_abs_error=0.0; atol=1e-10; rtol=1e-10
cvae\fold3\cvae_z2_seed44/independent encoder,True,max_abs_error=0.0; atol=2e-06; rtol=1e-05
cvae\fold3\cvae_z2_seed44/prediction IDs,True,
cvae\fold3\cvae_z2_seed44/true timing,True,max_abs_error=4.768371586472142e-08; atol=1e-07; rtol=1e-05
cvae\fold3\cvae_z2_seed44/independent timing predictions,True,max_abs_error=3.083190924790813e-08; atol=2e-06; rtol=2e-05
cvae\fold3\cvae_z2_seed44/independent trajectory MSE,True,max_abs_error=3.0065918110722123e-07; atol=2e-06; rtol=2e-05
cvae\fold3\cvae_z2_seed44/independent decoder trajectory,True,max_abs_error=0.0; atol=2e-06; rtol=1e-05
cvae\fold3\cvae_z2_seed44/independent decoder timing,True,max_abs_error=0.0; atol=2e-06; rtol=1e-05
cvae\fold3\cvae_z2_seed44/timing withheld,True,max_abs_error=0.0; atol=0; rtol=0
cvae\fold3\cvae_z2_seed44/variational sampling behaviour,True,
cvae\fold3\cvae_z2_seed44/condition gradients,True,"{'encoder_condition0_gradient': 0.7406957149505615, 'decoder_condition0_gradient': 242.72604370117188, 'encoder_condition1_gradient': 0.46205127239227295, 'decoder_condition1_gradient': 153.3358154296875, 'encoder_condition2_gradient': 0.7864449620246887, 'decoder_condition2_gradient': 310.3186950683594, 'encoder_condition3_gradient': 0.6684586405754089, 'decoder_condition3_gradient': 211.15553283691406, 'encoder_condition4_gradient': 1.0246424674987793, 'decoder_condition4_gradient': 106.11308288574219}"
cvae\fold3\cvae_z2_seed44/condition swap behaviour,True,
cvae\fold3\cvae_z3_seed42/effective flags,True,
cvae\fold3\cvae_z3_seed42/train_mean train-only,True,max_abs_error=0.0; atol=1e-07; rtol=1e-06
cvae\fold3\cvae_z3_seed42/train_std train-only,True,max_abs_error=0.0; atol=1e-07; rtol=1e-06
cvae\fold3\cvae_z3_seed42/timing_mean train-only,True,max_abs_error=0.0; atol=1e-07; rtol=1e-06
cvae\fold3\cvae_z3_seed42/timing_std train-only,True,max_abs_error=0.0; atol=1e-07; rtol=1e-06
cvae\fold3\cvae_z3_seed42/validation objective,True,max_abs_error=0.0; atol=1e-10; rtol=1e-10
cvae\fold3\cvae_z3_seed42/selected epoch,True,
cvae\fold3\cvae_z3_seed42/KL schedule,True,max_abs_error=0.0; atol=1e-12; rtol=0
cvae\fold3\cvae_z3_seed42/saved objective,True,max_abs_error=0.0; atol=1e-10; rtol=1e-10
cvae\fold3\cvae_z3_seed42/independent encoder,True,max_abs_error=0.0; atol=2e-06; rtol=1e-05
cvae\fold3\cvae_z3_seed42/prediction IDs,True,
cvae\fold3\cvae_z3_seed42/true timing,True,max_abs_error=4.768371586472142e-08; atol=1e-07; rtol=1e-05
cvae\fold3\cvae_z3_seed42/independent timing predictions,True,max_abs_error=2.444534297207923e-08; atol=2e-06; rtol=2e-05
cvae\fold3\cvae_z3_seed42/independent trajectory MSE,True,max_abs_error=2.416992188614131e-07; atol=2e-06; rtol=2e-05
cvae\fold3\cvae_z3_seed42/independent decoder trajectory,True,max_abs_error=0.0; atol=2e-06; rtol=1e-05
cvae\fold3\cvae_z3_seed42/independent decoder timing,True,max_abs_error=0.0; atol=2e-06; rtol=1e-05
cvae\fold3\cvae_z3_seed42/timing withheld,True,max_abs_error=0.0; atol=0; rtol=0
cvae\fold3\cvae_z3_seed42/variational sampling behaviour,True,
cvae\fold3\cvae_z3_seed42/condition gradients,True,"{'encoder_condition0_gradient': 1.4223716259002686, 'decoder_condition0_gradient': 111.03990173339844, 'encoder_condition1_gradient': 0.7191489934921265, 'decoder_condition1_gradient': 138.79617309570312, 'encoder_condition2_gradient': 1.3573697805404663, 'decoder_condition2_gradient': 61.30653381347656, 'encoder_condition3_gradient': 0.9546342492103577, 'decoder_condition3_gradient': 47.45030975341797, 'encoder_condition4_gradient': 1.767777919769287, 'decoder_condition4_gradient': 101.35502624511719}"
cvae\fold3\cvae_z3_seed42/condition swap behaviour,True,
cvae\fold3\cvae_z3_seed43/effective flags,True,
cvae\fold3\cvae_z3_seed43/train_mean train-only,True,max_abs_error=0.0; atol=1e-07; rtol=1e-06
cvae\fold3\cvae_z3_seed43/train_std train-only,True,max_abs_error=0.0; atol=1e-07; rtol=1e-06
cvae\fold3\cvae_z3_seed43/timing_mean train-only,True,max_abs_error=0.0; atol=1e-07; rtol=1e-06
cvae\fold3\cvae_z3_seed43/timing_std train-only,True,max_abs_error=0.0; atol=1e-07; rtol=1e-06
cvae\fold3\cvae_z3_seed43/validation objective,True,max_abs_error=0.0; atol=1e-10; rtol=1e-10
cvae\fold3\cvae_z3_seed43/selected epoch,True,
cvae\fold3\cvae_z3_seed43/KL schedule,True,max_abs_error=0.0; atol=1e-12; rtol=0
cvae\fold3\cvae_z3_seed43/saved objective,True,max_abs_error=0.0; atol=1e-10; rtol=1e-10
cvae\fold3\cvae_z3_seed43/independent encoder,True,max_abs_error=0.0; atol=2e-06; rtol=1e-05
cvae\fold3\cvae_z3_seed43/prediction IDs,True,
cvae\fold3\cvae_z3_seed43/true timing,True,max_abs_error=4.768371586472142e-08; atol=1e-07; rtol=1e-05
cvae\fold3\cvae_z3_seed43/independent timing predictions,True,max_abs_error=1.4874649068019608e-08; atol=2e-06; rtol=2e-05
cvae\fold3\cvae_z3_seed43/independent trajectory MSE,True,max_abs_error=4.558715822611248e-07; atol=2e-06; rtol=2e-05
cvae\fold3\cvae_z3_seed43/independent decoder trajectory,True,max_abs_error=0.0; atol=2e-06; rtol=1e-05
cvae\fold3\cvae_z3_seed43/independent decoder timing,True,max_abs_error=0.0; atol=2e-06; rtol=1e-05
cvae\fold3\cvae_z3_seed43/timing withheld,True,max_abs_error=0.0; atol=0; rtol=0
cvae\fold3\cvae_z3_seed43/variational sampling behaviour,True,
cvae\fold3\cvae_z3_seed43/condition gradients,True,"{'encoder_condition0_gradient': 1.1172938346862793, 'decoder_condition0_gradient': 25.456722259521484, 'encoder_condition1_gradient': 3.875990390777588, 'decoder_condition1_gradient': 58.48361587524414, 'encoder_condition2_gradient': 1.2816671133041382, 'decoder_condition2_gradient': 20.350696563720703, 'encoder_condition3_gradient': 0.8848862648010254, 'decoder_condition3_gradient': 87.80467224121094, 'encoder_condition4_gradient': 1.9376813173294067, 'decoder_condition4_gradient': 39.128753662109375}"
cvae\fold3\cvae_z3_seed43/condition swap behaviour,True,
cvae\fold3\cvae_z3_seed44/effective flags,True,
cvae\fold3\cvae_z3_seed44/train_mean train-only,True,max_abs_error=0.0; atol=1e-07; rtol=1e-06
cvae\fold3\cvae_z3_seed44/train_std train-only,True,max_abs_error=0.0; atol=1e-07; rtol=1e-06
cvae\fold3\cvae_z3_seed44/timing_mean train-only,True,max_abs_error=0.0; atol=1e-07; rtol=1e-06
cvae\fold3\cvae_z3_seed44/timing_std train-only,True,max_abs_error=0.0; atol=1e-07; rtol=1e-06
cvae\fold3\cvae_z3_seed44/validation objective,True,max_abs_error=0.0; atol=1e-10; rtol=1e-10
cvae\fold3\cvae_z3_seed44/selected epoch,True,
cvae\fold3\cvae_z3_seed44/KL schedule,True,max_abs_error=0.0; atol=1e-12; rtol=0
cvae\fold3\cvae_z3_seed44/saved objective,True,max_abs_error=0.0; atol=1e-10; rtol=1e-10
cvae\fold3\cvae_z3_seed44/independent encoder,True,max_abs_error=0.0; atol=2e-06; rtol=1e-05
cvae\fold3\cvae_z3_seed44/prediction IDs,True,
cvae\fold3\cvae_z3_seed44/true timing,True,max_abs_error=4.768371586472142e-08; atol=1e-07; rtol=1e-05
cvae\fold3\cvae_z3_seed44/independent timing predictions,True,max_abs_error=4.133605946421426e-08; atol=2e-06; rtol=2e-05
cvae\fold3\cvae_z3_seed44/independent trajectory MSE,True,max_abs_error=1.5078735327023196e-07; atol=2e-06; rtol=2e-05
cvae\fold3\cvae_z3_seed44/independent decoder trajectory,True,max_abs_error=0.0; atol=2e-06; rtol=1e-05
cvae\fold3\cvae_z3_seed44/independent decoder timing,True,max_abs_error=0.0; atol=2e-06; rtol=1e-05
cvae\fold3\cvae_z3_seed44/timing withheld,True,max_abs_error=0.0; atol=0; rtol=0
cvae\fold3\cvae_z3_seed44/variational sampling behaviour,True,
cvae\fold3\cvae_z3_seed44/condition gradients,True,"{'encoder_condition0_gradient': 0.9037861824035645, 'decoder_condition0_gradient': 124.29098510742188, 'encoder_condition1_gradient': 1.4953148365020752, 'decoder_condition1_gradient': 82.5170669555664, 'encoder_condition2_gradient': 0.8717739582061768, 'decoder_condition2_gradient': 162.4630126953125, 'encoder_condition3_gradient': 0.5356643795967102, 'decoder_condition3_gradient': 115.00211334228516, 'encoder_condition4_gradient': 0.9942737817764282, 'decoder_condition4_gradient': 73.012451171875}"
cvae\fold3\cvae_z3_seed44/condition swap behaviour,True,
cvae\fold3\cvae_z4_seed42/effective flags,True,
cvae\fold3\cvae_z4_seed42/train_mean train-only,True,max_abs_error=0.0; atol=1e-07; rtol=1e-06
cvae\fold3\cvae_z4_seed42/train_std train-only,True,max_abs_error=0.0; atol=1e-07; rtol=1e-06
cvae\fold3\cvae_z4_seed42/timing_mean train-only,True,max_abs_error=0.0; atol=1e-07; rtol=1e-06
cvae\fold3\cvae_z4_seed42/timing_std train-only,True,max_abs_error=0.0; atol=1e-07; rtol=1e-06
cvae\fold3\cvae_z4_seed42/validation objective,True,max_abs_error=0.0; atol=1e-10; rtol=1e-10
cvae\fold3\cvae_z4_seed42/selected epoch,True,
cvae\fold3\cvae_z4_seed42/KL schedule,True,max_abs_error=0.0; atol=1e-12; rtol=0
cvae\fold3\cvae_z4_seed42/saved objective,True,max_abs_error=0.0; atol=1e-10; rtol=1e-10
cvae\fold3\cvae_z4_seed42/independent encoder,True,max_abs_error=0.0; atol=2e-06; rtol=1e-05
cvae\fold3\cvae_z4_seed42/prediction IDs,True,
cvae\fold3\cvae_z4_seed42/true timing,True,max_abs_error=4.768371586472142e-08; atol=1e-07; rtol=1e-05
cvae\fold3\cvae_z4_seed42/independent timing predictions,True,max_abs_error=4.8368835381396025e-08; atol=2e-06; rtol=2e-05
cvae\fold3\cvae_z4_seed42/independent trajectory MSE,True,max_abs_error=4.5532226522482233e-07; atol=2e-06; rtol=2e-05
cvae\fold3\cvae_z4_seed42/independent decoder trajectory,True,max_abs_error=0.0; atol=2e-06; rtol=1e-05
cvae\fold3\cvae_z4_seed42/independent decoder timing,True,max_abs_error=0.0; atol=2e-06; rtol=1e-05
cvae\fold3\cvae_z4_seed42/timing withheld,True,max_abs_error=0.0; atol=0; rtol=0
cvae\fold3\cvae_z4_seed42/variational sampling behaviour,True,
cvae\fold3\cvae_z4_seed42/condition gradients,True,"{'encoder_condition0_gradient': 1.0598158836364746, 'decoder_condition0_gradient': 131.6042938232422, 'encoder_condition1_gradient': 0.6352227926254272, 'decoder_condition1_gradient': 188.4617462158203, 'encoder_condition2_gradient': 0.5636507272720337, 'decoder_condition2_gradient': 35.34275436401367, 'encoder_condition3_gradient': 1.358040452003479, 'decoder_condition3_gradient': 37.32463455200195, 'encoder_condition4_gradient': 0.5760199427604675, 'decoder_condition4_gradient': 190.17088317871094}"
cvae\fold3\cvae_z4_seed42/condition swap behaviour,True,
cvae\fold3\cvae_z4_seed43/effective flags,True,
cvae\fold3\cvae_z4_seed43/train_mean train-only,True,max_abs_error=0.0; atol=1e-07; rtol=1e-06
cvae\fold3\cvae_z4_seed43/train_std train-only,True,max_abs_error=0.0; atol=1e-07; rtol=1e-06
cvae\fold3\cvae_z4_seed43/timing_mean train-only,True,max_abs_error=0.0; atol=1e-07; rtol=1e-06
cvae\fold3\cvae_z4_seed43/timing_std train-only,True,max_abs_error=0.0; atol=1e-07; rtol=1e-06
cvae\fold3\cvae_z4_seed43/validation objective,True,max_abs_error=0.0; atol=1e-10; rtol=1e-10
cvae\fold3\cvae_z4_seed43/selected epoch,True,
cvae\fold3\cvae_z4_seed43/KL schedule,True,max_abs_error=0.0; atol=1e-12; rtol=0
cvae\fold3\cvae_z4_seed43/saved objective,True,max_abs_error=0.0; atol=1e-10; rtol=1e-10
cvae\fold3\cvae_z4_seed43/independent encoder,True,max_abs_error=0.0; atol=2e-06; rtol=1e-05
cvae\fold3\cvae_z4_seed43/prediction IDs,True,
cvae\fold3\cvae_z4_seed43/true timing,True,max_abs_error=4.768371586472142e-08; atol=1e-07; rtol=1e-05
cvae\fold3\cvae_z4_seed43/independent timing predictions,True,max_abs_error=3.583221430680794e-08; atol=2e-06; rtol=2e-05
cvae\fold3\cvae_z4_seed43/independent trajectory MSE,True,max_abs_error=2.469482431877168e-07; atol=2e-06; rtol=2e-05
cvae\fold3\cvae_z4_seed43/independent decoder trajectory,True,max_abs_error=0.0; atol=2e-06; rtol=1e-05
cvae\fold3\cvae_z4_seed43/independent decoder timing,True,max_abs_error=0.0; atol=2e-06; rtol=1e-05
cvae\fold3\cvae_z4_seed43/timing withheld,True,max_abs_error=0.0; atol=0; rtol=0
cvae\fold3\cvae_z4_seed43/variational sampling behaviour,True,
cvae\fold3\cvae_z4_seed43/condition gradients,True,"{'encoder_condition0_gradient': 1.1670291423797607, 'decoder_condition0_gradient': 284.9001159667969, 'encoder_condition1_gradient': 1.0278886556625366, 'decoder_condition1_gradient': 232.7564697265625, 'encoder_condition2_gradient': 0.7281462550163269, 'decoder_condition2_gradient': 176.94921875, 'encoder_condition3_gradient': 0.9957860112190247, 'decoder_condition3_gradient': 54.55259704589844, 'encoder_condition4_gradient': 0.5895403623580933, 'decoder_condition4_gradient': 161.0647735595703}"
cvae\fold3\cvae_z4_seed43/condition swap behaviour,True,
cvae\fold3\cvae_z4_seed44/effective flags,True,
cvae\fold3\cvae_z4_seed44/train_mean train-only,True,max_abs_error=0.0; atol=1e-07; rtol=1e-06
cvae\fold3\cvae_z4_seed44/train_std train-only,True,max_abs_error=0.0; atol=1e-07; rtol=1e-06
cvae\fold3\cvae_z4_seed44/timing_mean train-only,True,max_abs_error=0.0; atol=1e-07; rtol=1e-06
cvae\fold3\cvae_z4_seed44/timing_std train-only,True,max_abs_error=0.0; atol=1e-07; rtol=1e-06
cvae\fold3\cvae_z4_seed44/validation objective,True,max_abs_error=0.0; atol=1e-10; rtol=1e-10
cvae\fold3\cvae_z4_seed44/selected epoch,True,
cvae\fold3\cvae_z4_seed44/KL schedule,True,max_abs_error=0.0; atol=1e-12; rtol=0
cvae\fold3\cvae_z4_seed44/saved objective,True,max_abs_error=0.0; atol=1e-10; rtol=1e-10
cvae\fold3\cvae_z4_seed44/independent encoder,True,max_abs_error=0.0; atol=2e-06; rtol=1e-05
cvae\fold3\cvae_z4_seed44/prediction IDs,True,
cvae\fold3\cvae_z4_seed44/true timing,True,max_abs_error=4.768371586472142e-08; atol=1e-07; rtol=1e-05
cvae\fold3\cvae_z4_seed44/independent timing predictions,True,max_abs_error=4.8544311681553154e-08; atol=2e-06; rtol=2e-05
cvae\fold3\cvae_z4_seed44/independent trajectory MSE,True,max_abs_error=3.4704589779721573e-07; atol=2e-06; rtol=2e-05
cvae\fold3\cvae_z4_seed44/independent decoder trajectory,True,max_abs_error=0.0; atol=2e-06; rtol=1e-05
cvae\fold3\cvae_z4_seed44/independent decoder timing,True,max_abs_error=0.0; atol=2e-06; rtol=1e-05
cvae\fold3\cvae_z4_seed44/timing withheld,True,max_abs_error=0.0; atol=0; rtol=0
cvae\fold3\cvae_z4_seed44/variational sampling behaviour,True,
cvae\fold3\cvae_z4_seed44/condition gradients,True,"{'encoder_condition0_gradient': 1.1339308023452759, 'decoder_condition0_gradient': 155.96298217773438, 'encoder_condition1_gradient': 1.5348299741744995, 'decoder_condition1_gradient': 156.99623107910156, 'encoder_condition2_gradient': 1.7315486669540405, 'decoder_condition2_gradient': 77.42474365234375, 'encoder_condition3_gradient': 0.844724714756012, 'decoder_condition3_gradient': 37.7853889465332, 'encoder_condition4_gradient': 1.592424988746643, 'decoder_condition4_gradient': 140.04714965820312}"
cvae\fold3\cvae_z4_seed44/condition swap behaviour,True,
cvae\fold3\cvae_z8_seed42/effective flags,True,
cvae\fold3\cvae_z8_seed42/train_mean train-only,True,max_abs_error=0.0; atol=1e-07; rtol=1e-06
cvae\fold3\cvae_z8_seed42/train_std train-only,True,max_abs_error=0.0; atol=1e-07; rtol=1e-06
cvae\fold3\cvae_z8_seed42/timing_mean train-only,True,max_abs_error=0.0; atol=1e-07; rtol=1e-06
cvae\fold3\cvae_z8_seed42/timing_std train-only,True,max_abs_error=0.0; atol=1e-07; rtol=1e-06
cvae\fold3\cvae_z8_seed42/validation objective,True,max_abs_error=0.0; atol=1e-10; rtol=1e-10
cvae\fold3\cvae_z8_seed42/selected epoch,True,
cvae\fold3\cvae_z8_seed42/KL schedule,True,max_abs_error=0.0; atol=1e-12; rtol=0
cvae\fold3\cvae_z8_seed42/saved objective,True,max_abs_error=0.0; atol=1e-10; rtol=1e-10
cvae\fold3\cvae_z8_seed42/independent encoder,True,max_abs_error=0.0; atol=2e-06; rtol=1e-05
cvae\fold3\cvae_z8_seed42/prediction IDs,True,
cvae\fold3\cvae_z8_seed42/true timing,True,max_abs_error=4.768371586472142e-08; atol=1e-07; rtol=1e-05
cvae\fold3\cvae_z8_seed42/independent timing predictions,True,max_abs_error=7.157897963239179e-08; atol=2e-06; rtol=2e-05
cvae\fold3\cvae_z8_seed42/independent trajectory MSE,True,max_abs_error=4.60357667542155e-08; atol=2e-06; rtol=2e-05
cvae\fold3\cvae_z8_seed42/independent decoder trajectory,True,max_abs_error=0.0; atol=2e-06; rtol=1e-05
cvae\fold3\cvae_z8_seed42/independent decoder timing,True,max_abs_error=0.0; atol=2e-06; rtol=1e-05
cvae\fold3\cvae_z8_seed42/timing withheld,True,max_abs_error=0.0; atol=0; rtol=0
cvae\fold3\cvae_z8_seed42/variational sampling behaviour,True,
cvae\fold3\cvae_z8_seed42/condition gradients,True,"{'encoder_condition0_gradient': 2.263678550720215, 'decoder_condition0_gradient': 430.3674011230469, 'encoder_condition1_gradient': 4.050968647003174, 'decoder_condition1_gradient': 337.9324951171875, 'encoder_condition2_gradient': 5.578989028930664, 'decoder_condition2_gradient': 339.6879577636719, 'encoder_condition3_gradient': 1.8925719261169434, 'decoder_condition3_gradient': 47.50957489013672, 'encoder_condition4_gradient': 3.7846767902374268, 'decoder_condition4_gradient': 403.7897644042969}"
cvae\fold3\cvae_z8_seed42/condition swap behaviour,True,
cvae\fold3\cvae_z8_seed43/effective flags,True,
cvae\fold3\cvae_z8_seed43/train_mean train-only,True,max_abs_error=0.0; atol=1e-07; rtol=1e-06
cvae\fold3\cvae_z8_seed43/train_std train-only,True,max_abs_error=0.0; atol=1e-07; rtol=1e-06
cvae\fold3\cvae_z8_seed43/timing_mean train-only,True,max_abs_error=0.0; atol=1e-07; rtol=1e-06
cvae\fold3\cvae_z8_seed43/timing_std train-only,True,max_abs_error=0.0; atol=1e-07; rtol=1e-06
cvae\fold3\cvae_z8_seed43/validation objective,True,max_abs_error=0.0; atol=1e-10; rtol=1e-10
cvae\fold3\cvae_z8_seed43/selected epoch,True,
cvae\fold3\cvae_z8_seed43/KL schedule,True,max_abs_error=0.0; atol=1e-12; rtol=0
cvae\fold3\cvae_z8_seed43/saved objective,True,max_abs_error=0.0; atol=1e-10; rtol=1e-10
cvae\fold3\cvae_z8_seed43/independent encoder,True,max_abs_error=0.0; atol=2e-06; rtol=1e-05
cvae\fold3\cvae_z8_seed43/prediction IDs,True,
cvae\fold3\cvae_z8_seed43/true timing,True,max_abs_error=4.768371586472142e-08; atol=1e-07; rtol=1e-05
cvae\fold3\cvae_z8_seed43/independent timing predictions,True,max_abs_error=3.57238770121171e-07; atol=2e-06; rtol=2e-05
cvae\fold3\cvae_z8_seed43/independent trajectory MSE,True,max_abs_error=3.628082279050204e-08; atol=2e-06; rtol=2e-05
cvae\fold3\cvae_z8_seed43/independent decoder trajectory,True,max_abs_error=0.0; atol=2e-06; rtol=1e-05
cvae\fold3\cvae_z8_seed43/independent decoder timing,True,max_abs_error=0.0; atol=2e-06; rtol=1e-05
cvae\fold3\cvae_z8_seed43/timing withheld,True,max_abs_error=0.0; atol=0; rtol=0
cvae\fold3\cvae_z8_seed43/variational sampling behaviour,True,
cvae\fold3\cvae_z8_seed43/condition gradients,True,"{'encoder_condition0_gradient': 0.8371226191520691, 'decoder_condition0_gradient': 319.35028076171875, 'encoder_condition1_gradient': 1.1087454557418823, 'decoder_condition1_gradient': 329.7301025390625, 'encoder_condition2_gradient': 3.6911191940307617, 'decoder_condition2_gradient': 300.6446228027344, 'encoder_condition3_gradient': 1.0181509256362915, 'decoder_condition3_gradient': 63.939476013183594, 'encoder_condition4_gradient': 2.389854907989502, 'decoder_condition4_gradient': 603.196533203125}"
cvae\fold3\cvae_z8_seed43/condition swap behaviour,True,
cvae\fold3\cvae_z8_seed44/effective flags,True,
cvae\fold3\cvae_z8_seed44/train_mean train-only,True,max_abs_error=0.0; atol=1e-07; rtol=1e-06
cvae\fold3\cvae_z8_seed44/train_std train-only,True,max_abs_error=0.0; atol=1e-07; rtol=1e-06
cvae\fold3\cvae_z8_seed44/timing_mean train-only,True,max_abs_error=0.0; atol=1e-07; rtol=1e-06
cvae\fold3\cvae_z8_seed44/timing_std train-only,True,max_abs_error=0.0; atol=1e-07; rtol=1e-06
cvae\fold3\cvae_z8_seed44/validation objective,True,max_abs_error=0.0; atol=1e-10; rtol=1e-10
cvae\fold3\cvae_z8_seed44/selected epoch,True,
cvae\fold3\cvae_z8_seed44/KL schedule,True,max_abs_error=0.0; atol=1e-12; rtol=0
cvae\fold3\cvae_z8_seed44/saved objective,True,max_abs_error=0.0; atol=1e-10; rtol=1e-10
cvae\fold3\cvae_z8_seed44/independent encoder,True,max_abs_error=0.0; atol=2e-06; rtol=1e-05
cvae\fold3\cvae_z8_seed44/prediction IDs,True,
cvae\fold3\cvae_z8_seed44/true timing,True,max_abs_error=4.768371586472142e-08; atol=1e-07; rtol=1e-05
cvae\fold3\cvae_z8_seed44/independent timing predictions,True,max_abs_error=1.9937133810543628e-07; atol=2e-06; rtol=2e-05
cvae\fold3\cvae_z8_seed44/independent trajectory MSE,True,max_abs_error=2.502670293225151e-08; atol=2e-06; rtol=2e-05
cvae\fold3\cvae_z8_seed44/independent decoder trajectory,True,max_abs_error=0.0; atol=2e-06; rtol=1e-05
cvae\fold3\cvae_z8_seed44/independent decoder timing,True,max_abs_error=0.0; atol=2e-06; rtol=1e-05
cvae\fold3\cvae_z8_seed44/timing withheld,True,max_abs_error=0.0; atol=0; rtol=0
cvae\fold3\cvae_z8_seed44/variational sampling behaviour,True,
cvae\fold3\cvae_z8_seed44/condition gradients,True,"{'encoder_condition0_gradient': 3.2892470359802246, 'decoder_condition0_gradient': 296.2774658203125, 'encoder_condition1_gradient': 2.6896567344665527, 'decoder_condition1_gradient': 326.7038269042969, 'encoder_condition2_gradient': 6.783156871795654, 'decoder_condition2_gradient': 280.1037902832031, 'encoder_condition3_gradient': 2.4838995933532715, 'decoder_condition3_gradient': 104.70811462402344, 'encoder_condition4_gradient': 5.524270534515381, 'decoder_condition4_gradient': 305.91131591796875}"
cvae\fold3\cvae_z8_seed44/condition swap behaviour,True,
unconditional_vae\fold0\unconditional_vae_z3_seed42/effective flags,True,
unconditional_vae\fold0\unconditional_vae_z3_seed42/train_mean train-only,True,max_abs_error=0.0; atol=1e-07; rtol=1e-06
unconditional_vae\fold0\unconditional_vae_z3_seed42/train_std train-only,True,max_abs_error=0.0; atol=1e-07; rtol=1e-06
unconditional_vae\fold0\unconditional_vae_z3_seed42/timing_mean train-only,True,max_abs_error=0.0; atol=1e-07; rtol=1e-06
unconditional_vae\fold0\unconditional_vae_z3_seed42/timing_std train-only,True,max_abs_error=0.0; atol=1e-07; rtol=1e-06
unconditional_vae\fold0\unconditional_vae_z3_seed42/validation objective,True,max_abs_error=0.0; atol=1e-10; rtol=1e-10
unconditional_vae\fold0\unconditional_vae_z3_seed42/selected epoch,True,
unconditional_vae\fold0\unconditional_vae_z3_seed42/KL schedule,True,max_abs_error=0.0; atol=1e-12; rtol=0
unconditional_vae\fold0\unconditional_vae_z3_seed42/saved objective,True,max_abs_error=0.0; atol=1e-10; rtol=1e-10
unconditional_vae\fold0\unconditional_vae_z3_seed42/independent encoder,True,max_abs_error=0.0; atol=2e-06; rtol=1e-05
unconditional_vae\fold0\unconditional_vae_z3_seed42/prediction IDs,True,
unconditional_vae\fold0\unconditional_vae_z3_seed42/true timing,True,max_abs_error=2.6930236707300992e-08; atol=1e-07; rtol=1e-05
unconditional_vae\fold0\unconditional_vae_z3_seed42/independent timing predictions,True,max_abs_error=2.8310394251107596e-08; atol=2e-06; rtol=2e-05
unconditional_vae\fold0\unconditional_vae_z3_seed42/independent trajectory MSE,True,max_abs_error=1.0026550301134307e-07; atol=2e-06; rtol=2e-05
unconditional_vae\fold0\unconditional_vae_z3_seed42/independent decoder trajectory,True,max_abs_error=0.0; atol=2e-06; rtol=1e-05
unconditional_vae\fold0\unconditional_vae_z3_seed42/independent decoder timing,True,max_abs_error=0.0; atol=2e-06; rtol=1e-05
unconditional_vae\fold0\unconditional_vae_z3_seed42/timing withheld,True,max_abs_error=0.0; atol=0; rtol=0
unconditional_vae\fold0\unconditional_vae_z3_seed42/variational sampling behaviour,True,
unconditional_vae\fold0\unconditional_vae_z3_seed42/condition gradients,True,"{'encoder_condition0_gradient': 0.0, 'decoder_condition0_gradient': 0.0, 'encoder_condition1_gradient': 0.0, 'decoder_condition1_gradient': 0.0, 'encoder_condition2_gradient': 0.0, 'decoder_condition2_gradient': 0.0, 'encoder_condition3_gradient': 0.0, 'decoder_condition3_gradient': 0.0, 'encoder_condition4_gradient': 0.0, 'decoder_condition4_gradient': 0.0}"
unconditional_vae\fold0\unconditional_vae_z3_seed42/condition swap behaviour,True,
unconditional_vae\fold0\unconditional_vae_z3_seed43/effective flags,True,
unconditional_vae\fold0\unconditional_vae_z3_seed43/train_mean train-only,True,max_abs_error=0.0; atol=1e-07; rtol=1e-06
unconditional_vae\fold0\unconditional_vae_z3_seed43/train_std train-only,True,max_abs_error=0.0; atol=1e-07; rtol=1e-06
unconditional_vae\fold0\unconditional_vae_z3_seed43/timing_mean train-only,True,max_abs_error=0.0; atol=1e-07; rtol=1e-06
unconditional_vae\fold0\unconditional_vae_z3_seed43/timing_std train-only,True,max_abs_error=0.0; atol=1e-07; rtol=1e-06
unconditional_vae\fold0\unconditional_vae_z3_seed43/validation objective,True,max_abs_error=0.0; atol=1e-10; rtol=1e-10
unconditional_vae\fold0\unconditional_vae_z3_seed43/selected epoch,True,
unconditional_vae\fold0\unconditional_vae_z3_seed43/KL schedule,True,max_abs_error=0.0; atol=1e-12; rtol=0
unconditional_vae\fold0\unconditional_vae_z3_seed43/saved objective,True,max_abs_error=0.0; atol=1e-10; rtol=1e-10
unconditional_vae\fold0\unconditional_vae_z3_seed43/independent encoder,True,max_abs_error=0.0; atol=2e-06; rtol=1e-05
unconditional_vae\fold0\unconditional_vae_z3_seed43/prediction IDs,True,
unconditional_vae\fold0\unconditional_vae_z3_seed43/true timing,True,max_abs_error=2.6930236707300992e-08; atol=1e-07; rtol=1e-05
unconditional_vae\fold0\unconditional_vae_z3_seed43/independent timing predictions,True,max_abs_error=2.6638793948485784e-08; atol=2e-06; rtol=2e-05
unconditional_vae\fold0\unconditional_vae_z3_seed43/independent trajectory MSE,True,max_abs_error=2.0837402203710553e-07; atol=2e-06; rtol=2e-05
unconditional_vae\fold0\unconditional_vae_z3_seed43/independent decoder trajectory,True,max_abs_error=0.0; atol=2e-06; rtol=1e-05
unconditional_vae\fold0\unconditional_vae_z3_seed43/independent decoder timing,True,max_abs_error=0.0; atol=2e-06; rtol=1e-05
unconditional_vae\fold0\unconditional_vae_z3_seed43/timing withheld,True,max_abs_error=0.0; atol=0; rtol=0
unconditional_vae\fold0\unconditional_vae_z3_seed43/variational sampling behaviour,True,
unconditional_vae\fold0\unconditional_vae_z3_seed43/condition gradients,True,"{'encoder_condition0_gradient': 0.0, 'decoder_condition0_gradient': 0.0, 'encoder_condition1_gradient': 0.0, 'decoder_condition1_gradient': 0.0, 'encoder_condition2_gradient': 0.0, 'decoder_condition2_gradient': 0.0, 'encoder_condition3_gradient': 0.0, 'decoder_condition3_gradient': 0.0, 'encoder_condition4_gradient': 0.0, 'decoder_condition4_gradient': 0.0}"
unconditional_vae\fold0\unconditional_vae_z3_seed43/condition swap behaviour,True,
unconditional_vae\fold0\unconditional_vae_z3_seed44/effective flags,True,
unconditional_vae\fold0\unconditional_vae_z3_seed44/train_mean train-only,True,max_abs_error=0.0; atol=1e-07; rtol=1e-06
unconditional_vae\fold0\unconditional_vae_z3_seed44/train_std train-only,True,max_abs_error=0.0; atol=1e-07; rtol=1e-06
unconditional_vae\fold0\unconditional_vae_z3_seed44/timing_mean train-only,True,max_abs_error=0.0; atol=1e-07; rtol=1e-06
unconditional_vae\fold0\unconditional_vae_z3_seed44/timing_std train-only,True,max_abs_error=0.0; atol=1e-07; rtol=1e-06
unconditional_vae\fold0\unconditional_vae_z3_seed44/validation objective,True,max_abs_error=0.0; atol=1e-10; rtol=1e-10
unconditional_vae\fold0\unconditional_vae_z3_seed44/selected epoch,True,
unconditional_vae\fold0\unconditional_vae_z3_seed44/KL schedule,True,max_abs_error=0.0; atol=1e-12; rtol=0
unconditional_vae\fold0\unconditional_vae_z3_seed44/saved objective,True,max_abs_error=0.0; atol=1e-10; rtol=1e-10
unconditional_vae\fold0\unconditional_vae_z3_seed44/independent encoder,True,max_abs_error=0.0; atol=2e-06; rtol=1e-05
unconditional_vae\fold0\unconditional_vae_z3_seed44/prediction IDs,True,
unconditional_vae\fold0\unconditional_vae_z3_seed44/true timing,True,max_abs_error=2.6930236707300992e-08; atol=1e-07; rtol=1e-05
unconditional_vae\fold0\unconditional_vae_z3_seed44/independent timing predictions,True,max_abs_error=4.405517572969586e-08; atol=2e-06; rtol=2e-05
unconditional_vae\fold0\unconditional_vae_z3_seed44/independent trajectory MSE,True,max_abs_error=4.7436523598065605e-08; atol=2e-06; rtol=2e-05
unconditional_vae\fold0\unconditional_vae_z3_seed44/independent decoder trajectory,True,max_abs_error=0.0; atol=2e-06; rtol=1e-05
unconditional_vae\fold0\unconditional_vae_z3_seed44/independent decoder timing,True,max_abs_error=0.0; atol=2e-06; rtol=1e-05
unconditional_vae\fold0\unconditional_vae_z3_seed44/timing withheld,True,max_abs_error=0.0; atol=0; rtol=0
unconditional_vae\fold0\unconditional_vae_z3_seed44/variational sampling behaviour,True,
unconditional_vae\fold0\unconditional_vae_z3_seed44/condition gradients,True,"{'encoder_condition0_gradient': 0.0, 'decoder_condition0_gradient': 0.0, 'encoder_condition1_gradient': 0.0, 'decoder_condition1_gradient': 0.0, 'encoder_condition2_gradient': 0.0, 'decoder_condition2_gradient': 0.0, 'encoder_condition3_gradient': 0.0, 'decoder_condition3_gradient': 0.0, 'encoder_condition4_gradient': 0.0, 'decoder_condition4_gradient': 0.0}"
unconditional_vae\fold0\unconditional_vae_z3_seed44/condition swap behaviour,True,
unconditional_vae\fold0\unconditional_vae_z8_seed42/effective flags,True,
unconditional_vae\fold0\unconditional_vae_z8_seed42/train_mean train-only,True,max_abs_error=0.0; atol=1e-07; rtol=1e-06
unconditional_vae\fold0\unconditional_vae_z8_seed42/train_std train-only,True,max_abs_error=0.0; atol=1e-07; rtol=1e-06
unconditional_vae\fold0\unconditional_vae_z8_seed42/timing_mean train-only,True,max_abs_error=0.0; atol=1e-07; rtol=1e-06
unconditional_vae\fold0\unconditional_vae_z8_seed42/timing_std train-only,True,max_abs_error=0.0; atol=1e-07; rtol=1e-06
unconditional_vae\fold0\unconditional_vae_z8_seed42/validation objective,True,max_abs_error=0.0; atol=1e-10; rtol=1e-10
unconditional_vae\fold0\unconditional_vae_z8_seed42/selected epoch,True,
unconditional_vae\fold0\unconditional_vae_z8_seed42/KL schedule,True,max_abs_error=0.0; atol=1e-12; rtol=0
unconditional_vae\fold0\unconditional_vae_z8_seed42/saved objective,True,max_abs_error=0.0; atol=1e-10; rtol=1e-10
unconditional_vae\fold0\unconditional_vae_z8_seed42/independent encoder,True,max_abs_error=0.0; atol=2e-06; rtol=1e-05
unconditional_vae\fold0\unconditional_vae_z8_seed42/prediction IDs,True,
unconditional_vae\fold0\unconditional_vae_z8_seed42/true timing,True,max_abs_error=2.6930236707300992e-08; atol=1e-07; rtol=1e-05
unconditional_vae\fold0\unconditional_vae_z8_seed42/independent timing predictions,True,max_abs_error=4.8414611875102764e-08; atol=2e-06; rtol=2e-05
unconditional_vae\fold0\unconditional_vae_z8_seed42/independent trajectory MSE,True,max_abs_error=6.2179565385456215e-09; atol=2e-06; rtol=2e-05
unconditional_vae\fold0\unconditional_vae_z8_seed42/independent decoder trajectory,True,max_abs_error=0.0; atol=2e-06; rtol=1e-05
unconditional_vae\fold0\unconditional_vae_z8_seed42/independent decoder timing,True,max_abs_error=0.0; atol=2e-06; rtol=1e-05
unconditional_vae\fold0\unconditional_vae_z8_seed42/timing withheld,True,max_abs_error=0.0; atol=0; rtol=0
unconditional_vae\fold0\unconditional_vae_z8_seed42/variational sampling behaviour,True,
unconditional_vae\fold0\unconditional_vae_z8_seed42/condition gradients,True,"{'encoder_condition0_gradient': 0.0, 'decoder_condition0_gradient': 0.0, 'encoder_condition1_gradient': 0.0, 'decoder_condition1_gradient': 0.0, 'encoder_condition2_gradient': 0.0, 'decoder_condition2_gradient': 0.0, 'encoder_condition3_gradient': 0.0, 'decoder_condition3_gradient': 0.0, 'encoder_condition4_gradient': 0.0, 'decoder_condition4_gradient': 0.0}"
unconditional_vae\fold0\unconditional_vae_z8_seed42/condition swap behaviour,True,
unconditional_vae\fold0\unconditional_vae_z8_seed43/effective flags,True,
unconditional_vae\fold0\unconditional_vae_z8_seed43/train_mean train-only,True,max_abs_error=0.0; atol=1e-07; rtol=1e-06
unconditional_vae\fold0\unconditional_vae_z8_seed43/train_std train-only,True,max_abs_error=0.0; atol=1e-07; rtol=1e-06
unconditional_vae\fold0\unconditional_vae_z8_seed43/timing_mean train-only,True,max_abs_error=0.0; atol=1e-07; rtol=1e-06
unconditional_vae\fold0\unconditional_vae_z8_seed43/timing_std train-only,True,max_abs_error=0.0; atol=1e-07; rtol=1e-06
unconditional_vae\fold0\unconditional_vae_z8_seed43/validation objective,True,max_abs_error=0.0; atol=1e-10; rtol=1e-10
unconditional_vae\fold0\unconditional_vae_z8_seed43/selected epoch,True,
unconditional_vae\fold0\unconditional_vae_z8_seed43/KL schedule,True,max_abs_error=0.0; atol=1e-12; rtol=0
unconditional_vae\fold0\unconditional_vae_z8_seed43/saved objective,True,max_abs_error=0.0; atol=1e-10; rtol=1e-10
unconditional_vae\fold0\unconditional_vae_z8_seed43/independent encoder,True,max_abs_error=0.0; atol=2e-06; rtol=1e-05
unconditional_vae\fold0\unconditional_vae_z8_seed43/prediction IDs,True,
unconditional_vae\fold0\unconditional_vae_z8_seed43/true timing,True,max_abs_error=2.6930236707300992e-08; atol=1e-07; rtol=1e-05
unconditional_vae\fold0\unconditional_vae_z8_seed43/independent timing predictions,True,max_abs_error=2.9401397649841954e-08; atol=2e-06; rtol=2e-05
unconditional_vae\fold0\unconditional_vae_z8_seed43/independent trajectory MSE,True,max_abs_error=2.6968383748382507e-08; atol=2e-06; rtol=2e-05
unconditional_vae\fold0\unconditional_vae_z8_seed43/independent decoder trajectory,True,max_abs_error=0.0; atol=2e-06; rtol=1e-05
unconditional_vae\fold0\unconditional_vae_z8_seed43/independent decoder timing,True,max_abs_error=0.0; atol=2e-06; rtol=1e-05
unconditional_vae\fold0\unconditional_vae_z8_seed43/timing withheld,True,max_abs_error=0.0; atol=0; rtol=0
unconditional_vae\fold0\unconditional_vae_z8_seed43/variational sampling behaviour,True,
unconditional_vae\fold0\unconditional_vae_z8_seed43/condition gradients,True,"{'encoder_condition0_gradient': 0.0, 'decoder_condition0_gradient': 0.0, 'encoder_condition1_gradient': 0.0, 'decoder_condition1_gradient': 0.0, 'encoder_condition2_gradient': 0.0, 'decoder_condition2_gradient': 0.0, 'encoder_condition3_gradient': 0.0, 'decoder_condition3_gradient': 0.0, 'encoder_condition4_gradient': 0.0, 'decoder_condition4_gradient': 0.0}"
unconditional_vae\fold0\unconditional_vae_z8_seed43/condition swap behaviour,True,
unconditional_vae\fold0\unconditional_vae_z8_seed44/effective flags,True,
unconditional_vae\fold0\unconditional_vae_z8_seed44/train_mean train-only,True,max_abs_error=0.0; atol=1e-07; rtol=1e-06
unconditional_vae\fold0\unconditional_vae_z8_seed44/train_std train-only,True,max_abs_error=0.0; atol=1e-07; rtol=1e-06
unconditional_vae\fold0\unconditional_vae_z8_seed44/timing_mean train-only,True,max_abs_error=0.0; atol=1e-07; rtol=1e-06
unconditional_vae\fold0\unconditional_vae_z8_seed44/timing_std train-only,True,max_abs_error=0.0; atol=1e-07; rtol=1e-06
unconditional_vae\fold0\unconditional_vae_z8_seed44/validation objective,True,max_abs_error=0.0; atol=1e-10; rtol=1e-10
unconditional_vae\fold0\unconditional_vae_z8_seed44/selected epoch,True,
unconditional_vae\fold0\unconditional_vae_z8_seed44/KL schedule,True,max_abs_error=0.0; atol=1e-12; rtol=0
unconditional_vae\fold0\unconditional_vae_z8_seed44/saved objective,True,max_abs_error=0.0; atol=1e-10; rtol=1e-10
unconditional_vae\fold0\unconditional_vae_z8_seed44/independent encoder,True,max_abs_error=0.0; atol=2e-06; rtol=1e-05
unconditional_vae\fold0\unconditional_vae_z8_seed44/prediction IDs,True,
unconditional_vae\fold0\unconditional_vae_z8_seed44/true timing,True,max_abs_error=2.6930236707300992e-08; atol=1e-07; rtol=1e-05
unconditional_vae\fold0\unconditional_vae_z8_seed44/independent timing predictions,True,max_abs_error=2.9116821287367145e-08; atol=2e-06; rtol=2e-05
unconditional_vae\fold0\unconditional_vae_z8_seed44/independent trajectory MSE,True,max_abs_error=2.5400543224307626e-08; atol=2e-06; rtol=2e-05
unconditional_vae\fold0\unconditional_vae_z8_seed44/independent decoder trajectory,True,max_abs_error=0.0; atol=2e-06; rtol=1e-05
unconditional_vae\fold0\unconditional_vae_z8_seed44/independent decoder timing,True,max_abs_error=0.0; atol=2e-06; rtol=1e-05
unconditional_vae\fold0\unconditional_vae_z8_seed44/timing withheld,True,max_abs_error=0.0; atol=0; rtol=0
unconditional_vae\fold0\unconditional_vae_z8_seed44/variational sampling behaviour,True,
unconditional_vae\fold0\unconditional_vae_z8_seed44/condition gradients,True,"{'encoder_condition0_gradient': 0.0, 'decoder_condition0_gradient': 0.0, 'encoder_condition1_gradient': 0.0, 'decoder_condition1_gradient': 0.0, 'encoder_condition2_gradient': 0.0, 'decoder_condition2_gradient': 0.0, 'encoder_condition3_gradient': 0.0, 'decoder_condition3_gradient': 0.0, 'encoder_condition4_gradient': 0.0, 'decoder_condition4_gradient': 0.0}"
unconditional_vae\fold0\unconditional_vae_z8_seed44/condition swap behaviour,True,
unconditional_vae\fold1\unconditional_vae_z3_seed42/effective flags,True,
unconditional_vae\fold1\unconditional_vae_z3_seed42/train_mean train-only,True,max_abs_error=0.0; atol=1e-07; rtol=1e-06
unconditional_vae\fold1\unconditional_vae_z3_seed42/train_std train-only,True,max_abs_error=0.0; atol=1e-07; rtol=1e-06
unconditional_vae\fold1\unconditional_vae_z3_seed42/timing_mean train-only,True,max_abs_error=0.0; atol=1e-07; rtol=1e-06
unconditional_vae\fold1\unconditional_vae_z3_seed42/timing_std train-only,True,max_abs_error=0.0; atol=1e-07; rtol=1e-06
unconditional_vae\fold1\unconditional_vae_z3_seed42/validation objective,True,max_abs_error=0.0; atol=1e-10; rtol=1e-10
unconditional_vae\fold1\unconditional_vae_z3_seed42/selected epoch,True,
unconditional_vae\fold1\unconditional_vae_z3_seed42/KL schedule,True,max_abs_error=0.0; atol=1e-12; rtol=0
unconditional_vae\fold1\unconditional_vae_z3_seed42/saved objective,True,max_abs_error=0.0; atol=1e-10; rtol=1e-10
unconditional_vae\fold1\unconditional_vae_z3_seed42/independent encoder,True,max_abs_error=0.0; atol=2e-06; rtol=1e-05
unconditional_vae\fold1\unconditional_vae_z3_seed42/prediction IDs,True,
unconditional_vae\fold1\unconditional_vae_z3_seed42/true timing,True,max_abs_error=4.922790530770271e-08; atol=1e-07; rtol=1e-05
unconditional_vae\fold1\unconditional_vae_z3_seed42/independent timing predictions,True,max_abs_error=2.9016876235132827e-08; atol=2e-06; rtol=2e-05
unconditional_vae\fold1\unconditional_vae_z3_seed42/independent trajectory MSE,True,max_abs_error=2.141418455892108e-07; atol=2e-06; rtol=2e-05
unconditional_vae\fold1\unconditional_vae_z3_seed42/independent decoder trajectory,True,max_abs_error=0.0; atol=2e-06; rtol=1e-05
unconditional_vae\fold1\unconditional_vae_z3_seed42/independent decoder timing,True,max_abs_error=0.0; atol=2e-06; rtol=1e-05
unconditional_vae\fold1\unconditional_vae_z3_seed42/timing withheld,True,max_abs_error=0.0; atol=0; rtol=0
unconditional_vae\fold1\unconditional_vae_z3_seed42/variational sampling behaviour,True,
unconditional_vae\fold1\unconditional_vae_z3_seed42/condition gradients,True,"{'encoder_condition0_gradient': 0.0, 'decoder_condition0_gradient': 0.0, 'encoder_condition1_gradient': 0.0, 'decoder_condition1_gradient': 0.0, 'encoder_condition2_gradient': 0.0, 'decoder_condition2_gradient': 0.0, 'encoder_condition3_gradient': 0.0, 'decoder_condition3_gradient': 0.0, 'encoder_condition4_gradient': 0.0, 'decoder_condition4_gradient': 0.0}"
unconditional_vae\fold1\unconditional_vae_z3_seed42/condition swap behaviour,True,
unconditional_vae\fold1\unconditional_vae_z3_seed43/effective flags,True,
unconditional_vae\fold1\unconditional_vae_z3_seed43/train_mean train-only,True,max_abs_error=0.0; atol=1e-07; rtol=1e-06
unconditional_vae\fold1\unconditional_vae_z3_seed43/train_std train-only,True,max_abs_error=0.0; atol=1e-07; rtol=1e-06
unconditional_vae\fold1\unconditional_vae_z3_seed43/timing_mean train-only,True,max_abs_error=0.0; atol=1e-07; rtol=1e-06
unconditional_vae\fold1\unconditional_vae_z3_seed43/timing_std train-only,True,max_abs_error=0.0; atol=1e-07; rtol=1e-06
unconditional_vae\fold1\unconditional_vae_z3_seed43/validation objective,True,max_abs_error=0.0; atol=1e-10; rtol=1e-10
unconditional_vae\fold1\unconditional_vae_z3_seed43/selected epoch,True,
unconditional_vae\fold1\unconditional_vae_z3_seed43/KL schedule,True,max_abs_error=0.0; atol=1e-12; rtol=0
unconditional_vae\fold1\unconditional_vae_z3_seed43/saved objective,True,max_abs_error=0.0; atol=1e-10; rtol=1e-10
unconditional_vae\fold1\unconditional_vae_z3_seed43/independent encoder,True,max_abs_error=0.0; atol=2e-06; rtol=1e-05
unconditional_vae\fold1\unconditional_vae_z3_seed43/prediction IDs,True,
unconditional_vae\fold1\unconditional_vae_z3_seed43/true timing,True,max_abs_error=4.922790530770271e-08; atol=1e-07; rtol=1e-05
unconditional_vae\fold1\unconditional_vae_z3_seed43/independent timing predictions,True,max_abs_error=5.737304697994716e-08; atol=2e-06; rtol=2e-05
unconditional_vae\fold1\unconditional_vae_z3_seed43/independent trajectory MSE,True,max_abs_error=2.1365356417391013e-07; atol=2e-06; rtol=2e-05
unconditional_vae\fold1\unconditional_vae_z3_seed43/independent decoder trajectory,True,max_abs_error=0.0; atol=2e-06; rtol=1e-05
unconditional_vae\fold1\unconditional_vae_z3_seed43/independent decoder timing,True,max_abs_error=0.0; atol=2e-06; rtol=1e-05
unconditional_vae\fold1\unconditional_vae_z3_seed43/timing withheld,True,max_abs_error=0.0; atol=0; rtol=0
unconditional_vae\fold1\unconditional_vae_z3_seed43/variational sampling behaviour,True,
unconditional_vae\fold1\unconditional_vae_z3_seed43/condition gradients,True,"{'encoder_condition0_gradient': 0.0, 'decoder_condition0_gradient': 0.0, 'encoder_condition1_gradient': 0.0, 'decoder_condition1_gradient': 0.0, 'encoder_condition2_gradient': 0.0, 'decoder_condition2_gradient': 0.0, 'encoder_condition3_gradient': 0.0, 'decoder_condition3_gradient': 0.0, 'encoder_condition4_gradient': 0.0, 'decoder_condition4_gradient': 0.0}"
unconditional_vae\fold1\unconditional_vae_z3_seed43/condition swap behaviour,True,
unconditional_vae\fold1\unconditional_vae_z3_seed44/effective flags,True,
unconditional_vae\fold1\unconditional_vae_z3_seed44/train_mean train-only,True,max_abs_error=0.0; atol=1e-07; rtol=1e-06
unconditional_vae\fold1\unconditional_vae_z3_seed44/train_std train-only,True,max_abs_error=0.0; atol=1e-07; rtol=1e-06
unconditional_vae\fold1\unconditional_vae_z3_seed44/timing_mean train-only,True,max_abs_error=0.0; atol=1e-07; rtol=1e-06
unconditional_vae\fold1\unconditional_vae_z3_seed44/timing_std train-only,True,max_abs_error=0.0; atol=1e-07; rtol=1e-06
unconditional_vae\fold1\unconditional_vae_z3_seed44/validation objective,True,max_abs_error=0.0; atol=1e-10; rtol=1e-10
unconditional_vae\fold1\unconditional_vae_z3_seed44/selected epoch,True,
unconditional_vae\fold1\unconditional_vae_z3_seed44/KL schedule,True,max_abs_error=0.0; atol=1e-12; rtol=0
unconditional_vae\fold1\unconditional_vae_z3_seed44/saved objective,True,max_abs_error=0.0; atol=1e-10; rtol=1e-10
unconditional_vae\fold1\unconditional_vae_z3_seed44/independent encoder,True,max_abs_error=0.0; atol=2e-06; rtol=1e-05
unconditional_vae\fold1\unconditional_vae_z3_seed44/prediction IDs,True,
unconditional_vae\fold1\unconditional_vae_z3_seed44/true timing,True,max_abs_error=4.922790530770271e-08; atol=1e-07; rtol=1e-05
unconditional_vae\fold1\unconditional_vae_z3_seed44/independent timing predictions,True,max_abs_error=2.6163482713670305e-08; atol=2e-06; rtol=2e-05
unconditional_vae\fold1\unconditional_vae_z3_seed44/independent trajectory MSE,True,max_abs_error=6.249999984220267e-08; atol=2e-06; rtol=2e-05
unconditional_vae\fold1\unconditional_vae_z3_seed44/independent decoder trajectory,True,max_abs_error=0.0; atol=2e-06; rtol=1e-05
unconditional_vae\fold1\unconditional_vae_z3_seed44/independent decoder timing,True,max_abs_error=0.0; atol=2e-06; rtol=1e-05
unconditional_vae\fold1\unconditional_vae_z3_seed44/timing withheld,True,max_abs_error=0.0; atol=0; rtol=0
unconditional_vae\fold1\unconditional_vae_z3_seed44/variational sampling behaviour,True,
unconditional_vae\fold1\unconditional_vae_z3_seed44/condition gradients,True,"{'encoder_condition0_gradient': 0.0, 'decoder_condition0_gradient': 0.0, 'encoder_condition1_gradient': 0.0, 'decoder_condition1_gradient': 0.0, 'encoder_condition2_gradient': 0.0, 'decoder_condition2_gradient': 0.0, 'encoder_condition3_gradient': 0.0, 'decoder_condition3_gradient': 0.0, 'encoder_condition4_gradient': 0.0, 'decoder_condition4_gradient': 0.0}"
unconditional_vae\fold1\unconditional_vae_z3_seed44/condition swap behaviour,True,
unconditional_vae\fold1\unconditional_vae_z8_seed42/effective flags,True,
unconditional_vae\fold1\unconditional_vae_z8_seed42/train_mean train-only,True,max_abs_error=0.0; atol=1e-07; rtol=1e-06
unconditional_vae\fold1\unconditional_vae_z8_seed42/train_std train-only,True,max_abs_error=0.0; atol=1e-07; rtol=1e-06
unconditional_vae\fold1\unconditional_vae_z8_seed42/timing_mean train-only,True,max_abs_error=0.0; atol=1e-07; rtol=1e-06
unconditional_vae\fold1\unconditional_vae_z8_seed42/timing_std train-only,True,max_abs_error=0.0; atol=1e-07; rtol=1e-06
unconditional_vae\fold1\unconditional_vae_z8_seed42/validation objective,True,max_abs_error=0.0; atol=1e-10; rtol=1e-10
unconditional_vae\fold1\unconditional_vae_z8_seed42/selected epoch,True,
unconditional_vae\fold1\unconditional_vae_z8_seed42/KL schedule,True,max_abs_error=0.0; atol=1e-12; rtol=0
unconditional_vae\fold1\unconditional_vae_z8_seed42/saved objective,True,max_abs_error=0.0; atol=1e-10; rtol=1e-10
unconditional_vae\fold1\unconditional_vae_z8_seed42/independent encoder,True,max_abs_error=0.0; atol=2e-06; rtol=1e-05
unconditional_vae\fold1\unconditional_vae_z8_seed42/prediction IDs,True,
unconditional_vae\fold1\unconditional_vae_z8_seed42/true timing,True,max_abs_error=4.922790530770271e-08; atol=1e-07; rtol=1e-05
unconditional_vae\fold1\unconditional_vae_z8_seed42/independent timing predictions,True,max_abs_error=4.703216549550859e-08; atol=2e-06; rtol=2e-05
unconditional_vae\fold1\unconditional_vae_z8_seed42/independent trajectory MSE,True,max_abs_error=2.9216766339601463e-08; atol=2e-06; rtol=2e-05
unconditional_vae\fold1\unconditional_vae_z8_seed42/independent decoder trajectory,True,max_abs_error=0.0; atol=2e-06; rtol=1e-05
unconditional_vae\fold1\unconditional_vae_z8_seed42/independent decoder timing,True,max_abs_error=0.0; atol=2e-06; rtol=1e-05
unconditional_vae\fold1\unconditional_vae_z8_seed42/timing withheld,True,max_abs_error=0.0; atol=0; rtol=0
unconditional_vae\fold1\unconditional_vae_z8_seed42/variational sampling behaviour,True,
unconditional_vae\fold1\unconditional_vae_z8_seed42/condition gradients,True,"{'encoder_condition0_gradient': 0.0, 'decoder_condition0_gradient': 0.0, 'encoder_condition1_gradient': 0.0, 'decoder_condition1_gradient': 0.0, 'encoder_condition2_gradient': 0.0, 'decoder_condition2_gradient': 0.0, 'encoder_condition3_gradient': 0.0, 'decoder_condition3_gradient': 0.0, 'encoder_condition4_gradient': 0.0, 'decoder_condition4_gradient': 0.0}"
unconditional_vae\fold1\unconditional_vae_z8_seed42/condition swap behaviour,True,
unconditional_vae\fold1\unconditional_vae_z8_seed43/effective flags,True,
unconditional_vae\fold1\unconditional_vae_z8_seed43/train_mean train-only,True,max_abs_error=0.0; atol=1e-07; rtol=1e-06
unconditional_vae\fold1\unconditional_vae_z8_seed43/train_std train-only,True,max_abs_error=0.0; atol=1e-07; rtol=1e-06
unconditional_vae\fold1\unconditional_vae_z8_seed43/timing_mean train-only,True,max_abs_error=0.0; atol=1e-07; rtol=1e-06
unconditional_vae\fold1\unconditional_vae_z8_seed43/timing_std train-only,True,max_abs_error=0.0; atol=1e-07; rtol=1e-06
unconditional_vae\fold1\unconditional_vae_z8_seed43/validation objective,True,max_abs_error=0.0; atol=1e-10; rtol=1e-10
unconditional_vae\fold1\unconditional_vae_z8_seed43/selected epoch,True,
unconditional_vae\fold1\unconditional_vae_z8_seed43/KL schedule,True,max_abs_error=0.0; atol=1e-12; rtol=0
unconditional_vae\fold1\unconditional_vae_z8_seed43/saved objective,True,max_abs_error=0.0; atol=1e-10; rtol=1e-10
unconditional_vae\fold1\unconditional_vae_z8_seed43/independent encoder,True,max_abs_error=0.0; atol=2e-06; rtol=1e-05
unconditional_vae\fold1\unconditional_vae_z8_seed43/prediction IDs,True,
unconditional_vae\fold1\unconditional_vae_z8_seed43/true timing,True,max_abs_error=4.922790530770271e-08; atol=1e-07; rtol=1e-05
unconditional_vae\fold1\unconditional_vae_z8_seed43/independent timing predictions,True,max_abs_error=5.0865173406577924e-08; atol=2e-06; rtol=2e-05
unconditional_vae\fold1\unconditional_vae_z8_seed43/independent trajectory MSE,True,max_abs_error=2.223358164243905e-08; atol=2e-06; rtol=2e-05
unconditional_vae\fold1\unconditional_vae_z8_seed43/independent decoder trajectory,True,max_abs_error=0.0; atol=2e-06; rtol=1e-05
unconditional_vae\fold1\unconditional_vae_z8_seed43/independent decoder timing,True,max_abs_error=0.0; atol=2e-06; rtol=1e-05
unconditional_vae\fold1\unconditional_vae_z8_seed43/timing withheld,True,max_abs_error=0.0; atol=0; rtol=0
unconditional_vae\fold1\unconditional_vae_z8_seed43/variational sampling behaviour,True,
unconditional_vae\fold1\unconditional_vae_z8_seed43/condition gradients,True,"{'encoder_condition0_gradient': 0.0, 'decoder_condition0_gradient': 0.0, 'encoder_condition1_gradient': 0.0, 'decoder_condition1_gradient': 0.0, 'encoder_condition2_gradient': 0.0, 'decoder_condition2_gradient': 0.0, 'encoder_condition3_gradient': 0.0, 'decoder_condition3_gradient': 0.0, 'encoder_condition4_gradient': 0.0, 'decoder_condition4_gradient': 0.0}"
unconditional_vae\fold1\unconditional_vae_z8_seed43/condition swap behaviour,True,
unconditional_vae\fold1\unconditional_vae_z8_seed44/effective flags,True,
unconditional_vae\fold1\unconditional_vae_z8_seed44/train_mean train-only,True,max_abs_error=0.0; atol=1e-07; rtol=1e-06
unconditional_vae\fold1\unconditional_vae_z8_seed44/train_std train-only,True,max_abs_error=0.0; atol=1e-07; rtol=1e-06
unconditional_vae\fold1\unconditional_vae_z8_seed44/timing_mean train-only,True,max_abs_error=0.0; atol=1e-07; rtol=1e-06
unconditional_vae\fold1\unconditional_vae_z8_seed44/timing_std train-only,True,max_abs_error=0.0; atol=1e-07; rtol=1e-06
unconditional_vae\fold1\unconditional_vae_z8_seed44/validation objective,True,max_abs_error=0.0; atol=1e-10; rtol=1e-10
unconditional_vae\fold1\unconditional_vae_z8_seed44/selected epoch,True,
unconditional_vae\fold1\unconditional_vae_z8_seed44/KL schedule,True,max_abs_error=0.0; atol=1e-12; rtol=0
unconditional_vae\fold1\unconditional_vae_z8_seed44/saved objective,True,max_abs_error=0.0; atol=1e-10; rtol=1e-10
unconditional_vae\fold1\unconditional_vae_z8_seed44/independent encoder,True,max_abs_error=0.0; atol=2e-06; rtol=1e-05
unconditional_vae\fold1\unconditional_vae_z8_seed44/prediction IDs,True,
unconditional_vae\fold1\unconditional_vae_z8_seed44/true timing,True,max_abs_error=4.922790530770271e-08; atol=1e-07; rtol=1e-05
unconditional_vae\fold1\unconditional_vae_z8_seed44/independent timing predictions,True,max_abs_error=4.4825744671683765e-08; atol=2e-06; rtol=2e-05
unconditional_vae\fold1\unconditional_vae_z8_seed44/independent trajectory MSE,True,max_abs_error=3.9686584463183294e-08; atol=2e-06; rtol=2e-05
unconditional_vae\fold1\unconditional_vae_z8_seed44/independent decoder trajectory,True,max_abs_error=0.0; atol=2e-06; rtol=1e-05
unconditional_vae\fold1\unconditional_vae_z8_seed44/independent decoder timing,True,max_abs_error=0.0; atol=2e-06; rtol=1e-05
unconditional_vae\fold1\unconditional_vae_z8_seed44/timing withheld,True,max_abs_error=0.0; atol=0; rtol=0
unconditional_vae\fold1\unconditional_vae_z8_seed44/variational sampling behaviour,True,
unconditional_vae\fold1\unconditional_vae_z8_seed44/condition gradients,True,"{'encoder_condition0_gradient': 0.0, 'decoder_condition0_gradient': 0.0, 'encoder_condition1_gradient': 0.0, 'decoder_condition1_gradient': 0.0, 'encoder_condition2_gradient': 0.0, 'decoder_condition2_gradient': 0.0, 'encoder_condition3_gradient': 0.0, 'decoder_condition3_gradient': 0.0, 'encoder_condition4_gradient': 0.0, 'decoder_condition4_gradient': 0.0}"
unconditional_vae\fold1\unconditional_vae_z8_seed44/condition swap behaviour,True,
unconditional_vae\fold2\unconditional_vae_z3_seed42/effective flags,True,
unconditional_vae\fold2\unconditional_vae_z3_seed42/train_mean train-only,True,max_abs_error=0.0; atol=1e-07; rtol=1e-06
unconditional_vae\fold2\unconditional_vae_z3_seed42/train_std train-only,True,max_abs_error=0.0; atol=1e-07; rtol=1e-06
unconditional_vae\fold2\unconditional_vae_z3_seed42/timing_mean train-only,True,max_abs_error=0.0; atol=1e-07; rtol=1e-06
unconditional_vae\fold2\unconditional_vae_z3_seed42/timing_std train-only,True,max_abs_error=0.0; atol=1e-07; rtol=1e-06
unconditional_vae\fold2\unconditional_vae_z3_seed42/validation objective,True,max_abs_error=0.0; atol=1e-10; rtol=1e-10
unconditional_vae\fold2\unconditional_vae_z3_seed42/selected epoch,True,
unconditional_vae\fold2\unconditional_vae_z3_seed42/KL schedule,True,max_abs_error=0.0; atol=1e-12; rtol=0
unconditional_vae\fold2\unconditional_vae_z3_seed42/saved objective,True,max_abs_error=0.0; atol=1e-10; rtol=1e-10
unconditional_vae\fold2\unconditional_vae_z3_seed42/independent encoder,True,max_abs_error=0.0; atol=2e-06; rtol=1e-05
unconditional_vae\fold2\unconditional_vae_z3_seed42/prediction IDs,True,
unconditional_vae\fold2\unconditional_vae_z3_seed42/true timing,True,max_abs_error=4.922790530770271e-08; atol=1e-07; rtol=1e-05
unconditional_vae\fold2\unconditional_vae_z3_seed42/independent timing predictions,True,max_abs_error=2.6966095023617243e-08; atol=2e-06; rtol=2e-05
unconditional_vae\fold2\unconditional_vae_z3_seed42/independent trajectory MSE,True,max_abs_error=4.755249030097275e-07; atol=2e-06; rtol=2e-05
unconditional_vae\fold2\unconditional_vae_z3_seed42/independent decoder trajectory,True,max_abs_error=0.0; atol=2e-06; rtol=1e-05
unconditional_vae\fold2\unconditional_vae_z3_seed42/independent decoder timing,True,max_abs_error=0.0; atol=2e-06; rtol=1e-05
unconditional_vae\fold2\unconditional_vae_z3_seed42/timing withheld,True,max_abs_error=0.0; atol=0; rtol=0
unconditional_vae\fold2\unconditional_vae_z3_seed42/variational sampling behaviour,True,
unconditional_vae\fold2\unconditional_vae_z3_seed42/condition gradients,True,"{'encoder_condition0_gradient': 0.0, 'decoder_condition0_gradient': 0.0, 'encoder_condition1_gradient': 0.0, 'decoder_condition1_gradient': 0.0, 'encoder_condition2_gradient': 0.0, 'decoder_condition2_gradient': 0.0, 'encoder_condition3_gradient': 0.0, 'decoder_condition3_gradient': 0.0, 'encoder_condition4_gradient': 0.0, 'decoder_condition4_gradient': 0.0}"
unconditional_vae\fold2\unconditional_vae_z3_seed42/condition swap behaviour,True,
unconditional_vae\fold2\unconditional_vae_z3_seed43/effective flags,True,
unconditional_vae\fold2\unconditional_vae_z3_seed43/train_mean train-only,True,max_abs_error=0.0; atol=1e-07; rtol=1e-06
unconditional_vae\fold2\unconditional_vae_z3_seed43/train_std train-only,True,max_abs_error=0.0; atol=1e-07; rtol=1e-06
unconditional_vae\fold2\unconditional_vae_z3_seed43/timing_mean train-only,True,max_abs_error=0.0; atol=1e-07; rtol=1e-06
unconditional_vae\fold2\unconditional_vae_z3_seed43/timing_std train-only,True,max_abs_error=0.0; atol=1e-07; rtol=1e-06
unconditional_vae\fold2\unconditional_vae_z3_seed43/validation objective,True,max_abs_error=0.0; atol=1e-10; rtol=1e-10
unconditional_vae\fold2\unconditional_vae_z3_seed43/selected epoch,True,
unconditional_vae\fold2\unconditional_vae_z3_seed43/KL schedule,True,max_abs_error=0.0; atol=1e-12; rtol=0
unconditional_vae\fold2\unconditional_vae_z3_seed43/saved objective,True,max_abs_error=0.0; atol=1e-10; rtol=1e-10
unconditional_vae\fold2\unconditional_vae_z3_seed43/independent encoder,True,max_abs_error=0.0; atol=2e-06; rtol=1e-05
unconditional_vae\fold2\unconditional_vae_z3_seed43/prediction IDs,True,
unconditional_vae\fold2\unconditional_vae_z3_seed43/true timing,True,max_abs_error=4.922790530770271e-08; atol=1e-07; rtol=1e-05
unconditional_vae\fold2\unconditional_vae_z3_seed43/independent timing predictions,True,max_abs_error=4.03717042019025e-08; atol=2e-06; rtol=2e-05
unconditional_vae\fold2\unconditional_vae_z3_seed43/independent trajectory MSE,True,max_abs_error=4.368896489026497e-08; atol=2e-06; rtol=2e-05
unconditional_vae\fold2\unconditional_vae_z3_seed43/independent decoder trajectory,True,max_abs_error=0.0; atol=2e-06; rtol=1e-05
unconditional_vae\fold2\unconditional_vae_z3_seed43/independent decoder timing,True,max_abs_error=0.0; atol=2e-06; rtol=1e-05
unconditional_vae\fold2\unconditional_vae_z3_seed43/timing withheld,True,max_abs_error=0.0; atol=0; rtol=0
unconditional_vae\fold2\unconditional_vae_z3_seed43/variational sampling behaviour,True,
unconditional_vae\fold2\unconditional_vae_z3_seed43/condition gradients,True,"{'encoder_condition0_gradient': 0.0, 'decoder_condition0_gradient': 0.0, 'encoder_condition1_gradient': 0.0, 'decoder_condition1_gradient': 0.0, 'encoder_condition2_gradient': 0.0, 'decoder_condition2_gradient': 0.0, 'encoder_condition3_gradient': 0.0, 'decoder_condition3_gradient': 0.0, 'encoder_condition4_gradient': 0.0, 'decoder_condition4_gradient': 0.0}"
unconditional_vae\fold2\unconditional_vae_z3_seed43/condition swap behaviour,True,
unconditional_vae\fold2\unconditional_vae_z3_seed44/effective flags,True,
unconditional_vae\fold2\unconditional_vae_z3_seed44/train_mean train-only,True,max_abs_error=0.0; atol=1e-07; rtol=1e-06
unconditional_vae\fold2\unconditional_vae_z3_seed44/train_std train-only,True,max_abs_error=0.0; atol=1e-07; rtol=1e-06
unconditional_vae\fold2\unconditional_vae_z3_seed44/timing_mean train-only,True,max_abs_error=0.0; atol=1e-07; rtol=1e-06
unconditional_vae\fold2\unconditional_vae_z3_seed44/timing_std train-only,True,max_abs_error=0.0; atol=1e-07; rtol=1e-06
unconditional_vae\fold2\unconditional_vae_z3_seed44/validation objective,True,max_abs_error=0.0; atol=1e-10; rtol=1e-10
unconditional_vae\fold2\unconditional_vae_z3_seed44/selected epoch,True,
unconditional_vae\fold2\unconditional_vae_z3_seed44/KL schedule,True,max_abs_error=0.0; atol=1e-12; rtol=0
unconditional_vae\fold2\unconditional_vae_z3_seed44/saved objective,True,max_abs_error=0.0; atol=1e-10; rtol=1e-10
unconditional_vae\fold2\unconditional_vae_z3_seed44/independent encoder,True,max_abs_error=0.0; atol=2e-06; rtol=1e-05
unconditional_vae\fold2\unconditional_vae_z3_seed44/prediction IDs,True,
unconditional_vae\fold2\unconditional_vae_z3_seed44/true timing,True,max_abs_error=4.922790530770271e-08; atol=1e-07; rtol=1e-05
unconditional_vae\fold2\unconditional_vae_z3_seed44/independent timing predictions,True,max_abs_error=2.9347228980292073e-08; atol=2e-06; rtol=2e-05
unconditional_vae\fold2\unconditional_vae_z3_seed44/independent trajectory MSE,True,max_abs_error=3.7152099530146643e-07; atol=2e-06; rtol=2e-05
unconditional_vae\fold2\unconditional_vae_z3_seed44/independent decoder trajectory,True,max_abs_error=0.0; atol=2e-06; rtol=1e-05
unconditional_vae\fold2\unconditional_vae_z3_seed44/independent decoder timing,True,max_abs_error=0.0; atol=2e-06; rtol=1e-05
unconditional_vae\fold2\unconditional_vae_z3_seed44/timing withheld,True,max_abs_error=0.0; atol=0; rtol=0
unconditional_vae\fold2\unconditional_vae_z3_seed44/variational sampling behaviour,True,
unconditional_vae\fold2\unconditional_vae_z3_seed44/condition gradients,True,"{'encoder_condition0_gradient': 0.0, 'decoder_condition0_gradient': 0.0, 'encoder_condition1_gradient': 0.0, 'decoder_condition1_gradient': 0.0, 'encoder_condition2_gradient': 0.0, 'decoder_condition2_gradient': 0.0, 'encoder_condition3_gradient': 0.0, 'decoder_condition3_gradient': 0.0, 'encoder_condition4_gradient': 0.0, 'decoder_condition4_gradient': 0.0}"
unconditional_vae\fold2\unconditional_vae_z3_seed44/condition swap behaviour,True,
unconditional_vae\fold2\unconditional_vae_z8_seed42/effective flags,True,
unconditional_vae\fold2\unconditional_vae_z8_seed42/train_mean train-only,True,max_abs_error=0.0; atol=1e-07; rtol=1e-06
unconditional_vae\fold2\unconditional_vae_z8_seed42/train_std train-only,True,max_abs_error=0.0; atol=1e-07; rtol=1e-06
unconditional_vae\fold2\unconditional_vae_z8_seed42/timing_mean train-only,True,max_abs_error=0.0; atol=1e-07; rtol=1e-06
unconditional_vae\fold2\unconditional_vae_z8_seed42/timing_std train-only,True,max_abs_error=0.0; atol=1e-07; rtol=1e-06
unconditional_vae\fold2\unconditional_vae_z8_seed42/validation objective,True,max_abs_error=0.0; atol=1e-10; rtol=1e-10
unconditional_vae\fold2\unconditional_vae_z8_seed42/selected epoch,True,
unconditional_vae\fold2\unconditional_vae_z8_seed42/KL schedule,True,max_abs_error=0.0; atol=1e-12; rtol=0
unconditional_vae\fold2\unconditional_vae_z8_seed42/saved objective,True,max_abs_error=0.0; atol=1e-10; rtol=1e-10
unconditional_vae\fold2\unconditional_vae_z8_seed42/independent encoder,True,max_abs_error=0.0; atol=2e-06; rtol=1e-05
unconditional_vae\fold2\unconditional_vae_z8_seed42/prediction IDs,True,
unconditional_vae\fold2\unconditional_vae_z8_seed42/true timing,True,max_abs_error=4.922790530770271e-08; atol=1e-07; rtol=1e-05
unconditional_vae\fold2\unconditional_vae_z8_seed42/independent timing predictions,True,max_abs_error=4.8033142130421425e-08; atol=2e-06; rtol=2e-05
unconditional_vae\fold2\unconditional_vae_z8_seed42/independent trajectory MSE,True,max_abs_error=2.761230466497011e-08; atol=2e-06; rtol=2e-05
unconditional_vae\fold2\unconditional_vae_z8_seed42/independent decoder trajectory,True,max_abs_error=0.0; atol=2e-06; rtol=1e-05
unconditional_vae\fold2\unconditional_vae_z8_seed42/independent decoder timing,True,max_abs_error=0.0; atol=2e-06; rtol=1e-05
unconditional_vae\fold2\unconditional_vae_z8_seed42/timing withheld,True,max_abs_error=0.0; atol=0; rtol=0
unconditional_vae\fold2\unconditional_vae_z8_seed42/variational sampling behaviour,True,
unconditional_vae\fold2\unconditional_vae_z8_seed42/condition gradients,True,"{'encoder_condition0_gradient': 0.0, 'decoder_condition0_gradient': 0.0, 'encoder_condition1_gradient': 0.0, 'decoder_condition1_gradient': 0.0, 'encoder_condition2_gradient': 0.0, 'decoder_condition2_gradient': 0.0, 'encoder_condition3_gradient': 0.0, 'decoder_condition3_gradient': 0.0, 'encoder_condition4_gradient': 0.0, 'decoder_condition4_gradient': 0.0}"
unconditional_vae\fold2\unconditional_vae_z8_seed42/condition swap behaviour,True,
unconditional_vae\fold2\unconditional_vae_z8_seed43/effective flags,True,
unconditional_vae\fold2\unconditional_vae_z8_seed43/train_mean train-only,True,max_abs_error=0.0; atol=1e-07; rtol=1e-06
unconditional_vae\fold2\unconditional_vae_z8_seed43/train_std train-only,True,max_abs_error=0.0; atol=1e-07; rtol=1e-06
unconditional_vae\fold2\unconditional_vae_z8_seed43/timing_mean train-only,True,max_abs_error=0.0; atol=1e-07; rtol=1e-06
unconditional_vae\fold2\unconditional_vae_z8_seed43/timing_std train-only,True,max_abs_error=0.0; atol=1e-07; rtol=1e-06
unconditional_vae\fold2\unconditional_vae_z8_seed43/validation objective,True,max_abs_error=0.0; atol=1e-10; rtol=1e-10
unconditional_vae\fold2\unconditional_vae_z8_seed43/selected epoch,True,
unconditional_vae\fold2\unconditional_vae_z8_seed43/KL schedule,True,max_abs_error=0.0; atol=1e-12; rtol=0
unconditional_vae\fold2\unconditional_vae_z8_seed43/saved objective,True,max_abs_error=0.0; atol=1e-10; rtol=1e-10
unconditional_vae\fold2\unconditional_vae_z8_seed43/independent encoder,True,max_abs_error=0.0; atol=2e-06; rtol=1e-05
unconditional_vae\fold2\unconditional_vae_z8_seed43/prediction IDs,True,
unconditional_vae\fold2\unconditional_vae_z8_seed43/true timing,True,max_abs_error=4.922790530770271e-08; atol=1e-07; rtol=1e-05
unconditional_vae\fold2\unconditional_vae_z8_seed43/independent timing predictions,True,max_abs_error=3.589782715529566e-08; atol=2e-06; rtol=2e-05
unconditional_vae\fold2\unconditional_vae_z8_seed43/independent trajectory MSE,True,max_abs_error=4.910125728230241e-08; atol=2e-06; rtol=2e-05
unconditional_vae\fold2\unconditional_vae_z8_seed43/independent decoder trajectory,True,max_abs_error=0.0; atol=2e-06; rtol=1e-05
unconditional_vae\fold2\unconditional_vae_z8_seed43/independent decoder timing,True,max_abs_error=0.0; atol=2e-06; rtol=1e-05
unconditional_vae\fold2\unconditional_vae_z8_seed43/timing withheld,True,max_abs_error=0.0; atol=0; rtol=0
unconditional_vae\fold2\unconditional_vae_z8_seed43/variational sampling behaviour,True,
unconditional_vae\fold2\unconditional_vae_z8_seed43/condition gradients,True,"{'encoder_condition0_gradient': 0.0, 'decoder_condition0_gradient': 0.0, 'encoder_condition1_gradient': 0.0, 'decoder_condition1_gradient': 0.0, 'encoder_condition2_gradient': 0.0, 'decoder_condition2_gradient': 0.0, 'encoder_condition3_gradient': 0.0, 'decoder_condition3_gradient': 0.0, 'encoder_condition4_gradient': 0.0, 'decoder_condition4_gradient': 0.0}"
unconditional_vae\fold2\unconditional_vae_z8_seed43/condition swap behaviour,True,
unconditional_vae\fold2\unconditional_vae_z8_seed44/effective flags,True,
unconditional_vae\fold2\unconditional_vae_z8_seed44/train_mean train-only,True,max_abs_error=0.0; atol=1e-07; rtol=1e-06
unconditional_vae\fold2\unconditional_vae_z8_seed44/train_std train-only,True,max_abs_error=0.0; atol=1e-07; rtol=1e-06
unconditional_vae\fold2\unconditional_vae_z8_seed44/timing_mean train-only,True,max_abs_error=0.0; atol=1e-07; rtol=1e-06
unconditional_vae\fold2\unconditional_vae_z8_seed44/timing_std train-only,True,max_abs_error=0.0; atol=1e-07; rtol=1e-06
unconditional_vae\fold2\unconditional_vae_z8_seed44/validation objective,True,max_abs_error=0.0; atol=1e-10; rtol=1e-10
unconditional_vae\fold2\unconditional_vae_z8_seed44/selected epoch,True,
unconditional_vae\fold2\unconditional_vae_z8_seed44/KL schedule,True,max_abs_error=0.0; atol=1e-12; rtol=0
unconditional_vae\fold2\unconditional_vae_z8_seed44/saved objective,True,max_abs_error=0.0; atol=1e-10; rtol=1e-10
unconditional_vae\fold2\unconditional_vae_z8_seed44/independent encoder,True,max_abs_error=0.0; atol=2e-06; rtol=1e-05
unconditional_vae\fold2\unconditional_vae_z8_seed44/prediction IDs,True,
unconditional_vae\fold2\unconditional_vae_z8_seed44/true timing,True,max_abs_error=4.922790530770271e-08; atol=1e-07; rtol=1e-05
unconditional_vae\fold2\unconditional_vae_z8_seed44/independent timing predictions,True,max_abs_error=4.5907592838290157e-08; atol=2e-06; rtol=2e-05
unconditional_vae\fold2\unconditional_vae_z8_seed44/independent trajectory MSE,True,max_abs_error=2.269287113776386e-08; atol=2e-06; rtol=2e-05
unconditional_vae\fold2\unconditional_vae_z8_seed44/independent decoder trajectory,True,max_abs_error=0.0; atol=2e-06; rtol=1e-05
unconditional_vae\fold2\unconditional_vae_z8_seed44/independent decoder timing,True,max_abs_error=0.0; atol=2e-06; rtol=1e-05
unconditional_vae\fold2\unconditional_vae_z8_seed44/timing withheld,True,max_abs_error=0.0; atol=0; rtol=0
unconditional_vae\fold2\unconditional_vae_z8_seed44/variational sampling behaviour,True,
unconditional_vae\fold2\unconditional_vae_z8_seed44/condition gradients,True,"{'encoder_condition0_gradient': 0.0, 'decoder_condition0_gradient': 0.0, 'encoder_condition1_gradient': 0.0, 'decoder_condition1_gradient': 0.0, 'encoder_condition2_gradient': 0.0, 'decoder_condition2_gradient': 0.0, 'encoder_condition3_gradient': 0.0, 'decoder_condition3_gradient': 0.0, 'encoder_condition4_gradient': 0.0, 'decoder_condition4_gradient': 0.0}"
unconditional_vae\fold2\unconditional_vae_z8_seed44/condition swap behaviour,True,
unconditional_vae\fold3\unconditional_vae_z3_seed42/effective flags,True,
unconditional_vae\fold3\unconditional_vae_z3_seed42/train_mean train-only,True,max_abs_error=0.0; atol=1e-07; rtol=1e-06
unconditional_vae\fold3\unconditional_vae_z3_seed42/train_std train-only,True,max_abs_error=0.0; atol=1e-07; rtol=1e-06
unconditional_vae\fold3\unconditional_vae_z3_seed42/timing_mean train-only,True,max_abs_error=0.0; atol=1e-07; rtol=1e-06
unconditional_vae\fold3\unconditional_vae_z3_seed42/timing_std train-only,True,max_abs_error=0.0; atol=1e-07; rtol=1e-06
unconditional_vae\fold3\unconditional_vae_z3_seed42/validation objective,True,max_abs_error=0.0; atol=1e-10; rtol=1e-10
unconditional_vae\fold3\unconditional_vae_z3_seed42/selected epoch,True,
unconditional_vae\fold3\unconditional_vae_z3_seed42/KL schedule,True,max_abs_error=0.0; atol=1e-12; rtol=0
unconditional_vae\fold3\unconditional_vae_z3_seed42/saved objective,True,max_abs_error=0.0; atol=1e-10; rtol=1e-10
unconditional_vae\fold3\unconditional_vae_z3_seed42/independent encoder,True,max_abs_error=0.0; atol=2e-06; rtol=1e-05
unconditional_vae\fold3\unconditional_vae_z3_seed42/prediction IDs,True,
unconditional_vae\fold3\unconditional_vae_z3_seed42/true timing,True,max_abs_error=4.768371586472142e-08; atol=1e-07; rtol=1e-05
unconditional_vae\fold3\unconditional_vae_z3_seed42/independent timing predictions,True,max_abs_error=2.8662109352595166e-08; atol=2e-06; rtol=2e-05
unconditional_vae\fold3\unconditional_vae_z3_seed42/independent trajectory MSE,True,max_abs_error=2.6251220752726567e-07; atol=2e-06; rtol=2e-05
unconditional_vae\fold3\unconditional_vae_z3_seed42/independent decoder trajectory,True,max_abs_error=0.0; atol=2e-06; rtol=1e-05
unconditional_vae\fold3\unconditional_vae_z3_seed42/independent decoder timing,True,max_abs_error=0.0; atol=2e-06; rtol=1e-05
unconditional_vae\fold3\unconditional_vae_z3_seed42/timing withheld,True,max_abs_error=0.0; atol=0; rtol=0
unconditional_vae\fold3\unconditional_vae_z3_seed42/variational sampling behaviour,True,
unconditional_vae\fold3\unconditional_vae_z3_seed42/condition gradients,True,"{'encoder_condition0_gradient': 0.0, 'decoder_condition0_gradient': 0.0, 'encoder_condition1_gradient': 0.0, 'decoder_condition1_gradient': 0.0, 'encoder_condition2_gradient': 0.0, 'decoder_condition2_gradient': 0.0, 'encoder_condition3_gradient': 0.0, 'decoder_condition3_gradient': 0.0, 'encoder_condition4_gradient': 0.0, 'decoder_condition4_gradient': 0.0}"
unconditional_vae\fold3\unconditional_vae_z3_seed42/condition swap behaviour,True,
unconditional_vae\fold3\unconditional_vae_z3_seed43/effective flags,True,
unconditional_vae\fold3\unconditional_vae_z3_seed43/train_mean train-only,True,max_abs_error=0.0; atol=1e-07; rtol=1e-06
unconditional_vae\fold3\unconditional_vae_z3_seed43/train_std train-only,True,max_abs_error=0.0; atol=1e-07; rtol=1e-06
unconditional_vae\fold3\unconditional_vae_z3_seed43/timing_mean train-only,True,max_abs_error=0.0; atol=1e-07; rtol=1e-06
unconditional_vae\fold3\unconditional_vae_z3_seed43/timing_std train-only,True,max_abs_error=0.0; atol=1e-07; rtol=1e-06
unconditional_vae\fold3\unconditional_vae_z3_seed43/validation objective,True,max_abs_error=0.0; atol=1e-10; rtol=1e-10
unconditional_vae\fold3\unconditional_vae_z3_seed43/selected epoch,True,
unconditional_vae\fold3\unconditional_vae_z3_seed43/KL schedule,True,max_abs_error=0.0; atol=1e-12; rtol=0
unconditional_vae\fold3\unconditional_vae_z3_seed43/saved objective,True,max_abs_error=0.0; atol=1e-10; rtol=1e-10
unconditional_vae\fold3\unconditional_vae_z3_seed43/independent encoder,True,max_abs_error=0.0; atol=2e-06; rtol=1e-05
unconditional_vae\fold3\unconditional_vae_z3_seed43/prediction IDs,True,
unconditional_vae\fold3\unconditional_vae_z3_seed43/true timing,True,max_abs_error=4.768371586472142e-08; atol=1e-07; rtol=1e-05
unconditional_vae\fold3\unconditional_vae_z3_seed43/independent timing predictions,True,max_abs_error=3.833007795606136e-07; atol=2e-06; rtol=2e-05
unconditional_vae\fold3\unconditional_vae_z3_seed43/independent trajectory MSE,True,max_abs_error=4.401855466795723e-07; atol=2e-06; rtol=2e-05
unconditional_vae\fold3\unconditional_vae_z3_seed43/independent decoder trajectory,True,max_abs_error=0.0; atol=2e-06; rtol=1e-05
unconditional_vae\fold3\unconditional_vae_z3_seed43/independent decoder timing,True,max_abs_error=0.0; atol=2e-06; rtol=1e-05
unconditional_vae\fold3\unconditional_vae_z3_seed43/timing withheld,True,max_abs_error=0.0; atol=0; rtol=0
unconditional_vae\fold3\unconditional_vae_z3_seed43/variational sampling behaviour,True,
unconditional_vae\fold3\unconditional_vae_z3_seed43/condition gradients,True,"{'encoder_condition0_gradient': 0.0, 'decoder_condition0_gradient': 0.0, 'encoder_condition1_gradient': 0.0, 'decoder_condition1_gradient': 0.0, 'encoder_condition2_gradient': 0.0, 'decoder_condition2_gradient': 0.0, 'encoder_condition3_gradient': 0.0, 'decoder_condition3_gradient': 0.0, 'encoder_condition4_gradient': 0.0, 'decoder_condition4_gradient': 0.0}"
unconditional_vae\fold3\unconditional_vae_z3_seed43/condition swap behaviour,True,
unconditional_vae\fold3\unconditional_vae_z3_seed44/effective flags,True,
unconditional_vae\fold3\unconditional_vae_z3_seed44/train_mean train-only,True,max_abs_error=0.0; atol=1e-07; rtol=1e-06
unconditional_vae\fold3\unconditional_vae_z3_seed44/train_std train-only,True,max_abs_error=0.0; atol=1e-07; rtol=1e-06
unconditional_vae\fold3\unconditional_vae_z3_seed44/timing_mean train-only,True,max_abs_error=0.0; atol=1e-07; rtol=1e-06
unconditional_vae\fold3\unconditional_vae_z3_seed44/timing_std train-only,True,max_abs_error=0.0; atol=1e-07; rtol=1e-06
unconditional_vae\fold3\unconditional_vae_z3_seed44/validation objective,True,max_abs_error=0.0; atol=1e-10; rtol=1e-10
unconditional_vae\fold3\unconditional_vae_z3_seed44/selected epoch,True,
unconditional_vae\fold3\unconditional_vae_z3_seed44/KL schedule,True,max_abs_error=0.0; atol=1e-12; rtol=0
unconditional_vae\fold3\unconditional_vae_z3_seed44/saved objective,True,max_abs_error=0.0; atol=1e-10; rtol=1e-10
unconditional_vae\fold3\unconditional_vae_z3_seed44/independent encoder,True,max_abs_error=0.0; atol=2e-06; rtol=1e-05
unconditional_vae\fold3\unconditional_vae_z3_seed44/prediction IDs,True,
unconditional_vae\fold3\unconditional_vae_z3_seed44/true timing,True,max_abs_error=4.768371586472142e-08; atol=1e-07; rtol=1e-05
unconditional_vae\fold3\unconditional_vae_z3_seed44/independent timing predictions,True,max_abs_error=3.8365173260501706e-08; atol=2e-06; rtol=2e-05
unconditional_vae\fold3\unconditional_vae_z3_seed44/independent trajectory MSE,True,max_abs_error=3.887939445945676e-07; atol=2e-06; rtol=2e-05
unconditional_vae\fold3\unconditional_vae_z3_seed44/independent decoder trajectory,True,max_abs_error=0.0; atol=2e-06; rtol=1e-05
unconditional_vae\fold3\unconditional_vae_z3_seed44/independent decoder timing,True,max_abs_error=0.0; atol=2e-06; rtol=1e-05
unconditional_vae\fold3\unconditional_vae_z3_seed44/timing withheld,True,max_abs_error=0.0; atol=0; rtol=0
unconditional_vae\fold3\unconditional_vae_z3_seed44/variational sampling behaviour,True,
unconditional_vae\fold3\unconditional_vae_z3_seed44/condition gradients,True,"{'encoder_condition0_gradient': 0.0, 'decoder_condition0_gradient': 0.0, 'encoder_condition1_gradient': 0.0, 'decoder_condition1_gradient': 0.0, 'encoder_condition2_gradient': 0.0, 'decoder_condition2_gradient': 0.0, 'encoder_condition3_gradient': 0.0, 'decoder_condition3_gradient': 0.0, 'encoder_condition4_gradient': 0.0, 'decoder_condition4_gradient': 0.0}"
unconditional_vae\fold3\unconditional_vae_z3_seed44/condition swap behaviour,True,
unconditional_vae\fold3\unconditional_vae_z8_seed42/effective flags,True,
unconditional_vae\fold3\unconditional_vae_z8_seed42/train_mean train-only,True,max_abs_error=0.0; atol=1e-07; rtol=1e-06
unconditional_vae\fold3\unconditional_vae_z8_seed42/train_std train-only,True,max_abs_error=0.0; atol=1e-07; rtol=1e-06
unconditional_vae\fold3\unconditional_vae_z8_seed42/timing_mean train-only,True,max_abs_error=0.0; atol=1e-07; rtol=1e-06
unconditional_vae\fold3\unconditional_vae_z8_seed42/timing_std train-only,True,max_abs_error=0.0; atol=1e-07; rtol=1e-06
unconditional_vae\fold3\unconditional_vae_z8_seed42/validation objective,True,max_abs_error=0.0; atol=1e-10; rtol=1e-10
unconditional_vae\fold3\unconditional_vae_z8_seed42/selected epoch,True,
unconditional_vae\fold3\unconditional_vae_z8_seed42/KL schedule,True,max_abs_error=0.0; atol=1e-12; rtol=0
unconditional_vae\fold3\unconditional_vae_z8_seed42/saved objective,True,max_abs_error=0.0; atol=1e-10; rtol=1e-10
unconditional_vae\fold3\unconditional_vae_z8_seed42/independent encoder,True,max_abs_error=0.0; atol=2e-06; rtol=1e-05
unconditional_vae\fold3\unconditional_vae_z8_seed42/prediction IDs,True,
unconditional_vae\fold3\unconditional_vae_z8_seed42/true timing,True,max_abs_error=4.768371586472142e-08; atol=1e-07; rtol=1e-05
unconditional_vae\fold3\unconditional_vae_z8_seed42/independent timing predictions,True,max_abs_error=2.35107421531211e-07; atol=2e-06; rtol=2e-05
unconditional_vae\fold3\unconditional_vae_z8_seed42/independent trajectory MSE,True,max_abs_error=2.8566741971935983e-08; atol=2e-06; rtol=2e-05
unconditional_vae\fold3\unconditional_vae_z8_seed42/independent decoder trajectory,True,max_abs_error=0.0; atol=2e-06; rtol=1e-05
unconditional_vae\fold3\unconditional_vae_z8_seed42/independent decoder timing,True,max_abs_error=0.0; atol=2e-06; rtol=1e-05
unconditional_vae\fold3\unconditional_vae_z8_seed42/timing withheld,True,max_abs_error=0.0; atol=0; rtol=0
unconditional_vae\fold3\unconditional_vae_z8_seed42/variational sampling behaviour,True,
unconditional_vae\fold3\unconditional_vae_z8_seed42/condition gradients,True,"{'encoder_condition0_gradient': 0.0, 'decoder_condition0_gradient': 0.0, 'encoder_condition1_gradient': 0.0, 'decoder_condition1_gradient': 0.0, 'encoder_condition2_gradient': 0.0, 'decoder_condition2_gradient': 0.0, 'encoder_condition3_gradient': 0.0, 'decoder_condition3_gradient': 0.0, 'encoder_condition4_gradient': 0.0, 'decoder_condition4_gradient': 0.0}"
unconditional_vae\fold3\unconditional_vae_z8_seed42/condition swap behaviour,True,
unconditional_vae\fold3\unconditional_vae_z8_seed43/effective flags,True,
unconditional_vae\fold3\unconditional_vae_z8_seed43/train_mean train-only,True,max_abs_error=0.0; atol=1e-07; rtol=1e-06
unconditional_vae\fold3\unconditional_vae_z8_seed43/train_std train-only,True,max_abs_error=0.0; atol=1e-07; rtol=1e-06
unconditional_vae\fold3\unconditional_vae_z8_seed43/timing_mean train-only,True,max_abs_error=0.0; atol=1e-07; rtol=1e-06
unconditional_vae\fold3\unconditional_vae_z8_seed43/timing_std train-only,True,max_abs_error=0.0; atol=1e-07; rtol=1e-06
unconditional_vae\fold3\unconditional_vae_z8_seed43/validation objective,True,max_abs_error=0.0; atol=1e-10; rtol=1e-10
unconditional_vae\fold3\unconditional_vae_z8_seed43/selected epoch,True,
unconditional_vae\fold3\unconditional_vae_z8_seed43/KL schedule,True,max_abs_error=0.0; atol=1e-12; rtol=0
unconditional_vae\fold3\unconditional_vae_z8_seed43/saved objective,True,max_abs_error=0.0; atol=1e-10; rtol=1e-10
unconditional_vae\fold3\unconditional_vae_z8_seed43/independent encoder,True,max_abs_error=0.0; atol=2e-06; rtol=1e-05
unconditional_vae\fold3\unconditional_vae_z8_seed43/prediction IDs,True,
unconditional_vae\fold3\unconditional_vae_z8_seed43/true timing,True,max_abs_error=4.768371586472142e-08; atol=1e-07; rtol=1e-05
unconditional_vae\fold3\unconditional_vae_z8_seed43/independent timing predictions,True,max_abs_error=4.323730475874754e-07; atol=2e-06; rtol=2e-05
unconditional_vae\fold3\unconditional_vae_z8_seed43/independent trajectory MSE,True,max_abs_error=4.6765136652027195e-08; atol=2e-06; rtol=2e-05
unconditional_vae\fold3\unconditional_vae_z8_seed43/independent decoder trajectory,True,max_abs_error=0.0; atol=2e-06; rtol=1e-05
unconditional_vae\fold3\unconditional_vae_z8_seed43/independent decoder timing,True,max_abs_error=0.0; atol=2e-06; rtol=1e-05
unconditional_vae\fold3\unconditional_vae_z8_seed43/timing withheld,True,max_abs_error=0.0; atol=0; rtol=0
unconditional_vae\fold3\unconditional_vae_z8_seed43/variational sampling behaviour,True,
unconditional_vae\fold3\unconditional_vae_z8_seed43/condition gradients,True,"{'encoder_condition0_gradient': 0.0, 'decoder_condition0_gradient': 0.0, 'encoder_condition1_gradient': 0.0, 'decoder_condition1_gradient': 0.0, 'encoder_condition2_gradient': 0.0, 'decoder_condition2_gradient': 0.0, 'encoder_condition3_gradient': 0.0, 'decoder_condition3_gradient': 0.0, 'encoder_condition4_gradient': 0.0, 'decoder_condition4_gradient': 0.0}"
unconditional_vae\fold3\unconditional_vae_z8_seed43/condition swap behaviour,True,
unconditional_vae\fold3\unconditional_vae_z8_seed44/effective flags,True,
unconditional_vae\fold3\unconditional_vae_z8_seed44/train_mean train-only,True,max_abs_error=0.0; atol=1e-07; rtol=1e-06
unconditional_vae\fold3\unconditional_vae_z8_seed44/train_std train-only,True,max_abs_error=0.0; atol=1e-07; rtol=1e-06
unconditional_vae\fold3\unconditional_vae_z8_seed44/timing_mean train-only,True,max_abs_error=0.0; atol=1e-07; rtol=1e-06
unconditional_vae\fold3\unconditional_vae_z8_seed44/timing_std train-only,True,max_abs_error=0.0; atol=1e-07; rtol=1e-06
unconditional_vae\fold3\unconditional_vae_z8_seed44/validation objective,True,max_abs_error=0.0; atol=1e-10; rtol=1e-10
unconditional_vae\fold3\unconditional_vae_z8_seed44/selected epoch,True,
unconditional_vae\fold3\unconditional_vae_z8_seed44/KL schedule,True,max_abs_error=0.0; atol=1e-12; rtol=0
unconditional_vae\fold3\unconditional_vae_z8_seed44/saved objective,True,max_abs_error=0.0; atol=1e-10; rtol=1e-10
unconditional_vae\fold3\unconditional_vae_z8_seed44/independent encoder,True,max_abs_error=0.0; atol=2e-06; rtol=1e-05
unconditional_vae\fold3\unconditional_vae_z8_seed44/prediction IDs,True,
unconditional_vae\fold3\unconditional_vae_z8_seed44/true timing,True,max_abs_error=4.768371586472142e-08; atol=1e-07; rtol=1e-05
unconditional_vae\fold3\unconditional_vae_z8_seed44/independent timing predictions,True,max_abs_error=4.3847656172602e-07; atol=2e-06; rtol=2e-05
unconditional_vae\fold3\unconditional_vae_z8_seed44/independent trajectory MSE,True,max_abs_error=4.305572520735268e-08; atol=2e-06; rtol=2e-05
unconditional_vae\fold3\unconditional_vae_z8_seed44/independent decoder trajectory,True,max_abs_error=0.0; atol=2e-06; rtol=1e-05
unconditional_vae\fold3\unconditional_vae_z8_seed44/independent decoder timing,True,max_abs_error=0.0; atol=2e-06; rtol=1e-05
unconditional_vae\fold3\unconditional_vae_z8_seed44/timing withheld,True,max_abs_error=0.0; atol=0; rtol=0
unconditional_vae\fold3\unconditional_vae_z8_seed44/variational sampling behaviour,True,
unconditional_vae\fold3\unconditional_vae_z8_seed44/condition gradients,True,"{'encoder_condition0_gradient': 0.0, 'decoder_condition0_gradient': 0.0, 'encoder_condition1_gradient': 0.0, 'decoder_condition1_gradient': 0.0, 'encoder_condition2_gradient': 0.0, 'decoder_condition2_gradient': 0.0, 'encoder_condition3_gradient': 0.0, 'decoder_condition3_gradient': 0.0, 'encoder_condition4_gradient': 0.0, 'decoder_condition4_gradient': 0.0}"
unconditional_vae\fold3\unconditional_vae_z8_seed44/condition swap behaviour,True,
124 corrected evaluations,True,
runs\condition_ridge\fold0\condition_ridge_seed42/same test cohort,True,
runs\condition_ridge\fold0\condition_ridge_seed42/complete trial coverage,True,
runs\condition_ridge\fold0\condition_ridge_seed43/same test cohort,True,
runs\condition_ridge\fold0\condition_ridge_seed43/complete trial coverage,True,
runs\condition_ridge\fold0\condition_ridge_seed44/same test cohort,True,
runs\condition_ridge\fold0\condition_ridge_seed44/complete trial coverage,True,
runs\condition_ridge\fold1\condition_ridge_seed42/same test cohort,True,
runs\condition_ridge\fold1\condition_ridge_seed42/complete trial coverage,True,
runs\condition_ridge\fold1\condition_ridge_seed43/same test cohort,True,
runs\condition_ridge\fold1\condition_ridge_seed43/complete trial coverage,True,
runs\condition_ridge\fold1\condition_ridge_seed44/same test cohort,True,
runs\condition_ridge\fold1\condition_ridge_seed44/complete trial coverage,True,
runs\condition_ridge\fold2\condition_ridge_seed42/same test cohort,True,
runs\condition_ridge\fold2\condition_ridge_seed42/complete trial coverage,True,
runs\condition_ridge\fold2\condition_ridge_seed43/same test cohort,True,
runs\condition_ridge\fold2\condition_ridge_seed43/complete trial coverage,True,
runs\condition_ridge\fold2\condition_ridge_seed44/same test cohort,True,
runs\condition_ridge\fold2\condition_ridge_seed44/complete trial coverage,True,
runs\condition_ridge\fold3\condition_ridge_seed42/same test cohort,True,
runs\condition_ridge\fold3\condition_ridge_seed42/complete trial coverage,True,
runs\condition_ridge\fold3\condition_ridge_seed43/same test cohort,True,
runs\condition_ridge\fold3\condition_ridge_seed43/complete trial coverage,True,
runs\condition_ridge\fold3\condition_ridge_seed44/same test cohort,True,
runs\condition_ridge\fold3\condition_ridge_seed44/complete trial coverage,True,
runs\conditional_ae\fold0\conditional_ae_z3_seed42/same test cohort,True,
runs\conditional_ae\fold0\conditional_ae_z3_seed42/complete trial coverage,True,
runs\conditional_ae\fold0\conditional_ae_z3_seed43/same test cohort,True,
runs\conditional_ae\fold0\conditional_ae_z3_seed43/complete trial coverage,True,
runs\conditional_ae\fold0\conditional_ae_z3_seed44/same test cohort,True,
runs\conditional_ae\fold0\conditional_ae_z3_seed44/complete trial coverage,True,
runs\conditional_ae\fold0\conditional_ae_z8_seed42/same test cohort,True,
runs\conditional_ae\fold0\conditional_ae_z8_seed42/complete trial coverage,True,
runs\conditional_ae\fold0\conditional_ae_z8_seed43/same test cohort,True,
runs\conditional_ae\fold0\conditional_ae_z8_seed43/complete trial coverage,True,
runs\conditional_ae\fold0\conditional_ae_z8_seed44/same test cohort,True,
runs\conditional_ae\fold0\conditional_ae_z8_seed44/complete trial coverage,True,
runs\conditional_ae\fold1\conditional_ae_z3_seed42/same test cohort,True,
runs\conditional_ae\fold1\conditional_ae_z3_seed42/complete trial coverage,True,
runs\conditional_ae\fold1\conditional_ae_z3_seed43/same test cohort,True,
runs\conditional_ae\fold1\conditional_ae_z3_seed43/complete trial coverage,True,
runs\conditional_ae\fold1\conditional_ae_z3_seed44/same test cohort,True,
runs\conditional_ae\fold1\conditional_ae_z3_seed44/complete trial coverage,True,
runs\conditional_ae\fold1\conditional_ae_z8_seed42/same test cohort,True,
runs\conditional_ae\fold1\conditional_ae_z8_seed42/complete trial coverage,True,
runs\conditional_ae\fold1\conditional_ae_z8_seed43/same test cohort,True,
runs\conditional_ae\fold1\conditional_ae_z8_seed43/complete trial coverage,True,
runs\conditional_ae\fold1\conditional_ae_z8_seed44/same test cohort,True,
runs\conditional_ae\fold1\conditional_ae_z8_seed44/complete trial coverage,True,
runs\conditional_ae\fold2\conditional_ae_z3_seed42/same test cohort,True,
runs\conditional_ae\fold2\conditional_ae_z3_seed42/complete trial coverage,True,
runs\conditional_ae\fold2\conditional_ae_z3_seed43/same test cohort,True,
runs\conditional_ae\fold2\conditional_ae_z3_seed43/complete trial coverage,True,
runs\conditional_ae\fold2\conditional_ae_z3_seed44/same test cohort,True,
runs\conditional_ae\fold2\conditional_ae_z3_seed44/complete trial coverage,True,
runs\conditional_ae\fold2\conditional_ae_z8_seed42/same test cohort,True,
runs\conditional_ae\fold2\conditional_ae_z8_seed42/complete trial coverage,True,
runs\conditional_ae\fold2\conditional_ae_z8_seed43/same test cohort,True,
runs\conditional_ae\fold2\conditional_ae_z8_seed43/complete trial coverage,True,
runs\conditional_ae\fold2\conditional_ae_z8_seed44/same test cohort,True,
runs\conditional_ae\fold2\conditional_ae_z8_seed44/complete trial coverage,True,
runs\conditional_ae\fold3\conditional_ae_z3_seed42/same test cohort,True,
runs\conditional_ae\fold3\conditional_ae_z3_seed42/complete trial coverage,True,
runs\conditional_ae\fold3\conditional_ae_z3_seed43/same test cohort,True,
runs\conditional_ae\fold3\conditional_ae_z3_seed43/complete trial coverage,True,
runs\conditional_ae\fold3\conditional_ae_z3_seed44/same test cohort,True,
runs\conditional_ae\fold3\conditional_ae_z3_seed44/complete trial coverage,True,
runs\conditional_ae\fold3\conditional_ae_z8_seed42/same test cohort,True,
runs\conditional_ae\fold3\conditional_ae_z8_seed42/complete trial coverage,True,
runs\conditional_ae\fold3\conditional_ae_z8_seed43/same test cohort,True,
runs\conditional_ae\fold3\conditional_ae_z8_seed43/complete trial coverage,True,
runs\conditional_ae\fold3\conditional_ae_z8_seed44/same test cohort,True,
runs\conditional_ae\fold3\conditional_ae_z8_seed44/complete trial coverage,True,
runs\cvae\fold0\cvae_z2_seed42/same test cohort,True,
runs\cvae\fold0\cvae_z2_seed42/complete trial coverage,True,
runs\cvae\fold0\cvae_z2_seed43/same test cohort,True,
runs\cvae\fold0\cvae_z2_seed43/complete trial coverage,True,
runs\cvae\fold0\cvae_z2_seed44/same test cohort,True,
runs\cvae\fold0\cvae_z2_seed44/complete trial coverage,True,
runs\cvae\fold0\cvae_z3_seed42/same test cohort,True,
runs\cvae\fold0\cvae_z3_seed42/complete trial coverage,True,
runs\cvae\fold0\cvae_z3_seed43/same test cohort,True,
runs\cvae\fold0\cvae_z3_seed43/complete trial coverage,True,
runs\cvae\fold0\cvae_z3_seed44/same test cohort,True,
runs\cvae\fold0\cvae_z3_seed44/complete trial coverage,True,
runs\cvae\fold0\cvae_z4_seed42/same test cohort,True,
runs\cvae\fold0\cvae_z4_seed42/complete trial coverage,True,
runs\cvae\fold0\cvae_z4_seed43/same test cohort,True,
runs\cvae\fold0\cvae_z4_seed43/complete trial coverage,True,
runs\cvae\fold0\cvae_z4_seed44/same test cohort,True,
runs\cvae\fold0\cvae_z4_seed44/complete trial coverage,True,
runs\cvae\fold0\cvae_z8_seed42/same test cohort,True,
runs\cvae\fold0\cvae_z8_seed42/complete trial coverage,True,
runs\cvae\fold0\cvae_z8_seed43/same test cohort,True,
runs\cvae\fold0\cvae_z8_seed43/complete trial coverage,True,
runs\cvae\fold0\cvae_z8_seed44/same test cohort,True,
runs\cvae\fold0\cvae_z8_seed44/complete trial coverage,True,
runs\cvae\fold1\cvae_z2_seed42/same test cohort,True,
runs\cvae\fold1\cvae_z2_seed42/complete trial coverage,True,
runs\cvae\fold1\cvae_z2_seed43/same test cohort,True,
runs\cvae\fold1\cvae_z2_seed43/complete trial coverage,True,
runs\cvae\fold1\cvae_z2_seed44/same test cohort,True,
runs\cvae\fold1\cvae_z2_seed44/complete trial coverage,True,
runs\cvae\fold1\cvae_z3_seed42/same test cohort,True,
runs\cvae\fold1\cvae_z3_seed42/complete trial coverage,True,
runs\cvae\fold1\cvae_z3_seed43/same test cohort,True,
runs\cvae\fold1\cvae_z3_seed43/complete trial coverage,True,
runs\cvae\fold1\cvae_z3_seed44/same test cohort,True,
runs\cvae\fold1\cvae_z3_seed44/complete trial coverage,True,
runs\cvae\fold1\cvae_z4_seed42/same test cohort,True,
runs\cvae\fold1\cvae_z4_seed42/complete trial coverage,True,
runs\cvae\fold1\cvae_z4_seed43/same test cohort,True,
runs\cvae\fold1\cvae_z4_seed43/complete trial coverage,True,
runs\cvae\fold1\cvae_z4_seed44/same test cohort,True,
runs\cvae\fold1\cvae_z4_seed44/complete trial coverage,True,
runs\cvae\fold1\cvae_z8_seed42/same test cohort,True,
runs\cvae\fold1\cvae_z8_seed42/complete trial coverage,True,
runs\cvae\fold1\cvae_z8_seed43/same test cohort,True,
runs\cvae\fold1\cvae_z8_seed43/complete trial coverage,True,
runs\cvae\fold1\cvae_z8_seed44/same test cohort,True,
runs\cvae\fold1\cvae_z8_seed44/complete trial coverage,True,
runs\cvae\fold2\cvae_z2_seed42/same test cohort,True,
runs\cvae\fold2\cvae_z2_seed42/complete trial coverage,True,
runs\cvae\fold2\cvae_z2_seed43/same test cohort,True,
runs\cvae\fold2\cvae_z2_seed43/complete trial coverage,True,
runs\cvae\fold2\cvae_z2_seed44/same test cohort,True,
runs\cvae\fold2\cvae_z2_seed44/complete trial coverage,True,
runs\cvae\fold2\cvae_z3_seed42/same test cohort,True,
runs\cvae\fold2\cvae_z3_seed42/complete trial coverage,True,
runs\cvae\fold2\cvae_z3_seed43/same test cohort,True,
runs\cvae\fold2\cvae_z3_seed43/complete trial coverage,True,
runs\cvae\fold2\cvae_z3_seed44/same test cohort,True,
runs\cvae\fold2\cvae_z3_seed44/complete trial coverage,True,
runs\cvae\fold2\cvae_z4_seed42/same test cohort,True,
runs\cvae\fold2\cvae_z4_seed42/complete trial coverage,True,
runs\cvae\fold2\cvae_z4_seed43/same test cohort,True,
runs\cvae\fold2\cvae_z4_seed43/complete trial coverage,True,
runs\cvae\fold2\cvae_z4_seed44/same test cohort,True,
runs\cvae\fold2\cvae_z4_seed44/complete trial coverage,True,
runs\cvae\fold2\cvae_z8_seed42/same test cohort,True,
runs\cvae\fold2\cvae_z8_seed42/complete trial coverage,True,
runs\cvae\fold2\cvae_z8_seed43/same test cohort,True,
runs\cvae\fold2\cvae_z8_seed43/complete trial coverage,True,
runs\cvae\fold2\cvae_z8_seed44/same test cohort,True,
runs\cvae\fold2\cvae_z8_seed44/complete trial coverage,True,
runs\cvae\fold3\cvae_z2_seed42/same test cohort,True,
runs\cvae\fold3\cvae_z2_seed42/complete trial coverage,True,
runs\cvae\fold3\cvae_z2_seed43/same test cohort,True,
runs\cvae\fold3\cvae_z2_seed43/complete trial coverage,True,
runs\cvae\fold3\cvae_z2_seed44/same test cohort,True,
runs\cvae\fold3\cvae_z2_seed44/complete trial coverage,True,
runs\cvae\fold3\cvae_z3_seed42/same test cohort,True,
runs\cvae\fold3\cvae_z3_seed42/complete trial coverage,True,
runs\cvae\fold3\cvae_z3_seed43/same test cohort,True,
runs\cvae\fold3\cvae_z3_seed43/complete trial coverage,True,
runs\cvae\fold3\cvae_z3_seed44/same test cohort,True,
runs\cvae\fold3\cvae_z3_seed44/complete trial coverage,True,
runs\cvae\fold3\cvae_z4_seed42/same test cohort,True,
runs\cvae\fold3\cvae_z4_seed42/complete trial coverage,True,
runs\cvae\fold3\cvae_z4_seed43/same test cohort,True,
runs\cvae\fold3\cvae_z4_seed43/complete trial coverage,True,
runs\cvae\fold3\cvae_z4_seed44/same test cohort,True,
runs\cvae\fold3\cvae_z4_seed44/complete trial coverage,True,
runs\cvae\fold3\cvae_z8_seed42/same test cohort,True,
runs\cvae\fold3\cvae_z8_seed42/complete trial coverage,True,
runs\cvae\fold3\cvae_z8_seed43/same test cohort,True,
runs\cvae\fold3\cvae_z8_seed43/complete trial coverage,True,
runs\cvae\fold3\cvae_z8_seed44/same test cohort,True,
runs\cvae\fold3\cvae_z8_seed44/complete trial coverage,True,
runs\spline_pca\fold0\spline_pca_z2/same test cohort,True,
runs\spline_pca\fold0\spline_pca_z2/complete trial coverage,True,
runs\spline_pca\fold0\spline_pca_z3/same test cohort,True,
runs\spline_pca\fold0\spline_pca_z3/complete trial coverage,True,
runs\spline_pca\fold0\spline_pca_z4/same test cohort,True,
runs\spline_pca\fold0\spline_pca_z4/complete trial coverage,True,
runs\spline_pca\fold0\spline_pca_z8/same test cohort,True,
runs\spline_pca\fold0\spline_pca_z8/complete trial coverage,True,
runs\spline_pca\fold1\spline_pca_z2/same test cohort,True,
runs\spline_pca\fold1\spline_pca_z2/complete trial coverage,True,
runs\spline_pca\fold1\spline_pca_z3/same test cohort,True,
runs\spline_pca\fold1\spline_pca_z3/complete trial coverage,True,
runs\spline_pca\fold1\spline_pca_z4/same test cohort,True,
runs\spline_pca\fold1\spline_pca_z4/complete trial coverage,True,
runs\spline_pca\fold1\spline_pca_z8/same test cohort,True,
runs\spline_pca\fold1\spline_pca_z8/complete trial coverage,True,
runs\spline_pca\fold2\spline_pca_z2/same test cohort,True,
runs\spline_pca\fold2\spline_pca_z2/complete trial coverage,True,
runs\spline_pca\fold2\spline_pca_z3/same test cohort,True,
runs\spline_pca\fold2\spline_pca_z3/complete trial coverage,True,
runs\spline_pca\fold2\spline_pca_z4/same test cohort,True,
runs\spline_pca\fold2\spline_pca_z4/complete trial coverage,True,
runs\spline_pca\fold2\spline_pca_z8/same test cohort,True,
runs\spline_pca\fold2\spline_pca_z8/complete trial coverage,True,
runs\spline_pca\fold3\spline_pca_z2/same test cohort,True,
runs\spline_pca\fold3\spline_pca_z2/complete trial coverage,True,
runs\spline_pca\fold3\spline_pca_z3/same test cohort,True,
runs\spline_pca\fold3\spline_pca_z3/complete trial coverage,True,
runs\spline_pca\fold3\spline_pca_z4/same test cohort,True,
runs\spline_pca\fold3\spline_pca_z4/complete trial coverage,True,
runs\spline_pca\fold3\spline_pca_z8/same test cohort,True,
runs\spline_pca\fold3\spline_pca_z8/complete trial coverage,True,
runs\unconditional_vae\fold0\unconditional_vae_z3_seed42/same test cohort,True,
runs\unconditional_vae\fold0\unconditional_vae_z3_seed42/complete trial coverage,True,
runs\unconditional_vae\fold0\unconditional_vae_z3_seed43/same test cohort,True,
runs\unconditional_vae\fold0\unconditional_vae_z3_seed43/complete trial coverage,True,
runs\unconditional_vae\fold0\unconditional_vae_z3_seed44/same test cohort,True,
runs\unconditional_vae\fold0\unconditional_vae_z3_seed44/complete trial coverage,True,
runs\unconditional_vae\fold0\unconditional_vae_z8_seed42/same test cohort,True,
runs\unconditional_vae\fold0\unconditional_vae_z8_seed42/complete trial coverage,True,
runs\unconditional_vae\fold0\unconditional_vae_z8_seed43/same test cohort,True,
runs\unconditional_vae\fold0\unconditional_vae_z8_seed43/complete trial coverage,True,
runs\unconditional_vae\fold0\unconditional_vae_z8_seed44/same test cohort,True,
runs\unconditional_vae\fold0\unconditional_vae_z8_seed44/complete trial coverage,True,
runs\unconditional_vae\fold1\unconditional_vae_z3_seed42/same test cohort,True,
runs\unconditional_vae\fold1\unconditional_vae_z3_seed42/complete trial coverage,True,
runs\unconditional_vae\fold1\unconditional_vae_z3_seed43/same test cohort,True,
runs\unconditional_vae\fold1\unconditional_vae_z3_seed43/complete trial coverage,True,
runs\unconditional_vae\fold1\unconditional_vae_z3_seed44/same test cohort,True,
runs\unconditional_vae\fold1\unconditional_vae_z3_seed44/complete trial coverage,True,
runs\unconditional_vae\fold1\unconditional_vae_z8_seed42/same test cohort,True,
runs\unconditional_vae\fold1\unconditional_vae_z8_seed42/complete trial coverage,True,
runs\unconditional_vae\fold1\unconditional_vae_z8_seed43/same test cohort,True,
runs\unconditional_vae\fold1\unconditional_vae_z8_seed43/complete trial coverage,True,
runs\unconditional_vae\fold1\unconditional_vae_z8_seed44/same test cohort,True,
runs\unconditional_vae\fold1\unconditional_vae_z8_seed44/complete trial coverage,True,
runs\unconditional_vae\fold2\unconditional_vae_z3_seed42/same test cohort,True,
runs\unconditional_vae\fold2\unconditional_vae_z3_seed42/complete trial coverage,True,
runs\unconditional_vae\fold2\unconditional_vae_z3_seed43/same test cohort,True,
runs\unconditional_vae\fold2\unconditional_vae_z3_seed43/complete trial coverage,True,
runs\unconditional_vae\fold2\unconditional_vae_z3_seed44/same test cohort,True,
runs\unconditional_vae\fold2\unconditional_vae_z3_seed44/complete trial coverage,True,
runs\unconditional_vae\fold2\unconditional_vae_z8_seed42/same test cohort,True,
runs\unconditional_vae\fold2\unconditional_vae_z8_seed42/complete trial coverage,True,
runs\unconditional_vae\fold2\unconditional_vae_z8_seed43/same test cohort,True,
runs\unconditional_vae\fold2\unconditional_vae_z8_seed43/complete trial coverage,True,
runs\unconditional_vae\fold2\unconditional_vae_z8_seed44/same test cohort,True,
runs\unconditional_vae\fold2\unconditional_vae_z8_seed44/complete trial coverage,True,
runs\unconditional_vae\fold3\unconditional_vae_z3_seed42/same test cohort,True,
runs\unconditional_vae\fold3\unconditional_vae_z3_seed42/complete trial coverage,True,
runs\unconditional_vae\fold3\unconditional_vae_z3_seed43/same test cohort,True,
runs\unconditional_vae\fold3\unconditional_vae_z3_seed43/complete trial coverage,True,
runs\unconditional_vae\fold3\unconditional_vae_z3_seed44/same test cohort,True,
runs\unconditional_vae\fold3\unconditional_vae_z3_seed44/complete trial coverage,True,
runs\unconditional_vae\fold3\unconditional_vae_z8_seed42/same test cohort,True,
runs\unconditional_vae\fold3\unconditional_vae_z8_seed42/complete trial coverage,True,
runs\unconditional_vae\fold3\unconditional_vae_z8_seed43/same test cohort,True,
runs\unconditional_vae\fold3\unconditional_vae_z8_seed43/complete trial coverage,True,
runs\unconditional_vae\fold3\unconditional_vae_z8_seed44/same test cohort,True,
runs\unconditional_vae\fold3\unconditional_vae_z8_seed44/complete trial coverage,True,
868 participant rows,True,
participant metrics rebuilt from prediction CSVs,True,max_abs_error=4.263256414560601e-14; atol=1e-10; rtol=1e-10
paired 3/conditional_ae/trajectory_mse,True,max_abs_error=1.3877787807814457e-16; atol=1e-10; rtol=1e-10
paired 3/conditional_ae/movement_time_mae_ms,True,max_abs_error=7.105427357601002e-15; atol=1e-10; rtol=1e-10
paired 3/conditional_ae/initiation_time_mae_ms,True,max_abs_error=7.105427357601002e-15; atol=1e-10; rtol=1e-10
paired 3/conditional_ae/mean_ks,True,max_abs_error=1.1102230246251565e-16; atol=1e-10; rtol=1e-10
paired 3/conditional_ae/ks_n_submovements,True,max_abs_error=6.245004513516506e-17; atol=1e-10; rtol=1e-10
paired 3/conditional_ae/energy_distance,True,max_abs_error=1.1102230246251565e-16; atol=1e-10; rtol=1e-10
paired 3/conditional_ae/mmd_rbf,True,max_abs_error=8.326672684688674e-17; atol=1e-10; rtol=1e-10
paired 3/unconditional_vae/trajectory_mse,True,max_abs_error=1.3877787807814457e-16; atol=1e-10; rtol=1e-10
paired 3/unconditional_vae/movement_time_mae_ms,True,max_abs_error=7.105427357601002e-15; atol=1e-10; rtol=1e-10
paired 3/unconditional_vae/initiation_time_mae_ms,True,max_abs_error=7.105427357601002e-15; atol=1e-10; rtol=1e-10
paired 3/unconditional_vae/mean_ks,True,max_abs_error=1.1102230246251565e-16; atol=1e-10; rtol=1e-10
paired 3/unconditional_vae/ks_n_submovements,True,max_abs_error=8.326672684688674e-17; atol=1e-10; rtol=1e-10
paired 3/unconditional_vae/energy_distance,True,max_abs_error=1.1102230246251565e-16; atol=1e-10; rtol=1e-10
paired 3/unconditional_vae/mmd_rbf,True,max_abs_error=8.326672684688674e-17; atol=1e-10; rtol=1e-10
paired 3/spline_pca/trajectory_mse,True,max_abs_error=1.3877787807814457e-16; atol=1e-10; rtol=1e-10
paired 3/spline_pca/movement_time_mae_ms,True,max_abs_error=7.105427357601002e-15; atol=1e-10; rtol=1e-10
paired 3/spline_pca/initiation_time_mae_ms,True,max_abs_error=1.4210854715202004e-14; atol=1e-10; rtol=1e-10
paired 3/spline_pca/mean_ks,True,max_abs_error=1.1102230246251565e-16; atol=1e-10; rtol=1e-10
paired 3/spline_pca/ks_n_submovements,True,max_abs_error=5.551115123125783e-17; atol=1e-10; rtol=1e-10
paired 3/spline_pca/energy_distance,True,max_abs_error=1.1102230246251565e-16; atol=1e-10; rtol=1e-10
paired 3/spline_pca/mmd_rbf,True,max_abs_error=8.326672684688674e-17; atol=1e-10; rtol=1e-10
paired 3/condition_ridge/trajectory_mse,True,max_abs_error=1.3877787807814457e-16; atol=1e-10; rtol=1e-10
paired 3/condition_ridge/movement_time_mae_ms,True,max_abs_error=7.105427357601002e-15; atol=1e-10; rtol=1e-10
paired 3/condition_ridge/initiation_time_mae_ms,True,max_abs_error=1.4210854715202004e-14; atol=1e-10; rtol=1e-10
paired 3/condition_ridge/mean_ks,True,max_abs_error=1.1102230246251565e-16; atol=1e-10; rtol=1e-10
paired 3/condition_ridge/ks_n_submovements,True,max_abs_error=4.163336342344337e-17; atol=1e-10; rtol=1e-10
paired 3/condition_ridge/energy_distance,True,max_abs_error=0.0; atol=1e-10; rtol=1e-10
paired 3/condition_ridge/mmd_rbf,True,max_abs_error=8.326672684688674e-17; atol=1e-10; rtol=1e-10
paired 8/conditional_ae/trajectory_mse,True,max_abs_error=9.367506770274758e-17; atol=1e-10; rtol=1e-10
paired 8/conditional_ae/movement_time_mae_ms,True,max_abs_error=7.105427357601002e-15; atol=1e-10; rtol=1e-10
paired 8/conditional_ae/initiation_time_mae_ms,True,max_abs_error=5.908901840045999e-17; atol=1e-10; rtol=1e-10
paired 8/conditional_ae/mean_ks,True,max_abs_error=1.1102230246251565e-16; atol=1e-10; rtol=1e-10
paired 8/conditional_ae/ks_n_submovements,True,max_abs_error=4.163336342344337e-17; atol=1e-10; rtol=1e-10
paired 8/conditional_ae/energy_distance,True,max_abs_error=1.1102230246251565e-16; atol=1e-10; rtol=1e-10
paired 8/conditional_ae/mmd_rbf,True,max_abs_error=4.163336342344337e-17; atol=1e-10; rtol=1e-10
paired 8/unconditional_vae/trajectory_mse,True,max_abs_error=1.249000902703301e-16; atol=1e-10; rtol=1e-10
paired 8/unconditional_vae/movement_time_mae_ms,True,max_abs_error=7.105427357601002e-15; atol=1e-10; rtol=1e-10
paired 8/unconditional_vae/initiation_time_mae_ms,True,max_abs_error=5.551115123125783e-17; atol=1e-10; rtol=1e-10
paired 8/unconditional_vae/mean_ks,True,max_abs_error=1.1102230246251565e-16; atol=1e-10; rtol=1e-10
paired 8/unconditional_vae/ks_n_submovements,True,max_abs_error=2.7755575615628914e-17; atol=1e-10; rtol=1e-10
paired 8/unconditional_vae/energy_distance,True,max_abs_error=5.898059818321144e-17; atol=1e-10; rtol=1e-10
paired 8/unconditional_vae/mmd_rbf,True,max_abs_error=8.326672684688674e-17; atol=1e-10; rtol=1e-10
paired 8/spline_pca/trajectory_mse,True,max_abs_error=6.938893903907228e-17; atol=1e-10; rtol=1e-10
paired 8/spline_pca/movement_time_mae_ms,True,max_abs_error=5.757113535898029e-17; atol=1e-10; rtol=1e-10
paired 8/spline_pca/initiation_time_mae_ms,True,max_abs_error=0.0; atol=1e-10; rtol=1e-10
paired 8/spline_pca/mean_ks,True,max_abs_error=1.1102230246251565e-16; atol=1e-10; rtol=1e-10
paired 8/spline_pca/ks_n_submovements,True,max_abs_error=2.7755575615628914e-17; atol=1e-10; rtol=1e-10
paired 8/spline_pca/energy_distance,True,max_abs_error=5.551115123125783e-17; atol=1e-10; rtol=1e-10
paired 8/spline_pca/mmd_rbf,True,max_abs_error=5.551115123125783e-17; atol=1e-10; rtol=1e-10
paired 8/condition_ridge/trajectory_mse,True,max_abs_error=6.245004513516506e-17; atol=1e-10; rtol=1e-10
paired 8/condition_ridge/movement_time_mae_ms,True,max_abs_error=0.0; atol=1e-10; rtol=1e-10
paired 8/condition_ridge/initiation_time_mae_ms,True,max_abs_error=1.4210854715202004e-14; atol=1e-10; rtol=1e-10
paired 8/condition_ridge/mean_ks,True,max_abs_error=1.1102230246251565e-16; atol=1e-10; rtol=1e-10
paired 8/condition_ridge/ks_n_submovements,True,max_abs_error=4.163336342344337e-17; atol=1e-10; rtol=1e-10
paired 8/condition_ridge/energy_distance,True,max_abs_error=5.551115123125783e-17; atol=1e-10; rtol=1e-10
paired 8/condition_ridge/mmd_rbf,True,max_abs_error=8.326672684688674e-17; atol=1e-10; rtol=1e-10
BH adjustment of all 56 tests,True,max_abs_error=1.1102230246251565e-16; atol=1e-12; rtol=1e-12
spline fold0/z2 validation selection,True,
spline fold0/z2 validation scores,True,max_abs_error=0.0; atol=1e-08; rtol=1e-05
spline fold0/z2 MSE,True,max_abs_error=2.220446049250313e-16; atol=1e-08; rtol=1e-05
spline fold0/z2 timing,True,max_abs_error=9.725293487194975e-17; atol=1e-07; rtol=1e-05
spline fold0/z2 timing withheld,True,max_abs_error=0.0; atol=0; rtol=0
spline fold0/z3 validation selection,True,
spline fold0/z3 validation scores,True,max_abs_error=0.0; atol=1e-08; rtol=1e-05
spline fold0/z3 MSE,True,max_abs_error=9.8879238130678e-17; atol=1e-08; rtol=1e-05
spline fold0/z3 timing,True,max_abs_error=9.80118763926896e-17; atol=1e-07; rtol=1e-05
spline fold0/z3 timing withheld,True,max_abs_error=0.0; atol=0; rtol=0
spline fold0/z4 validation selection,True,
spline fold0/z4 validation scores,True,max_abs_error=0.0; atol=1e-08; rtol=1e-05
spline fold0/z4 MSE,True,max_abs_error=9.8879238130678e-17; atol=1e-08; rtol=1e-05
spline fold0/z4 timing,True,max_abs_error=9.71445146547012e-17; atol=1e-07; rtol=1e-05
spline fold0/z4 timing withheld,True,max_abs_error=0.0; atol=0; rtol=0
spline fold0/z8 validation selection,True,
spline fold0/z8 validation scores,True,max_abs_error=0.0; atol=1e-08; rtol=1e-05
spline fold0/z8 MSE,True,max_abs_error=9.996344030316351e-17; atol=1e-08; rtol=1e-05
spline fold0/z8 timing,True,max_abs_error=9.71445146547012e-17; atol=1e-07; rtol=1e-05
spline fold0/z8 timing withheld,True,max_abs_error=0.0; atol=0; rtol=0
ridge fold0/seed42 MSE,True,max_abs_error=5.00398975589178e-07; atol=1e-07; rtol=1e-05
ridge fold0/seed42 timing,True,max_abs_error=1.4847946150364777e-08; atol=1e-07; rtol=1e-05
ridge fold0/seed43 MSE,True,max_abs_error=5.00398975589178e-07; atol=1e-07; rtol=1e-05
ridge fold0/seed43 timing,True,max_abs_error=1.4847946150364777e-08; atol=1e-07; rtol=1e-05
ridge fold0/seed44 MSE,True,max_abs_error=5.00398975589178e-07; atol=1e-07; rtol=1e-05
ridge fold0/seed44 timing,True,max_abs_error=1.4847946150364777e-08; atol=1e-07; rtol=1e-05
spline fold1/z2 validation selection,True,
spline fold1/z2 validation scores,True,max_abs_error=0.0; atol=1e-08; rtol=1e-05
spline fold1/z2 MSE,True,max_abs_error=2.220446049250313e-16; atol=1e-08; rtol=1e-05
spline fold1/z2 timing,True,max_abs_error=9.8879238130678e-17; atol=1e-07; rtol=1e-05
spline fold1/z2 timing withheld,True,max_abs_error=0.0; atol=0; rtol=0
spline fold1/z3 validation selection,True,
spline fold1/z3 validation scores,True,max_abs_error=0.0; atol=1e-08; rtol=1e-05
spline fold1/z3 MSE,True,max_abs_error=4.440892098500626e-16; atol=1e-08; rtol=1e-05
spline fold1/z3 timing,True,max_abs_error=9.80118763926896e-17; atol=1e-07; rtol=1e-05
spline fold1/z3 timing withheld,True,max_abs_error=0.0; atol=0; rtol=0
spline fold1/z4 validation selection,True,
spline fold1/z4 validation scores,True,max_abs_error=0.0; atol=1e-08; rtol=1e-05
spline fold1/z4 MSE,True,max_abs_error=1.1102230246251565e-16; atol=1e-08; rtol=1e-05
spline fold1/z4 timing,True,max_abs_error=9.71445146547012e-17; atol=1e-07; rtol=1e-05
spline fold1/z4 timing withheld,True,max_abs_error=0.0; atol=0; rtol=0
spline fold1/z8 validation selection,True,
spline fold1/z8 validation scores,True,max_abs_error=0.0; atol=1e-08; rtol=1e-05
spline fold1/z8 MSE,True,max_abs_error=9.974659986866641e-17; atol=1e-08; rtol=1e-05
spline fold1/z8 timing,True,max_abs_error=9.974659986866641e-17; atol=1e-07; rtol=1e-05
spline fold1/z8 timing withheld,True,max_abs_error=0.0; atol=0; rtol=0
ridge fold1/seed42 MSE,True,max_abs_error=1.710619272898839e-07; atol=1e-07; rtol=1e-05
ridge fold1/seed42 timing,True,max_abs_error=1.4867019670905535e-08; atol=1e-07; rtol=1e-05
ridge fold1/seed43 MSE,True,max_abs_error=1.710619272898839e-07; atol=1e-07; rtol=1e-05
ridge fold1/seed43 timing,True,max_abs_error=1.4867019670905535e-08; atol=1e-07; rtol=1e-05
ridge fold1/seed44 MSE,True,max_abs_error=1.710619272898839e-07; atol=1e-07; rtol=1e-05
ridge fold1/seed44 timing,True,max_abs_error=1.4867019670905535e-08; atol=1e-07; rtol=1e-05
spline fold2/z2 validation selection,True,
spline fold2/z2 validation scores,True,max_abs_error=0.0; atol=1e-08; rtol=1e-05
spline fold2/z2 MSE,True,max_abs_error=1.7763568394002505e-15; atol=1e-08; rtol=1e-05
spline fold2/z2 timing,True,max_abs_error=1.1102230246251565e-16; atol=1e-07; rtol=1e-05
spline fold2/z2 timing withheld,True,max_abs_error=0.0; atol=0; rtol=0
spline fold2/z3 validation selection,True,
spline fold2/z3 validation scores,True,max_abs_error=0.0; atol=1e-08; rtol=1e-05
spline fold2/z3 MSE,True,max_abs_error=2.220446049250313e-16; atol=1e-08; rtol=1e-05
spline fold2/z3 timing,True,max_abs_error=1.1102230246251565e-16; atol=1e-07; rtol=1e-05
spline fold2/z3 timing withheld,True,max_abs_error=0.0; atol=0; rtol=0
spline fold2/z4 validation selection,True,
spline fold2/z4 validation scores,True,max_abs_error=0.0; atol=1e-08; rtol=1e-05
spline fold2/z4 MSE,True,max_abs_error=1.1102230246251565e-16; atol=1e-08; rtol=1e-05
spline fold2/z4 timing,True,max_abs_error=9.71445146547012e-17; atol=1e-07; rtol=1e-05
spline fold2/z4 timing withheld,True,max_abs_error=0.0; atol=0; rtol=0
spline fold2/z8 validation selection,True,
spline fold2/z8 validation scores,True,max_abs_error=0.0; atol=1e-08; rtol=1e-05
spline fold2/z8 MSE,True,max_abs_error=1.1102230246251565e-16; atol=1e-08; rtol=1e-05
spline fold2/z8 timing,True,max_abs_error=1.1102230246251565e-16; atol=1e-07; rtol=1e-05
spline fold2/z8 timing withheld,True,max_abs_error=0.0; atol=0; rtol=0
ridge fold2/seed42 MSE,True,max_abs_error=5.905472271194867e-07; atol=1e-07; rtol=1e-05
ridge fold2/seed42 timing,True,max_abs_error=1.4891052224630386e-08; atol=1e-07; rtol=1e-05
ridge fold2/seed43 MSE,True,max_abs_error=5.905472271194867e-07; atol=1e-07; rtol=1e-05
ridge fold2/seed43 timing,True,max_abs_error=1.4891052224630386e-08; atol=1e-07; rtol=1e-05
ridge fold2/seed44 MSE,True,max_abs_error=5.905472271194867e-07; atol=1e-07; rtol=1e-05
ridge fold2/seed44 timing,True,max_abs_error=1.4891052224630386e-08; atol=1e-07; rtol=1e-05
spline fold3/z2 validation selection,True,
spline fold3/z2 validation scores,True,max_abs_error=0.0; atol=1e-08; rtol=1e-05
spline fold3/z2 MSE,True,max_abs_error=8.881784197001252e-16; atol=1e-08; rtol=1e-05
spline fold3/z2 timing,True,max_abs_error=1.1102230246251565e-16; atol=1e-07; rtol=1e-05
spline fold3/z2 timing withheld,True,max_abs_error=0.0; atol=0; rtol=0
spline fold3/z3 validation selection,True,
spline fold3/z3 validation scores,True,max_abs_error=0.0; atol=1e-08; rtol=1e-05
spline fold3/z3 MSE,True,max_abs_error=4.440892098500626e-16; atol=1e-08; rtol=1e-05
spline fold3/z3 timing,True,max_abs_error=9.71445146547012e-17; atol=1e-07; rtol=1e-05
spline fold3/z3 timing withheld,True,max_abs_error=0.0; atol=0; rtol=0
spline fold3/z4 validation selection,True,
spline fold3/z4 validation scores,True,max_abs_error=0.0; atol=1e-08; rtol=1e-05
spline fold3/z4 MSE,True,max_abs_error=4.440892098500626e-16; atol=1e-08; rtol=1e-05
spline fold3/z4 timing,True,max_abs_error=1.1102230246251565e-16; atol=1e-07; rtol=1e-05
spline fold3/z4 timing withheld,True,max_abs_error=0.0; atol=0; rtol=0
spline fold3/z8 validation selection,True,
spline fold3/z8 validation scores,True,max_abs_error=0.0; atol=1e-08; rtol=1e-05
spline fold3/z8 MSE,True,max_abs_error=1.1102230246251565e-16; atol=1e-08; rtol=1e-05
spline fold3/z8 timing,True,max_abs_error=1.1102230246251565e-16; atol=1e-07; rtol=1e-05
spline fold3/z8 timing withheld,True,max_abs_error=0.0; atol=0; rtol=0
ridge fold3/seed42 MSE,True,max_abs_error=1.3993836844861107e-07; atol=1e-07; rtol=1e-05
ridge fold3/seed42 timing,True,max_abs_error=1.4801025405297707e-08; atol=1e-07; rtol=1e-05
ridge fold3/seed43 MSE,True,max_abs_error=1.3993836844861107e-07; atol=1e-07; rtol=1e-05
ridge fold3/seed43 timing,True,max_abs_error=1.4801025405297707e-08; atol=1e-07; rtol=1e-05
ridge fold3/seed44 MSE,True,max_abs_error=1.3993836844861107e-07; atol=1e-07; rtol=1e-05
ridge fold3/seed44 timing,True,max_abs_error=1.4801025405297707e-08; atol=1e-07; rtol=1e-05
