model_family,latent_dim,fold,subject,geometry,energy,mmd2,mmd2_biased_diagnostic,mean_path_rmse,all_pairs_mse_diagnostic,recorded_dispersion,generated_dispersion,dispersion_ratio
condition_ridge,0,0,subject05,axis_balanced,0.3910648236132352,0.23121193345069702,0.23869419047724807,0.6035962356406084,1.407537988737202,0.2000893401137501,0.8512624223203308,4.254411663491871
condition_ridge,0,0,subject05,raw_rms,0.37597151535771084,0.1711971017249739,0.17914583765890293,0.6960927738021855,1.8495933656906358,0.24554834510796067,1.1305103824903802,4.604023627173404
condition_ridge,0,0,subject13,axis_balanced,0.2543352302308014,0.138753778419741,0.14682133126872662,0.5010673347861847,1.5219022578819883,0.3405845798649649,0.9397031091287801,2.75908882751343
condition_ridge,0,0,subject13,raw_rms,0.3861790098972093,0.16114080448146495,0.1699045478393688,0.7371276086374058,2.342698819464413,0.5750148228914392,1.2361301013436636,2.149736062677189
condition_ridge,0,0,subject19,axis_balanced,0.377329097676131,0.20740892993073054,0.21522484275802026,0.6361685443381075,1.6024792097270486,0.3048617399402978,0.9009483627866596,2.955268716117331
condition_ridge,0,0,subject19,raw_rms,0.6021421696642183,0.25973252160894317,0.26831752647888574,0.9359980744764469,2.5056894991246423,0.479171776175523,1.1580498873806762,2.4167739941270594
condition_ridge,0,0,subject24,axis_balanced,0.05013157602542443,0.021506989966673166,0.03147258007192097,0.1801473986942037,1.5998000183659276,0.6008917142698702,0.9791454285938741,1.6294873191646708
condition_ridge,0,0,subject24,raw_rms,0.06656923948148404,0.0358513349326989,0.04560724124209777,0.17935356755668722,2.094719046247637,0.6527640463348907,1.4215993496046,2.1778150276298613
condition_ridge,0,0,subject27,axis_balanced,0.1766711495797829,0.11704671539502776,0.12581817382900726,0.327664460679262,1.4848434108248485,0.4474271354747183,0.9425020155050886,2.106492746590119
condition_ridge,0,0,subject27,raw_rms,0.24236322887374687,0.1623288745184764,0.17134235589812405,0.40622543453691234,2.023260273490552,0.6439936517249081,1.2297856342562299,1.9096238463877777
condition_ridge,0,0,subject34,axis_balanced,0.10626909614796594,0.05279706670090467,0.062214167989123804,0.2899986171675436,1.6492239190214288,0.543099275726661,1.0328887042548072,1.9018414319791042
condition_ridge,0,0,subject34,raw_rms,0.11973040145903872,0.0409038343640142,0.0511065294174775,0.4036899738876996,2.4901356592856656,0.8647568818662528,1.4758468904271993,1.7066610528061232
condition_ridge,0,0,subject35,axis_balanced,0.20378091234563245,0.10585399423340432,0.11680005410125939,0.4560639736667624,1.8933017402785663,0.5898240134266413,1.1111671554241775,1.883896094648201
condition_ridge,0,0,subject35,raw_rms,0.12441089877441676,0.07291459440477839,0.08463546213456337,0.28677736441795904,2.4840851160924706,0.8815464293616184,1.5431486732302568,1.7505018701598563
condition_ridge,0,1,subject08,axis_balanced,0.9089662600515643,0.365307367107694,0.3784882387694763,1.1813479682092078,3.869065924772262,1.471540484972622,1.0263366162537098,0.6974572746959149
condition_ridge,0,1,subject08,raw_rms,0.5382407783474615,0.30639278380345764,0.3182278882567126,0.7428295246273869,2.13438377148634,0.5973954376251124,0.9982858770994324,1.6710637782371105
condition_ridge,0,1,subject18,axis_balanced,0.29443523601735494,0.1369181358914501,0.1480901345084545,0.6230969531387106,2.596289121781633,1.2853000539149289,0.9440397185324746,0.734489752534437
condition_ridge,0,1,subject18,raw_rms,0.1464614468964634,0.08070215275183147,0.09204094091686503,0.3899081060305156,2.4258801559894128,1.4401307269673118,0.8555608625403281,0.5940855552342837
condition_ridge,0,1,subject23,axis_balanced,0.2697570418320152,0.15629309378125644,0.16555028671546565,0.5184761367149987,1.6197434580795156,0.3307994204602921,1.031513213049332,3.1182437128034546
condition_ridge,0,1,subject23,raw_rms,0.2959191831247002,0.16821629897472987,0.1773393804013479,0.5779302150733198,1.620091580816193,0.2356683002136246,1.0610706386084365,4.502390171468185
condition_ridge,0,1,subject25,axis_balanced,0.6152934129682465,0.20310019893269646,0.21668570758005756,1.009739419400823,3.573827126328567,1.5721578624455026,1.0034997001244728,0.6382944894372896
condition_ridge,0,1,subject25,raw_rms,0.8167433252376739,0.21732387876947082,0.2309172928061729,1.2312125256175748,4.117402089731999,1.6061325253211065,1.0158550346966242,0.6324851895353587
condition_ridge,0,1,subject26,axis_balanced,0.13928654054155426,0.0738589603966245,0.0873916826384285,0.3409779175230227,2.9761146219440846,1.8621554077772864,1.0246431181071867,0.5502457602774549
condition_ridge,0,1,subject26,raw_rms,0.13553500723444442,0.05161642166507616,0.06432376533334307,0.41470639112543983,2.3340066826015646,1.1825538414212335,0.9966401136884153,0.8427862468322113
condition_ridge,0,1,subject41,axis_balanced,0.2442693095842632,0.05637867706620476,0.11832013659807404,0.5257790534040906,3.7228249899089043,2.74589486812147,0.9192901959575032,0.3347871058830488
condition_ridge,0,1,subject41,raw_rms,0.19716544615031315,0.030288259053920633,0.0933331227968766,0.4637526977404822,3.823417241431441,2.9751504204848285,0.8687944520815885,0.2920169837799361
condition_ridge,0,1,subject43,axis_balanced,0.07631813851519699,0.02706943755814457,0.0373638894218437,0.30092795975013653,1.6892211406140392,0.6051540348171935,1.0067468610664974,1.6636208355953837
condition_ridge,0,1,subject43,raw_rms,0.08685105104352785,0.0352453429514013,0.0456181145278765,0.3184581109342738,1.6596741693678458,0.5504616161986677,1.0169082249557524,1.847373540735198
condition_ridge,0,2,subject01,axis_balanced,0.08906471691869433,0.05520399690321647,0.06529553088585237,0.2349759979750784,1.5109845219247153,0.5714328371225053,0.8949247584829733,1.5661066364149405
condition_ridge,0,2,subject01,raw_rms,0.1216911859588512,0.06745156924141933,0.07789735805059637,0.32209449214586616,1.9601953442597846,0.8230658871398658,1.0445340321261058,1.2690770550044739
condition_ridge,0,2,subject04,axis_balanced,0.17729921999591683,0.08841174627514548,0.09832764124717207,0.44352710108224774,1.6246681456302854,0.47208843763803693,0.9689624710615061,2.0525020182858964
condition_ridge,0,2,subject04,raw_rms,0.1761632910495655,0.09061349894200084,0.09991513883070667,0.43085943368675333,1.7263667022999123,0.3809203994400054,1.1686073703614934,3.0678518978754448
condition_ridge,0,2,subject10,axis_balanced,0.10898936094211098,0.05503064926489937,0.06458422050161507,0.3050247417794532,1.448374077788933,0.4675875652174602,0.8968674699985648,1.9180738255549208
condition_ridge,0,2,subject10,raw_rms,0.14051245604646714,0.06258876056669781,0.0723675074703741,0.3916516302770529,1.7825266035103466,0.5924001386842762,1.0452984631267144,1.7645142106960467
condition_ridge,0,2,subject12,axis_balanced,0.26076570714682895,0.13404052743355074,0.14338307914301743,0.5418054506705771,1.6159804424001998,0.4171997651433619,0.9122331388390762,2.1865619663654563
condition_ridge,0,2,subject12,raw_rms,0.3741134068560728,0.16846834824390974,0.17799994423897955,0.7119803176702937,2.1110377086897842,0.5407962786171991,1.065764093563156,1.970731189734302
condition_ridge,0,2,subject15,axis_balanced,0.0977106924149647,0.044339520016483336,0.054975838760106734,0.29737084685929066,1.7605596382997433,0.7051915086229502,0.9750727500397959,1.3827063118554153
condition_ridge,0,2,subject15,raw_rms,0.0592657902399765,0.026180615607151667,0.03702427934605067,0.20330948933700208,2.2103365950548417,1.071336514279215,1.1170262132253417,1.0426473832798149
condition_ridge,0,2,subject21,axis_balanced,0.3923061032945357,0.14101572844952226,0.153356380641847,0.7895921557293483,3.084505920799797,1.5686284150971381,0.9139751008999065,0.5826587687073794
condition_ridge,0,2,subject21,raw_rms,0.4016908767822038,0.09965413015884184,0.11229213743204351,0.9342126539971843,4.539159194750742,2.625740783351889,1.0663210832595882,0.4061029519823262
condition_ridge,0,2,subject36,axis_balanced,0.305134475763662,0.1648026962578897,0.17434271999399628,0.5750999897164703,1.6804778715211584,0.4567171125964465,0.9045285571665587,1.9805006911702838
condition_ridge,0,2,subject36,raw_rms,0.4049748907456083,0.20048165424958844,0.209718157988273,0.7131127512207652,2.058627742386443,0.4932706942456473,1.0697614536485738,2.168710742657329
condition_ridge,0,3,subject02,axis_balanced,0.24472230402549497,0.08697355227332587,0.11509530176335914,0.5470639356113816,2.3717303712713096,1.078646874154883,1.036766497603464,0.9611732277217863
condition_ridge,0,3,subject02,raw_rms,0.27213208172035297,0.09176194191034713,0.1212002166098808,0.552324762207611,2.659097103206216,1.2155304917108936,1.1859709087893966,0.9756817429730692
condition_ridge,0,3,subject11,axis_balanced,0.2756448868255538,0.12387912228575441,0.13599403999583223,0.5925350542942195,2.4626965936800533,1.0934115999325662,1.0357155801966866,0.9472330275813446
condition_ridge,0,3,subject11,raw_rms,0.1366737749355894,0.07753227916052513,0.08981051182912177,0.3473242478464371,2.5807809128587054,1.298472046196939,1.1839502506846669,0.9118026484684888
condition_ridge,0,3,subject22,axis_balanced,0.29969812446390726,0.18349664869266422,0.19418113179564153,0.5128927308802966,1.8970486294642512,0.5001818099572521,1.1478054826719248,2.2947765388949706
condition_ridge,0,3,subject22,raw_rms,0.4044450001733086,0.18761903920970543,0.19950063621036143,0.6611371616648016,2.4331592894087826,0.7235093348904216,1.290257196962328,1.7833317895722007
condition_ridge,0,3,subject30,axis_balanced,0.16390798669268716,0.08981266110460433,0.09947448328041177,0.38893222667444577,1.6679274326063585,0.42628489711613976,1.1033926119423063,2.58839245632878
condition_ridge,0,3,subject30,raw_rms,0.09434301555171193,0.05823607704745724,0.06836521587622907,0.24701679089862902,1.737807476991222,0.4721824043262872,1.2191810469963482,2.5820128743168294
condition_ridge,0,3,subject33,axis_balanced,0.04551218601472756,0.014255760640183168,0.026521260898957098,0.18546997705054294,2.0542082843898117,1.006945525896083,1.0316956492402063,1.024579406440182
condition_ridge,0,3,subject33,raw_rms,0.0450087823939276,0.012613851685244301,0.025073147363582033,0.2032527350735255,2.413299571737879,1.215897084888333,1.1773200013231482,0.9682727394903429
condition_ridge,0,3,subject37,axis_balanced,0.29688099129690976,0.1326327297735569,0.14482107148474221,0.5935044116864253,2.6493292778598945,1.3069941790885131,1.0125622638791298,0.774725916977903
condition_ridge,0,3,subject37,raw_rms,0.20580569944933266,0.0882279277509397,0.1006478324356217,0.5034810097850108,2.8721434935866514,1.4116381939998472,1.231203115544039,0.8721803651794451
condition_ridge,0,3,subject40,axis_balanced,0.10001075024483376,0.04027021461133536,0.0514666626502728,0.3468598746597789,2.249308243630417,0.9995037410964619,1.149066815032178,1.149637332794417
condition_ridge,0,3,subject40,raw_rms,0.085286534291659,0.026997327382424566,0.0384480266549293,0.33756529411793607,2.5743265830236033,1.1950279657372869,1.2887423958873667,1.0784202820661706
conditional_ae,3,0,subject05,axis_balanced,0.18434439359370325,0.13250893576259296,0.1400050899675044,0.2841488912840561,1.0702215058747442,0.2000893401137501,0.7980233018079196,3.9883349175635536
conditional_ae,3,0,subject05,raw_rms,0.16929450464084964,0.12323016543574104,0.1314017495840823,0.24552057708382122,1.3711141892314538,0.24554834510796067,1.0766650349708942,4.384737492315473
conditional_ae,3,0,subject13,axis_balanced,0.06854899023358647,0.045971522300207436,0.05353183787998244,0.11170953152716567,1.0146641247912347,0.3405845798649649,0.6703595359413664,1.9682615584274272
conditional_ae,3,0,subject13,raw_rms,0.07819243077225291,0.05763490245444577,0.06614690733716459,0.10574001678587808,1.4863295904256786,0.5750148228914392,0.9134075408998994,1.5884939040473178
conditional_ae,3,0,subject19,axis_balanced,0.10181796283188049,0.07012770401655423,0.07786808772296046,0.19096862261310452,1.0153133380753954,0.3048617399402978,0.682008617636923,2.237107935454554
conditional_ae,3,0,subject19,raw_rms,0.12999704575228274,0.08008072811633164,0.0887382797455585,0.27308575031324106,1.4234264768528735,0.479171776175523,0.879718977828223,1.8359156811146942
conditional_ae,3,0,subject24,axis_balanced,0.06145811816573473,0.03968440517299387,0.04979161263096934,0.13137707758151515,1.4633084570460468,0.6008917142698702,0.8581616673125936,1.4281469471672217
conditional_ae,3,0,subject24,raw_rms,0.10624669996882617,0.0808132237842573,0.09089687996183089,0.14770162855308203,1.8543326812393695,0.6527640463348907,1.1956552315752043,1.8316805870184085
conditional_ae,3,0,subject27,axis_balanced,0.1760139554217661,0.1190286169990266,0.12804222308143184,0.32973967712655355,1.3526575026364498,0.4474271354747183,0.808138185793085,1.8061894814127755
conditional_ae,3,0,subject27,raw_rms,0.20799675471890022,0.1476052150659473,0.15706350374671962,0.3361526303498302,1.843661650509822,0.6439936517249081,1.1014409681499753,1.7103289220317859
conditional_ae,3,0,subject34,axis_balanced,0.07353105871688813,0.04336584422260634,0.05242517196473547,0.15293961898530187,1.2588322878611236,0.543099275726661,0.7026648136148407,1.293805469864939
conditional_ae,3,0,subject34,raw_rms,0.07774678996846476,0.044998572623823264,0.05507673268721184,0.16122194883404622,1.8614704533073774,0.8647568818662528,0.9851068525907664,1.1391720300216441
conditional_ae,3,0,subject35,axis_balanced,0.10968724099637554,0.052693003789075966,0.06325167700844588,0.32241684711311963,1.3999799344942343,0.5898240134266413,0.7169356174933252,1.2155076788552852
conditional_ae,3,0,subject35,raw_rms,0.06969122563442944,0.031013305845835167,0.0426459026041812,0.2318320582041791,1.9767383458861838,0.8815464293616184,1.0604429953876702,1.202934933507248
conditional_ae,3,1,subject08,axis_balanced,0.4386980115111933,0.2665283221575416,0.27909038510342404,0.6326000837224215,2.5118073379613697,1.471540484972622,0.6574516227014705,0.44677780150486485
conditional_ae,3,1,subject08,raw_rms,0.2682573639081764,0.17765119141091376,0.18936726648776567,0.4576799776746996,1.5870340949527606,0.5973954376251124,0.7846219662751738,1.3134046844990352
conditional_ae,3,1,subject18,axis_balanced,0.17714111712627437,0.11486474949866703,0.1264544309674681,0.34798577631440647,2.336393502782091,1.2853000539149289,0.9516860376384796,0.7404388062847382
conditional_ae,3,1,subject18,raw_rms,0.14359162790867452,0.09909728629646407,0.11110649009919837,0.23967145841438361,2.47335050530596,1.4401307269673118,0.9992682423711838,0.6938732877920639
conditional_ae,3,1,subject23,axis_balanced,0.16291886688908272,0.12187583823581005,0.13160141892599617,0.2741704574486014,1.49952803963487,0.3307994204602921,1.1051835914702222,3.340947786221663
conditional_ae,3,1,subject23,raw_rms,0.18042527349958146,0.14515446144524838,0.15483575994916254,0.28663238791983303,1.359296171761945,0.2356683002136246,1.0488974716025627,4.450736355512286
conditional_ae,3,1,subject25,axis_balanced,0.1276962162805653,0.07256792761394507,0.08577620150826264,0.2977618324682531,2.343688703486852,1.5721578624455026,0.7048785738566301,0.4483510153110111
conditional_ae,3,1,subject25,raw_rms,0.1028208581360381,0.05206470505432046,0.06570258981761413,0.2716162051015289,2.4301238001508474,1.6061325253211065,0.7646577673482238,0.47608634735502253
conditional_ae,3,1,subject26,axis_balanced,0.1296572788808018,0.08219322421120887,0.09566183645787392,0.24994507638623076,2.728098201272085,1.8621554077772864,0.8286433356145609,0.4449915040139693
conditional_ae,3,1,subject26,raw_rms,0.07279353053728531,0.04583655811476777,0.05889928368160353,0.21740609370643657,2.123624494600597,1.1825538414212335,0.9132395481247403,0.772260438499086
conditional_ae,3,1,subject41,axis_balanced,0.26689835540278645,0.10318824303241919,0.16529334521500824,0.43640246921004505,3.633993602047823,2.74589486812147,0.9147489526963236,0.33313327590073555
conditional_ae,3,1,subject41,raw_rms,0.21904174371733842,0.09316810749935213,0.15677483121259314,0.29958943201885196,3.8238492571841953,2.9751504204848285,0.9959685424096644,0.3347624158940381
conditional_ae,3,1,subject43,axis_balanced,0.07317761527012874,0.04917906378428413,0.05957142596585263,0.16090951126201902,1.5135467315704043,0.6051540348171935,0.8957975879495482,1.480280286357428
conditional_ae,3,1,subject43,raw_rms,0.09196266809468223,0.07096909013874093,0.0815766301470454,0.1810458546409023,1.445944763448675,0.5504616161986677,0.8755694847648031,1.5906095157210751
conditional_ae,3,2,subject01,axis_balanced,0.0458501288610772,0.024020486137824166,0.03392756313744167,0.1332720084195099,1.3502806456833152,0.5714328371225053,0.7721385551835644,1.3512323846696115
conditional_ae,3,2,subject01,raw_rms,0.056895009888316105,0.031960111627615,0.04247816103212917,0.16226830593147223,1.8332937117885646,0.8230658871398658,0.9984896338130328,1.2131345125756094
conditional_ae,3,2,subject04,axis_balanced,0.0596621516272162,0.03815443395736776,0.047931978651303934,0.1393759919122423,1.2681736959348342,0.47208843763803693,0.7877110202437761,1.6685666443873715
conditional_ae,3,2,subject04,raw_rms,0.10335407791853603,0.07602378912966806,0.08534849322613293,0.189093703091004,1.371107018858852,0.3809203994400054,0.9651828478519587,2.533817693331423
conditional_ae,3,2,subject10,axis_balanced,0.09248166455039773,0.06551270032932066,0.07517313915344666,0.17903876477934358,1.3705088897379276,0.4675875652174602,0.8824896472707858,1.8873248839719843
conditional_ae,3,2,subject10,raw_rms,0.11897291515287657,0.08173598745080161,0.09176767631891326,0.23074887357400764,1.711470750939009,0.5924001386842762,1.077645393581584,1.8191173890928518
conditional_ae,3,2,subject12,axis_balanced,0.0967679685666244,0.06443509570781317,0.07384386310186583,0.22198246212095074,1.2850102100397807,0.4171997651433619,0.8282089785238322,1.9851616604799276
conditional_ae,3,2,subject12,raw_rms,0.11428082983169545,0.06705935738206097,0.07668908156989124,0.2790624144797436,1.5316023137756762,0.5407962786171991,0.9243007030130328,1.7091476764160503
conditional_ae,3,2,subject15,axis_balanced,0.0716666162513374,0.0470527829837474,0.05800008970102077,0.1686714510688108,1.7001839987313974,0.7051915086229502,0.9817744861885478,1.3922097390334292
conditional_ae,3,2,subject15,raw_rms,0.07029969167835816,0.04216650094275914,0.0534931521571173,0.1862380010237716,2.217599663257562,1.071336514279215,1.131949427636353,1.056576913555418
conditional_ae,3,2,subject21,axis_balanced,0.09725341173338635,0.06123237161074437,0.07386682941693766,0.18623910665975196,2.4451825688510893,1.5686284150971381,0.8663214597654205,0.5522795911559292
conditional_ae,3,2,subject21,raw_rms,0.1313004163761915,0.0678185480581419,0.08080849598528146,0.19772190583123836,3.6164004982705484,2.625740783351889,0.9888677137470396,0.37660523080450475
conditional_ae,3,2,subject36,axis_balanced,0.09201316175088403,0.060690281019096994,0.06989896227455746,0.1981911892489603,1.1874940184028293,0.4567171125964465,0.7023457468082741,1.5378135117719232
conditional_ae,3,2,subject36,raw_rms,0.088939545449661,0.06737185442370404,0.0764014912498111,0.16741387419348785,1.3176852318275967,0.4932706942456473,0.8081792952716724,1.638409304869836
conditional_ae,3,3,subject02,axis_balanced,0.20026963053586658,0.12797519621818,0.15478438699852345,0.30677525774355824,1.6350897026131967,1.078646874154883,0.4955119590458837,0.4593829277390861
conditional_ae,3,3,subject02,raw_rms,0.2049103203947242,0.13909878300464706,0.16796189011182508,0.3142552621540899,2.000978617937534,1.2155304917108936,0.7185697058514121,0.5911572854416881
conditional_ae,3,3,subject11,axis_balanced,0.10401946357467229,0.0645067968255868,0.07687425904933311,0.25908673054243475,2.047247696274202,1.0934115999325662,0.903895164830499,0.8266742047425185
conditional_ae,3,3,subject11,raw_rms,0.14993663285785974,0.09424882851568762,0.1070136207529277,0.2966790904930426,2.424985870906846,1.298472046196939,1.056138261503605,0.8133700410393129
conditional_ae,3,3,subject22,axis_balanced,0.0743854902931088,0.0377003421727903,0.0475459948402055,0.22780962761109438,1.1822020695601132,0.5001818099572521,0.6409663967805304,1.281466826703095
conditional_ae,3,3,subject22,raw_rms,0.044981737469227366,0.022884340493511703,0.034587651581016635,0.1355450417983949,1.5705478097599992,0.7235093348904216,0.8435524622076643,1.1659178693740333
conditional_ae,3,3,subject30,axis_balanced,0.13136814661063415,0.09174800870698052,0.10112936772222957,0.2450485697298497,1.2686511683143242,0.42628489711613976,0.7908237065093008,1.8551530018053712
conditional_ae,3,3,subject30,raw_rms,0.15477733418480913,0.11355725156131306,0.12374770165186673,0.2824817753911158,1.4613780364442792,0.4721824043262872,0.9173823319128648,1.9428558190807461
conditional_ae,3,3,subject33,axis_balanced,0.0554750589469405,0.03149638512766124,0.04392817975407117,0.15573799475741826,1.8919222412629395,1.006945525896083,0.8785481007652828,0.8724882112996735
conditional_ae,3,3,subject33,raw_rms,0.0683718379423485,0.0464982348885842,0.059453929319700095,0.1457628881894326,2.2572126289153576,1.215897084888333,1.0412271436667926,0.8563447980981204
conditional_ae,3,3,subject37,axis_balanced,0.14158053024069953,0.0869013482750128,0.09871914894056764,0.2989028391351231,2.0613688467474103,1.3069941790885131,0.6850890316588694,0.5241714482130629
conditional_ae,3,3,subject37,raw_rms,0.09645655427151156,0.069883207598615,0.08235076210113128,0.1961285164983925,2.246747934509871,1.4116381939998472,0.8190840695580438,0.5802365457661544
conditional_ae,3,3,subject40,axis_balanced,0.16054755183932198,0.08621497661299826,0.09742226718057052,0.3756869999131324,2.028677509241011,0.9995037410964619,0.9040075652953218,0.9044564098415678
conditional_ae,3,3,subject40,raw_rms,0.23953448923688825,0.12164763890501763,0.13346454457605103,0.4755366415700311,2.448282447445962,1.1950279657372869,1.0468086274312962,0.8759699835019802
conditional_ae,8,0,subject05,axis_balanced,0.12165356900959497,0.09225860911310683,0.09991482866592212,0.11279178763456904,0.9641331886191131,0.2000893401137501,0.75957497708736,3.7961791300603216
conditional_ae,8,0,subject05,raw_rms,0.13686168598972792,0.10819324631421019,0.11648545615635869,0.1338327046603982,1.192435580853549,0.24554834510796067,0.9393514050397127,3.825525293712348
conditional_ae,8,0,subject13,axis_balanced,0.095180675690155,0.06695581933943553,0.07490677703263876,0.10004341337287803,1.0320218094742257,0.3405845798649649,0.6900523045001189,2.0260820521402083
conditional_ae,8,0,subject13,raw_rms,0.10878677853712522,0.08716924210135157,0.09617371498574316,0.09592902423618543,1.5434624667546852,0.5750148228914392,0.9732521460337585,1.6925687952526143
conditional_ae,8,0,subject19,axis_balanced,0.08077460866691893,0.05309545552578463,0.060946544059801704,0.10230302338264259,0.9626440110577782,0.3048617399402978,0.6559330510240636,2.151575501578248
conditional_ae,8,0,subject19,raw_rms,0.07737717912906683,0.04941530321937553,0.05815989905907554,0.11729506621387764,1.315094962921071,0.479171776175523,0.8336833332116292,1.7398423168109278
conditional_ae,8,0,subject24,axis_balanced,0.0583414476571259,0.0304738109222064,0.04026114238073957,0.1705822667116883,1.3144128990469603,0.6008917142698702,0.6948395014246148,1.1563472834184416
conditional_ae,8,0,subject24,raw_rms,0.07818664251766383,0.05614169475017294,0.06596619610988226,0.1326910161609214,1.5782417071333104,0.6527640463348907,0.9215872984521346,1.4118230065314108
conditional_ae,8,0,subject27,axis_balanced,0.08266491416962603,0.0550905329862933,0.063970083464343,0.1511548587092524,1.1757252774644626,0.4474271354747183,0.7148299354558146,1.597645468456854
conditional_ae,8,0,subject27,raw_rms,0.1136068016772382,0.08377486191108226,0.09307190773446394,0.17740131608152088,1.5694092437771154,0.6439936517249081,0.9047273462071472,1.4048699762550079
conditional_ae,8,0,subject34,axis_balanced,0.07727380942354004,0.04539670927266277,0.05472684991387944,0.14223125331874195,1.276750600178613,0.543099275726661,0.7217963759641867,1.3290321092740012
conditional_ae,8,0,subject34,raw_rms,0.07115620378991104,0.044706885167748234,0.05503403300320194,0.1355572353927547,1.820138048605129,0.8647568818662528,0.9518583473140918,1.1007236453092613
conditional_ae,8,0,subject35,axis_balanced,0.02940775062149267,0.005747922863830132,0.016439530393465098,0.13008577993181863,1.320510668858064,0.5898240134266413,0.726007007835087,1.2308875042527976
conditional_ae,8,0,subject35,raw_rms,0.0320977903262602,0.006883554546186233,0.0187017553813172,0.12905542630857952,1.9275372222871832,0.8815464293616184,1.0481519525086371,1.188992340729765
conditional_ae,8,1,subject08,axis_balanced,0.16112300148985279,0.10992131175901164,0.12264491337636267,0.2972473323694091,2.161239296278574,1.471540484972622,0.6223810803204416,0.42294526496294194
conditional_ae,8,1,subject08,raw_rms,0.07543965055737874,0.0472731051880321,0.059061354878551436,0.21048745242193867,1.2954176061998322,0.5973954376251124,0.6649873470123063,1.1131443347741306
conditional_ae,8,1,subject18,axis_balanced,0.053143295886215934,0.02975035491210737,0.04096624840252373,0.13671809503045348,2.0085341814909365,1.2853000539149289,0.7244331105087557,0.563629565175996
conditional_ae,8,1,subject18,raw_rms,0.05356052309875864,0.03532355768102823,0.04688006264617459,0.11956110137082065,2.1169508618071116,1.4401307269673118,0.6834928384698954,0.4746047186349697
conditional_ae,8,1,subject23,axis_balanced,0.10279224835487795,0.07916406484842087,0.08858857037233685,0.1749699091380811,1.1688194305942137,0.3307994204602921,0.817656930088523,2.4717604672668148
conditional_ae,8,1,subject23,raw_rms,0.12296266647934838,0.11280862473528884,0.12234842775661053,0.18677726837022304,1.0423726014944685,0.2356683002136246,0.780613291131704,3.3123389544716324
conditional_ae,8,1,subject25,axis_balanced,0.08137617814731267,0.0575543977199948,0.07071028174278887,0.13084566948678114,2.217008663513509,1.5721578624455026,0.6503632978822161,0.4136755687311015
conditional_ae,8,1,subject25,raw_rms,0.07665505430650246,0.051321645768391204,0.06483342087418441,0.12283818233911474,2.28500453994231,1.6061325253211065,0.6872323445821733,0.4278802239216084
conditional_ae,8,1,subject26,axis_balanced,0.10185794366316503,0.06853511637253164,0.0819008168672804,0.17949834488712182,2.5649694387966258,1.8621554077772864,0.6970743435400936,0.37433736230003395
conditional_ae,8,1,subject26,raw_rms,0.05295223482952144,0.034733860134561235,0.0476314536574782,0.18947089790457025,1.9367475786505735,1.1825538414212335,0.7374800921151654,0.6236334163261749
conditional_ae,8,1,subject41,axis_balanced,0.24622981090943585,0.11717621016509967,0.1791971812138359,0.31856500194891285,3.3912283490739163,2.74589486812147,0.7611141399879134,0.2771825494209868
conditional_ae,8,1,subject41,raw_rms,0.24295528333042468,0.11650684866310253,0.17988487527237385,0.26839833897598336,3.539248903294368,2.9751504204848285,0.7265696681653538,0.24421275077814472
conditional_ae,8,1,subject43,axis_balanced,0.0503973580593265,0.025304986364172537,0.03557581214500243,0.1502783268956759,1.373636556788645,0.6051540348171935,0.7578014430961693,1.2522455432774036
conditional_ae,8,1,subject43,raw_rms,0.054080567004460435,0.037966082610332734,0.04850837921681326,0.10330158084845543,1.3177044925371335,0.5504616161986677,0.7682562905480648,1.3956582401756286
conditional_ae,8,2,subject01,axis_balanced,0.06363208157755397,0.03410896576361887,0.044234174327521934,0.19288303506042648,1.395801623090706,0.5714328371225053,0.7997429126273174,1.399539649584167
conditional_ae,8,2,subject01,raw_rms,0.06682966144889527,0.034730996395443234,0.0454450656048756,0.21105449942822332,1.8882702220647836,0.8230658871398658,1.0362168196379857,1.258971894994718
conditional_ae,8,2,subject04,axis_balanced,0.07544748359398583,0.05085267180366263,0.06074826503324027,0.17411026999698118,1.245878711441312,0.47208843763803693,0.754934087069918,1.5991369982434236
conditional_ae,8,2,subject04,raw_rms,0.120169144782445,0.10010530916204786,0.1096997891692084,0.16287872245104648,1.4194179398122133,0.3809203994400054,1.0247288031195592,2.690138949308103
conditional_ae,8,2,subject10,axis_balanced,0.0903096848132701,0.0629803241448129,0.0727014173983102,0.1599462551404568,1.3314310141461296,0.4675875652174602,0.8503463957436193,1.8185821416105237
conditional_ae,8,2,subject10,raw_rms,0.10166533075007762,0.07789172326412956,0.08802369278937583,0.14593974018997757,1.689577146026919,0.5924001386842762,1.0907688770394193,1.8412704619921643
conditional_ae,8,2,subject12,axis_balanced,0.06067234198482837,0.039313685694741606,0.04844659569815343,0.11482710010386489,1.0739951640673475,0.4171997651433619,0.6535490773639946,1.5665135313281304
conditional_ae,8,2,subject12,raw_rms,0.0743169718169623,0.05056590158635593,0.06002634472071913,0.1399368396181265,1.3162453330598058,0.5407962786171991,0.7680212707068491,1.4201674476582162
conditional_ae,8,2,subject15,axis_balanced,0.055956130814808,0.022807980376809003,0.033372320551482766,0.2050501541663662,1.503271305014314,0.7051915086229502,0.7698515116313064,1.0916914089544552
conditional_ae,8,2,subject15,raw_rms,0.06354175940007149,0.026289065456890696,0.03733615929865957,0.2510804997812379,2.0508063224425723,1.071336514279215,0.9322899246082232,0.8702120315907079
conditional_ae,8,2,subject21,axis_balanced,0.10116314437500147,0.07169920887114044,0.08376501129956841,0.14819357426791413,2.202660396534554,1.5686284150971381,0.634263733423042,0.404342881538178
conditional_ae,8,2,subject21,raw_rms,0.15784845648899729,0.09906639242403104,0.11160049025365883,0.1667532478017082,3.3646839151814008,2.625740783351889,0.7462578720145657,0.2842085086030199
conditional_ae,8,2,subject36,axis_balanced,0.0671447524993673,0.04011904869694987,0.049424655213127,0.16378471646471396,1.156508646619882,0.4567171125964465,0.6831856648250468,1.4958617620897139
conditional_ae,8,2,subject36,raw_rms,0.08016646464446046,0.06243682044720573,0.0717208335959661,0.15468241616618358,1.349682477809943,0.4932706942456473,0.8449554925550027,1.7129651171496871
conditional_ae,8,3,subject02,axis_balanced,0.12772390348550258,0.0718678679346796,0.09950176035498749,0.2450772175635866,1.7177362242550436,1.078646874154883,0.6191488485387663,0.5740051386361897
conditional_ae,8,3,subject02,raw_rms,0.14800232710572161,0.11153962371557546,0.14099333611549977,0.2253019900930037,1.9882222914928527,1.2155304917108936,0.7680154395088442,0.6318356016127911
conditional_ae,8,3,subject11,axis_balanced,0.0719887746503652,0.05379429820684067,0.0659585300469317,0.13429327500083646,1.863093741695976,1.0934115999325662,0.7699884916133056,0.7042073558217171
conditional_ae,8,3,subject11,raw_rms,0.11285758595016047,0.10016319638818307,0.11286627083219124,0.14546744867766445,2.208103290349151,1.298472046196939,0.91042978707948,0.70115470698504
conditional_ae,8,3,subject22,axis_balanced,0.03323862591640497,0.012872944170849334,0.023134165894020734,0.09848879848039853,1.1776174611638208,0.5001818099572521,0.6785752396434092,1.3566571717220253
conditional_ae,8,3,subject22,raw_rms,0.036548499705697,0.01636621688023567,0.02838378749682523,0.11355410404788341,1.5664837614608287,0.7235093348904216,0.8442063597224365,1.1668216552455333
conditional_ae,8,3,subject30,axis_balanced,0.09871122545455509,0.0675321009882828,0.0770108129211705,0.187147732500225,1.1650106812992893,0.42628489711613976,0.7141378917908288,1.6752596599645997
conditional_ae,8,3,subject30,raw_rms,0.11903499119743029,0.09997543048769526,0.11028898367720653,0.19798851508039297,1.2747848203637022,0.4721824043262872,0.7750943609528957,1.641514706713405
conditional_ae,8,3,subject33,axis_balanced,0.038902155447598764,0.0094769043583723,0.02183586396950157,0.18856678367719382,1.7825094961026868,1.006945525896083,0.7574712969649134,0.7522465490780524
conditional_ae,8,3,subject33,raw_rms,0.034960622096116535,0.009592425247382266,0.022457748249785497,0.20215541389642022,2.0696112138051546,1.215897084888333,0.8329217459924552,0.685026517740973
conditional_ae,8,3,subject37,axis_balanced,0.08277704628138931,0.041808861920164274,0.054044078536462065,0.22954706907071962,2.06908949821165,1.3069941790885131,0.7284445959068209,0.5573434125122362
conditional_ae,8,3,subject37,raw_rms,0.06999577818346263,0.0558393664742303,0.06858466908493553,0.143370061083263,2.2302363095407283,1.4116381939998472,0.8199958507833508,0.5808824486817756
conditional_ae,8,3,subject40,axis_balanced,0.1138452357855972,0.07000863672589723,0.08102567523680183,0.26145583414322976,1.8019052526962145,0.9995037410964619,0.7513762768062761,0.7517493391090376
conditional_ae,8,3,subject40,raw_rms,0.16892119988119525,0.1087928535065366,0.12055056251597902,0.3267964853133771,2.1908948659537577,1.1950279657372869,0.9098315977768671,0.7613475365118636
context_mean_only,0,0,subject05,axis_balanced,0.2514099061586738,0.0341689008895775,0.0368862868274753,0.067022223470511,0.2023581036625285,0.2000893401137501,1.3481301614209188e-29,6.737641098993633e-29
context_mean_only,0,0,subject05,raw_rms,0.2617393187228425,0.0466558911109971,0.049758197905481,0.0446398164189695,0.2448127433722359,0.2455483451079607,4.4379235107225686e-29,1.8073522380170543e-28
context_mean_only,0,0,subject13,axis_balanced,0.2469498185727603,0.0350746168252829,0.0382639156117863,0.0366995167284133,0.3381471612834533,0.3405845798649649,1.1377617067630217e-29,3.340614267428436e-29
context_mean_only,0,0,subject13,raw_rms,0.2724918810717793,0.0566915314117799,0.0604983833714585,0.0450440987238622,0.5706547401336015,0.5750148228914392,2.8525385035484786e-29,4.9608086435139227e-29
context_mean_only,0,0,subject19,axis_balanced,0.2669378130963323,0.0443776431031537,0.0476136728847083,0.0415380905045771,0.3031998002370609,0.3048617399402978,1.2829389961471748e-29,4.2082650200658744e-29
context_mean_only,0,0,subject19,raw_rms,0.3195461085528033,0.0885878341468004,0.0924831543852116,0.0594969017980295,0.4773875266526925,0.479171776175523,4.7449416886486716e-29,9.902381410107462e-29
context_mean_only,0,0,subject24,axis_balanced,0.3755775029999784,0.1154098264222551,0.1204797658806271,0.0615501029085061,0.5980035548349195,0.6008917142698702,1.7429791360707477e-29,2.9006543020627296e-29
context_mean_only,0,0,subject24,raw_rms,0.3590010630453987,0.1021688918233905,0.1069166159356513,0.0430150062351552,0.6473614032481356,0.6527640463348907,3.7523560590157874e-29,5.748411053096967e-29
context_mean_only,0,0,subject27,axis_balanced,0.3258215975865369,0.0768179294681812,0.0808690313738171,0.0825615482193602,0.4492721321027102,0.4474271354747183,2.175347067489942e-29,4.8619024082701373e-29
context_mean_only,0,0,subject27,raw_rms,0.3572930282846648,0.1069833782736053,0.1111766537194123,0.092177023353358,0.6453347703400277,0.6439936517249081,5.794624052229529e-29,8.997952133082193e-29
context_mean_only,0,0,subject34,axis_balanced,0.3429664056708833,0.0962792559976739,0.1007846095278504,0.1061261207504686,0.548327592835241,0.543099275726661,1.4797422528266959e-29,2.72462571570698e-29
context_mean_only,0,0,subject34,raw_rms,0.3794488394997404,0.1355508441387911,0.1407392986930262,0.1359574267955767,0.8736328939686134,0.8647568818662528,3.8262760842982336e-29,4.424684167925504e-29
context_mean_only,0,0,subject35,axis_balanced,0.4363644172400497,0.1632561462316171,0.1691928869989467,0.0991611733476096,0.5927985329655411,0.5898240134266413,2.0622211573620345e-29,3.4963329915670186e-29
context_mean_only,0,0,subject35,raw_rms,0.5243763811269178,0.265560631950124,0.2721721265542227,0.0890534495517287,0.8792264063623828,0.8815464293616184,4.725919888148171e-29,5.360942692003753e-29
context_mean_only,0,1,subject08,axis_balanced,0.6695555488846354,0.4002667223063491,0.4084850042836362,0.1961746782080453,1.4936745395096227,1.4715404849726217,2.7594499603246435e-29,1.8752117175872227e-29
context_mean_only,0,1,subject08,raw_rms,0.4279020200237519,0.2475667228304503,0.2544041791478535,0.1036861303259422,0.6015085241623573,0.5973954376251124,4.9980971113758034e-29,8.366480218270921e-29
context_mean_only,0,1,subject18,axis_balanced,0.4899712610358191,0.2206936363244644,0.226891841125608,0.0728845707063142,1.2763311028518072,1.2853000539149289,2.53045065003762e-29,1.9687625798583408e-29
context_mean_only,0,1,subject18,raw_rms,0.4969199793249403,0.305417529873931,0.3117601823890605,0.0709644229511064,1.429165223770236,1.4401307269673116,3.311183782950694e-29,2.299224452993601e-29
context_mean_only,0,1,subject23,axis_balanced,0.3456350224855808,0.0935081745663177,0.0976513012252815,0.1392461170619199,0.3465133524608885,0.3307994204602921,1.5593318992052678e-29,4.713828993519789e-29
context_mean_only,0,1,subject23,raw_rms,0.2921239962474665,0.0988858194262223,0.1028846989123282,0.1419559816451499,0.2532012642694229,0.2356683002136246,4.9628434232040366e-29,2.105859557142561e-28
context_mean_only,0,1,subject25,axis_balanced,0.6701060863108315,0.415761461738982,0.4242809320806344,0.063066990295161,1.5586668870165536,1.5721578624455026,3.2331850053107235e-29,2.0565269446170517e-29
context_mean_only,0,1,subject25,raw_rms,0.6627644574526705,0.4940263121290215,0.5025094939488218,0.068284269502876,1.5929493498346357,1.6061325253211065,4.931729739566634e-29,3.0705621496461865e-29
context_mean_only,0,1,subject26,axis_balanced,0.6989954702653174,0.4267445415228722,0.4353060412630688,0.1317148989755455,1.8588136067474543,1.8621554077772864,1.923840084544611e-29,1.0331254182705152e-29
context_mean_only,0,1,subject26,raw_rms,0.5540386272151099,0.3867307577553587,0.3944372337584056,0.1307568458127958,1.1865117070212423,1.1825538414212335,3.5961264794779645e-29,3.0409832969262665e-29
context_mean_only,0,1,subject41,axis_balanced,0.8774305976867534,0.4927933850758494,0.5497081287944909,0.2924435826727046,2.620195435004727,2.7458948681214705,2.4312026229940425e-29,8.85395377375567e-30
context_mean_only,0,1,subject41,raw_rms,0.9361829781882688,0.6677828393060816,0.7257676661708499,0.2548853265165612,2.811259225505604,2.9751504204848285,4.294731242056049e-29,1.4435341529239997e-29
context_mean_only,0,1,subject43,axis_balanced,0.3918141849423847,0.1309273412678608,0.1361490501823086,0.0935022804139856,0.6071727775396181,0.6051540348171935,2.4693820274921619e-29,4.0805842569290954e-29
context_mean_only,0,1,subject43,raw_rms,0.3630538689359203,0.1675471437834141,0.1728054230181748,0.0981290973195449,0.5539746957594313,0.5504616161986677,5.588925390604878e-29,1.015316095825249e-28
context_mean_only,0,2,subject01,axis_balanced,0.359447424566921,0.1031497551222997,0.1081190574893948,0.1169852958516377,0.5787691428221948,0.5714328371225053,1.9556638139594642e-29,3.4223861264385186e-29
context_mean_only,0,2,subject01,raw_rms,0.396495806966369,0.1493178799298744,0.1546598947325885,0.1648412370154379,0.8410933440368693,0.823065887139866,3.720356049523633e-29,4.520119358186233e-29
context_mean_only,0,2,subject04,axis_balanced,0.3538660731655011,0.110904155982759,0.1157497453625007,0.1228086424387316,0.481924973210814,0.4720884376380369,1.632784774370835e-29,3.4586417378489906e-29
context_mean_only,0,2,subject04,raw_rms,0.325648607450086,0.0908063045369174,0.0950413457666885,0.0953404516667662,0.3857777522813616,0.3809203994400054,3.769103190399255e-29,9.89472655163716e-29
context_mean_only,0,2,subject10,axis_balanced,0.3295171370515752,0.0928200245188528,0.0972517773730379,0.0501927239350757,0.4649114573621778,0.4675875652174602,1.2203037584528869e-29,2.609786592347387e-29
context_mean_only,0,2,subject10,raw_rms,0.3758653284154092,0.1389261597943825,0.1435998659408053,0.068650844287121,0.5905308533424521,0.5924001386842762,3.4685860763521306e-29,5.855140554247469e-29
context_mean_only,0,2,subject12,axis_balanced,0.3427082581519243,0.0951789325525303,0.0995796683656278,0.0675050061310042,0.4171211380500714,0.4171997651433619,1.2423577491617785e-29,2.9778486302236245e-29
context_mean_only,0,2,subject12,raw_rms,0.3872662382910568,0.1451097890058197,0.1497205351884221,0.0865167245540475,0.542272574704569,0.5407962786171991,4.8299530435790705e-29,8.931187647831315e-29
context_mean_only,0,2,subject15,axis_balanced,0.3794020897536018,0.122826592174934,0.1283001566026325,0.1578047948814316,0.7221703618136338,0.7051915086229502,1.92609327470734e-29,2.7313052570194484e-29
context_mean_only,0,2,subject15,raw_rms,0.4042544337855611,0.1595025610586644,0.1653062328830665,0.2185697975119898,1.107071781739161,1.071336514279215,5.726217279006201e-29,5.344928696711831e-29
context_mean_only,0,2,subject21,axis_balanced,0.6438860183404653,0.3624404110548802,0.3698330863406878,0.1277067262670008,1.5675082184187823,1.568628415097138,2.3605246433276087e-29,1.5048335352139036e-29
context_mean_only,0,2,subject21,raw_rms,0.8024034036388215,0.512914777555299,0.5206284648726728,0.132781378870368,2.6141967803338075,2.625740783351889,5.298651394916915e-29,2.0179643887592445e-29
context_mean_only,0,2,subject36,axis_balanced,0.3336059669540244,0.0916621910882375,0.0961762672278532,0.0800239338542886,0.4580463080015571,0.4567171125964465,1.0566541736248792e-29,2.313585684621664e-29
context_mean_only,0,2,subject36,raw_rms,0.3111066471307688,0.0764614427042751,0.0807301272229272,0.064836289411941,0.491993653178738,0.4932706942456473,2.5306593107850065e-29,5.130366227523635e-29
context_mean_only,0,3,subject02,axis_balanced,0.5986301084948031,0.3312709472373674,0.354244268363769,0.1617405276281784,1.0688519766271616,1.078646874154883,2.1394605217814985e-29,1.983467039162154e-29
context_mean_only,0,3,subject02,raw_rms,0.6793185536233057,0.5215076304892187,0.545670931237841,0.1717031141113801,1.2044947680494102,1.2155304917108936,4.6975889521586146e-29,3.864640981195483e-29
context_mean_only,0,3,subject11,axis_balanced,0.5205746117731485,0.2591727264618191,0.2661452186279309,0.1256768144069255,1.0970572438350108,1.0934115999325662,2.20936969535932e-29,2.0206203185475424e-29
context_mean_only,0,3,subject11,raw_rms,0.5269742494692624,0.3280523189811106,0.3350597538737698,0.1572003026535495,1.3087565141713406,1.298472046196939,4.129439853966511e-29,3.180230075850397e-29
context_mean_only,0,3,subject22,axis_balanced,0.4013859947216576,0.1503240641043002,0.1557116757261594,0.0439432945163602,0.4965552474240121,0.5001818099572521,2.373079390111663e-29,4.744433609679803e-29
context_mean_only,0,3,subject22,raw_rms,0.4874730718479734,0.3286738212696345,0.335190177618103,0.0435374984532232,0.7173658560520922,0.7235093348904216,4.1460240721803457e-29,5.730436184086384e-29
context_mean_only,0,3,subject30,axis_balanced,0.3429228239616796,0.0993809109896901,0.1038193092565002,0.0597214673119542,0.4251150519171866,0.4262848971161398,1.5275515001081166e-29,3.5834051603567377e-29
context_mean_only,0,3,subject30,raw_rms,0.362577737850187,0.1699814279757838,0.1748318033666773,0.0748991098041679,0.4725458098165631,0.4721824043262872,4.3240275981965953e-29,9.157536491361096e-29
context_mean_only,0,3,subject33,axis_balanced,0.5133450709190401,0.2481736599741661,0.2553471796532687,0.1488822216702696,1.017668879031285,1.006945525896083,1.6714634668964307e-29,1.6599343498835162e-29
context_mean_only,0,3,subject33,raw_rms,0.4784410574417581,0.2766029560970933,0.2838665710124171,0.1703307725711085,1.2310926446447272,1.215897084888333,3.213337547811713e-29,2.642770994147768e-29
context_mean_only,0,3,subject37,axis_balanced,0.5704440004043885,0.3093722860033874,0.3165340119329529,0.1472504279332374,1.314154710069607,1.3069941790885131,1.7928894540463338e-29,1.371765446803045e-29
context_mean_only,0,3,subject37,raw_rms,0.5846180354832542,0.4080223660931918,0.4152734387910395,0.0921939672192565,1.4044530527692525,1.4116381939998472,5.093717127271655e-29,3.6083729874428466e-29
context_mean_only,0,3,subject40,axis_balanced,0.5362019608718498,0.2524512361525268,0.2583499456259717,0.2368411984688173,1.044491897265314,0.999503741096462,1.9996653615478335e-29,2.0006582059954958e-29
context_mean_only,0,3,subject40,raw_rms,0.6082948061976845,0.3907202432678114,0.3968088406333176,0.2901110099928509,1.2659142753481671,1.1950279657372869,4.058299037345346e-29,3.395986666171054e-29
context_resample,0,0,subject05,axis_balanced,0.017970370002904468,0.0023311214342454,0.006870418919050234,0.06521367113638003,0.3735964314542979,0.2000893401137501,0.1728993541375284,0.8641107719143643
context_resample,0,0,subject05,raw_rms,0.015279366319721432,0.00013788888618493323,0.005436523910952067,0.0536021097578304,0.4699618984336851,0.24554834510796067,0.22607156183595747,0.9206804539308141
context_resample,0,0,subject13,axis_balanced,0.013861447209737601,-0.0006248268455134667,0.0046191434550968,0.05972716309546303,0.5837979593350859,0.3405845798649649,0.24520614025541201,0.719956670829406
context_resample,0,0,subject13,raw_rms,0.018087317004351035,0.0008333896791702,0.007263415084278533,0.0850787010169286,0.9840438159405115,0.5750148228914392,0.410884913715865,0.7145640379316598
context_resample,0,0,subject19,axis_balanced,0.015442458194070733,-0.0001984327236940999,0.0052199036644479,0.06878267524478994,0.5771062141221698,0.3048617399402978,0.273087859399254,0.895776096576546
context_resample,0,0,subject19,raw_rms,0.018547832912902032,0.0014029496605606334,0.007943413099242767,0.09476952199813538,0.9306321196791746,0.479171776175523,0.4512859635282154,0.9418041419929274
context_resample,0,0,subject24,axis_balanced,0.017329414269291497,-0.0002618672271146667,0.008209760722270934,0.07466743244011043,1.1221387657405393,0.6008917142698702,0.5266723799575445,0.8764846767732385
context_resample,0,0,subject24,raw_rms,0.017110849788451166,-0.00023290064400513337,0.007872912435447566,0.06065624828770536,1.269956265295992,0.6527640463348907,0.6258213042533156,0.9587251438971679
context_resample,0,0,subject27,axis_balanced,0.0197857370021034,0.001964949028162633,0.008880647758578067,0.09281392055248298,0.8809240814583496,0.4474271354747183,0.432995243199646,0.9677447094044483
context_resample,0,0,subject27,raw_rms,0.018329775520461635,0.002198924216905033,0.009371236144091133,0.08738478670918932,1.2891484699372973,0.6439936517249081,0.6499683439174494,1.0092775638029015
context_resample,0,0,subject34,axis_balanced,0.02865753137941357,0.006743557221771133,0.014495558623714532,0.12438402780385632,1.207525981696463,0.543099275726661,0.6600534927540593,1.2153459270791973
context_resample,0,0,subject34,raw_rms,0.04034119710892047,0.013139716143263766,0.0217741288364868,0.14669647496754742,1.825960570922953,0.8647568818662528,0.955410137282565,1.1048309152749052
context_resample,0,0,subject35,axis_balanced,0.04589595836828806,0.0179228778228358,0.027802864961340833,0.16381924186688376,1.1548789600718778,0.5898240134266413,0.5479389214565501,0.9289871368126305
context_resample,0,0,subject35,raw_rms,0.04229416597053077,0.013124914431063632,0.024168386701884467,0.1535396308480449,1.6923739498214212,0.8815464293616184,0.8000783097869731,0.9075849928475789
context_resample,0,1,subject08,axis_balanced,0.049313925188399034,0.0023741600942475335,0.0170631868721714,0.2507672831621353,3.253479638131946,1.471540484972622,1.749121210616271,1.188632748115533
context_resample,0,1,subject08,raw_rms,0.02615769264665213,0.0015540951465334999,0.013871688252123933,0.13297245013804138,1.3325751717864434,0.5973954376251124,0.729998251130833,1.2219682393840674
context_resample,0,1,subject18,axis_balanced,0.02627722552104163,0.0041861692723098335,0.014928595697064668,0.09763536637385979,2.2606301103860944,1.2853000539149289,0.988305076959746,0.7689294604395619
context_resample,0,1,subject18,raw_rms,0.024110508073078237,0.0018131028479339668,0.012918198970716367,0.08933750668116136,2.482017343211528,1.4401307269673118,1.0586967803266913,0.7351393595747657
context_resample,0,1,subject23,axis_balanced,0.028093134204687936,0.007345211209725568,0.014996385262568001,0.12913916590174448,0.769082110401294,0.3307994204602921,0.42818197702343225,1.2943855114003429
context_resample,0,1,subject23,raw_rms,0.028343069740456566,0.009667124205378267,0.0167826150211045,0.13688513282080197,0.49892604899941545,0.2356683002136246,0.24786131813595239,1.0517380483980039
context_resample,0,1,subject25,axis_balanced,0.030256384735241098,0.004784784012994133,0.019710070994695433,0.10622175387280404,3.1698667953588195,1.5721578624455026,1.6173011465638603,1.0287142183343707
context_resample,0,1,subject25,raw_rms,0.027637840954396798,0.0072814107568951,0.022037621585777867,0.08397185775662896,3.054265955551846,1.6061325253211065,1.4711472145406599,0.9159563058138933
context_resample,0,1,subject26,axis_balanced,0.04694325574987416,0.0213427308900032,0.03626653553770064,0.12302862124839213,3.5480175522798736,1.8621554077772864,1.7032503139145698,0.9146660406542604
context_resample,0,1,subject26,raw_rms,0.03352380082899977,0.015010274684952333,0.028682585560247265,0.09620710423721297,2.328050654482281,1.1825538414212335,1.1587079671525162,0.9798352739355543
context_resample,0,1,subject41,axis_balanced,0.15878281768385316,0.0343496695175195,0.09747693646319779,0.32042953810319563,4.666135428746929,2.74589486812147,2.0456918598592773,0.7450000666845565
context_resample,0,1,subject41,raw_rms,0.15502754516668307,0.042838561286138575,0.10733030628597157,0.28333365554801704,4.577961258183983,2.9751504204848285,1.765990006909272,0.5935800740526885
context_resample,0,1,subject43,axis_balanced,0.0167876786090748,-0.0021473083604053333,0.0067924837165371,0.07636167889246999,1.0924545914079544,0.6051540348171935,0.49201449560666227,0.8130400977253524
context_resample,0,1,subject43,raw_rms,0.0147481556900936,-0.002697073281044,0.006344748851732266,0.07094327954005074,0.9811503518971473,0.5504616161986677,0.4353596392691888,0.7908991770864232
context_resample,0,2,subject01,axis_balanced,0.0408659954421235,0.012814018089859968,0.020681969055082235,0.1820787668719289,0.9193490775562125,0.5714328371225053,0.3235479266033096,0.5662046448582838
context_resample,0,2,subject01,raw_rms,0.053858020562190405,0.017483885299649234,0.0258187722576733,0.2480282282788779,1.2620449081425822,0.8230658871398658,0.3893055460169825,0.4729943885413716
context_resample,0,2,subject04,axis_balanced,0.019911278659465435,0.00038501782682812775,0.0087106416045348,0.09935700341025631,0.8978082230667507,0.47208843763803693,0.4243319561191751,0.8988399678717021
context_resample,0,2,subject04,raw_rms,0.0171276556029914,0.0004955065744484667,0.007784241452180367,0.08364366114683817,0.7151388123009769,0.3809203994400054,0.33413858594493323,0.8771874292795907
context_resample,0,2,subject10,axis_balanced,0.016863860443249168,-0.0001640945369686667,0.007733352454641633,0.0676486073885068,0.9700092397605501,0.4675875652174602,0.5070741787287045,1.0844475269415694
context_resample,0,2,subject10,raw_rms,0.0169389849596068,-0.0011400054347384333,0.0072819059180863665,0.08310052852237666,1.351294889820096,0.5924001386842762,0.7645743548392009,1.2906383792166636
context_resample,0,2,subject12,axis_balanced,0.0144634906827523,-0.0026735556426543666,0.005030877127358267,0.0782024250722984,1.0570903021437974,0.4171997651433619,0.6436686115580189,1.5428307140509432
context_resample,0,2,subject12,raw_rms,0.017285013844377365,-0.0018495238410829332,0.006408145926078233,0.10286597350444053,1.5971190794352428,0.5407962786171991,1.0602192311202552,1.9604780451359722
context_resample,0,2,subject15,axis_balanced,0.0322154949384943,0.005644088184557634,0.014304834772088,0.1580829348506339,1.0960205082860333,0.7051915086229502,0.3757143166705859,0.5327833816437398
context_resample,0,2,subject15,raw_rms,0.041111094349022805,0.0068308708691348675,0.016039957515335466,0.21835317879091873,1.6059535645171212,1.071336514279215,0.5009103326345492,0.4675564829147609
context_resample,0,2,subject21,axis_balanced,0.03305970331796287,0.005911844123628901,0.0186646406652387,0.13737205313326048,3.0992365195352356,1.5686284150971381,1.5418289978450677,0.9829153820024287
context_resample,0,2,subject21,raw_rms,0.029061725317922133,0.0002139989972995334,0.013615822481527666,0.13924662815322367,5.174801014545138,2.625740783351889,2.580184664663255,0.9826501842918098
context_resample,0,2,subject36,axis_balanced,0.017924026340409033,-0.0005452355977839668,0.007325028443088334,0.08759131735334591,0.8739235803643602,0.4567171125964465,0.41728115213138955,0.9136534205148069
context_resample,0,2,subject36,raw_rms,0.017850767493635934,0.0005662602606874333,0.007692786298072099,0.08493234160348773,0.8370313662296827,0.4932706942456473,0.34446173828942483,0.6983219200082541
context_resample,0,3,subject02,axis_balanced,0.059826828127108204,0.0034045621148134,0.031819892365916,0.1440766275121758,2.1978495409440257,1.078646874154883,1.1419369634644099,1.0586754486811214
context_resample,0,3,subject02,raw_rms,0.06213736918764531,0.004225996289278334,0.03403780072748713,0.16728898086911245,2.5761659180372187,1.2155304917108936,1.379682031714342,1.1350451848989822
context_resample,0,3,subject11,axis_balanced,0.02938370513877157,-0.0007461308222449667,0.011289572588150434,0.1566654121073763,2.2169620081218055,1.0934115999325662,1.1187211902284202,1.0231473585038011
context_resample,0,3,subject11,raw_rms,0.032177639428437765,-0.0015713448932259666,0.010726306085953432,0.1968153354797245,2.7789736101630456,1.298472046196939,1.4638481952897333,1.127362117326407
context_resample,0,3,subject22,axis_balanced,0.012345699929791135,-0.0049910819922575,0.0043031996393569335,0.042311465783613805,0.9538585071833161,0.5001818099572521,0.4612435437550186,0.9221517747605387
context_resample,0,3,subject22,raw_rms,0.012301089813202467,-0.004864352090773033,0.0063279339751968,0.04571296379238846,1.3530774445218698,0.7235093348904216,0.6407330141115006,0.8855905282943478
context_resample,0,3,subject30,axis_balanced,0.014160517380758866,-0.0034883465473966,0.004545427628936899,0.05072601627402843,0.9518206043275956,0.42628489711613976,0.5318620928831957,1.2476681592083048
context_resample,0,3,subject30,raw_rms,0.014218843528644167,-0.0011095326866036668,0.007791374036323133,0.0439947857784155,1.016860009404781,0.4721824043262872,0.5525878397091032,1.1702846921996999
context_resample,0,3,subject33,axis_balanced,0.04259497582347327,0.008439631087061666,0.020458015149990166,0.2038605374815029,1.8223981213158345,1.006945525896083,0.7914135998500935,0.7859547309133853
context_resample,0,3,subject33,raw_rms,0.039063855873500565,0.002796778497303733,0.0152286624457975,0.22905788209228642,2.095796075199356,1.215897084888333,0.8442832065734968,0.6943706149694693
context_resample,0,3,subject37,axis_balanced,0.05042479656999793,0.015283091287923664,0.027203679963415498,0.17959113713126626,2.071091319949795,1.3069941790885131,0.75229008216717,0.5755879362001526
context_resample,0,3,subject37,raw_rms,0.029770328747284164,0.0051590079973666,0.017525745760743564,0.12899653427177052,2.320165329639814,1.4116381939998472,0.914747043040293,0.6480038914563345
context_resample,0,3,subject40,axis_balanced,0.0503970820943059,0.018307587184152898,0.029307949468205367,0.19371512805950764,2.3709642186568693,0.9995037410964619,1.3551106521933705,1.3557834718125275
context_resample,0,3,subject40,raw_rms,0.05728606196296667,0.0180728056868793,0.029025389522502498,0.2506016038499112,2.5412158481430187,1.1950279657372869,1.303583305907919,1.0908391630012253
cvae,3,0,subject05,axis_balanced,0.1602023359953042,0.10630588019051512,0.11312631631282026,0.29329311801817043,0.8860081732123796,0.2000893401137501,0.6070199196066869,3.033744422674381
cvae,3,0,subject05,raw_rms,0.10425475325844863,0.06624475918210983,0.07350769435479991,0.21229122839907752,1.0185867217176667,0.24554834510796067,0.7368169315597255,3.0007000504758747
cvae,3,0,subject13,axis_balanced,0.025801703360018097,0.009602641032117235,0.0162342630498778,0.06559886070080427,0.7825104594707053,0.3405845798649649,0.44492333470578677,1.3063519636801821
cvae,3,0,subject13,raw_rms,0.026597292711010634,0.011911656715618467,0.019491762988467203,0.05734391449619136,1.1454012093376142,0.5750148228914392,0.5782713154219573,1.005663319276089
cvae,3,0,subject19,axis_balanced,0.050842014656386526,0.028564256829351934,0.03540131313798877,0.11002300370699425,0.7772493452666183,0.3048617399402978,0.46725144346316116,1.5326667214937
cvae,3,0,subject19,raw_rms,0.0430470822802467,0.016939494166246866,0.024521833535130332,0.1294300687707011,1.014368589983379,0.479171776175523,0.5268355977003205,1.0994712624880016
cvae,3,0,subject24,axis_balanced,0.04294028583890663,0.020681506461831867,0.030215030003278267,0.1235831244014584,1.285271778199524,0.6008917142698702,0.680881174354298,1.133117928213773
cvae,3,0,subject24,raw_rms,0.06582056253057376,0.04462974297950337,0.0542318625861119,0.11356831794046653,1.6186352012347491,0.6527640463348907,0.9675702351147782,1.482266433862966
cvae,3,0,subject27,axis_balanced,0.1278762073176494,0.08116211971373073,0.08978475605731183,0.2809538985499728,1.2280968684685283,0.4474271354747183,0.7126114194163939,1.592687083362336
cvae,3,0,subject27,raw_rms,0.14097368194692714,0.09651641101448798,0.10561733396839852,0.26758271715834026,1.7179102119881329,0.6439936517249081,1.0178514627582624,1.5805302739118516
cvae,3,0,subject34,axis_balanced,0.0394254608233675,0.015042171467337334,0.0233360998071608,0.10527050867384276,1.06478042521476,0.543099275726661,0.520948770475414,0.9592146293665925
cvae,3,0,subject34,raw_rms,0.03756974250016883,0.012149674121292068,0.021390544495175735,0.1087397798653217,1.5424625738399282,0.8647568818662528,0.6811630379549881,0.7876931103282505
cvae,3,0,subject35,axis_balanced,0.11722457857749517,0.05907856567105387,0.06922753643615716,0.32874572746254804,1.3197910376520092,0.5898240134266413,0.6331794613705185,1.0735057355362654
cvae,3,0,subject35,raw_rms,0.06857835564363343,0.031512320298028106,0.0427589295402929,0.22842486012417898,1.8485789596809692,0.8815464293616184,0.9327747402731278,1.058111869330135
cvae,3,1,subject08,axis_balanced,0.4400943655355491,0.25406283922812406,0.2668782475031968,0.6632496393559514,2.5786432903763523,1.471540484972622,0.6871000853547318,0.4669257097384687
cvae,3,1,subject08,raw_rms,0.22473051187406326,0.15746024845594844,0.1693321330347529,0.407740753779463,1.496784977083182,0.5973954376251124,0.7446796465195952,1.246543913157417
cvae,3,1,subject18,axis_balanced,0.14082116812886689,0.08619702654519161,0.09745002477673814,0.308785521065225,2.183779200860901,1.2853000539149289,0.8231591398765158,0.6404412241089029
cvae,3,1,subject18,raw_rms,0.10573300303133404,0.06859086708928984,0.08024495484110747,0.1904123834454875,2.3003397203430596,1.4401307269673118,0.8466450371064234,0.5878945718277425
cvae,3,1,subject23,axis_balanced,0.11927158160124186,0.08099141318038616,0.09013217485940322,0.2529010951807764,1.2375759553562244,0.3307994204602921,0.8533422665482369,2.5796365222189643
cvae,3,1,subject23,raw_rms,0.12594339139826674,0.0903770170786873,0.09943745148525246,0.27198486773732466,1.0932550859727843,0.2356683002136246,0.7913793539869216,3.3580220728437618
cvae,3,1,subject25,axis_balanced,0.11949245317991845,0.0627464948955213,0.07612869122951622,0.31088603242365415,2.4358946646297066,1.5721578624455026,0.7898294426533233,0.5023855819572329
cvae,3,1,subject25,raw_rms,0.09013655074778155,0.037226117614334066,0.05111288276200417,0.2851259149855961,2.572979616682717,1.6061325253211065,0.8968389629272256,0.5583841611998518
cvae,3,1,subject26,axis_balanced,0.14056994175570228,0.0964835177556846,0.10952645423577746,0.23675901138678304,2.5655767487212944,1.8621554077772864,0.6734562593588717,0.3616541651390554
cvae,3,1,subject26,raw_rms,0.07287512749748741,0.04315075941307794,0.05579773861342,0.22766756139610214,1.944943303869306,1.1825538414212335,0.7289220365191351,0.6163964895188974
cvae,3,1,subject41,axis_balanced,0.2729203369122441,0.10261831873571449,0.164291859814484,0.4538385123376802,3.4883764526535828,2.74589486812147,0.7536599486811556,0.2744678820120858
cvae,3,1,subject41,raw_rms,0.2216808165855195,0.08251861531434093,0.14562098878937774,0.3455819457092029,3.6428248808188424,2.9751504204848285,0.7823463642222096,0.2629602721380114
cvae,3,1,subject43,axis_balanced,0.047502854251886835,0.022453902891890132,0.032417391240398635,0.15704193479116046,1.377259002159463,0.6051540348171935,0.7596113018374467,1.2552362838775621
cvae,3,1,subject43,raw_rms,0.05830326099865374,0.034503989512778,0.04466701273982963,0.1641158454002548,1.2847269157811538,0.5504616161986677,0.7189674315306869,1.3061172847903049
cvae,3,2,subject01,axis_balanced,0.0432611995465533,0.01760158448337727,0.027162226700472636,0.16125681402427125,1.2594341362473542,0.5714328371225053,0.6725964859158818,1.177035063827963
cvae,3,2,subject01,raw_rms,0.05064549803121804,0.019973002594737933,0.030068451699787068,0.2013991040034284,1.6628724682846512,0.8230658871398658,0.8115200228436362,0.985972126318646
cvae,3,2,subject04,axis_balanced,0.05176870855096174,0.026511191410096332,0.03605057354554033,0.16923698168819887,1.2052822363289557,0.47208843763803693,0.7157403536560522,1.5161149831100709
cvae,3,2,subject04,raw_rms,0.0848223396495803,0.05286433502360564,0.0619063814592913,0.218244700055045,1.2788313328927925,0.3809203994400054,0.8615526967176651,2.261765707439774
cvae,3,2,subject10,axis_balanced,0.06125974811102414,0.037868795292957565,0.047062523218347564,0.13628796578476624,1.2133522185771346,0.4675875652174602,0.7364261069509923,1.5749480134453613
cvae,3,2,subject10,raw_rms,0.06399289026522727,0.041692765145095796,0.051169011226984105,0.14095618995600698,1.4286803188152835,0.5924001386842762,0.8282344460448142,1.398099682900695
cvae,3,2,subject12,axis_balanced,0.0576514099272861,0.0311462676761342,0.03980639636663543,0.16876211133541671,1.0520153929698643,0.4171997651433619,0.6130692154026188,1.4694860031667334
cvae,3,2,subject12,raw_rms,0.06264911415096518,0.03456045842928477,0.0435060566824638,0.17908942087975174,1.2609260289984632,0.5407962786171991,0.6972447494823554,1.2892928022086074
cvae,3,2,subject15,axis_balanced,0.05291602098233691,0.026965128972848,0.0374561255733513,0.16622010943405088,1.5121363941577508,0.7051915086229502,0.7936509688978225,1.1254403366932337
cvae,3,2,subject15,raw_rms,0.04904125392768923,0.024058339521592902,0.03498822879913883,0.16046583484874663,2.026396140678862,1.071336514279215,0.9480244290488501,0.8848988309585172
cvae,3,2,subject21,axis_balanced,0.12673943074265262,0.054811525094205366,0.0669707411898635,0.3398430955854081,2.3953335227367543,1.5686284150971381,0.7179893741554255,0.457717944699455
cvae,3,2,subject21,raw_rms,0.15672899452257086,0.05428841398660563,0.06682060948863362,0.4082070413177023,3.642557479225576,2.625740783351889,0.8441969378878844,0.32150810287153503
cvae,3,2,subject36,axis_balanced,0.08669431800863049,0.05158018937651477,0.06026493790252219,0.2203184922838306,1.0537728980425491,0.4567171125964465,0.5581388902146567,1.2220669530896824
cvae,3,2,subject36,raw_rms,0.08332936539824642,0.05449943348014797,0.0630389680316908,0.20884655561156126,1.1675331436672562,0.4932706942456473,0.640705125185682,1.2988915268228218
cvae,3,3,subject02,axis_balanced,0.24176946167739297,0.1275726829681971,0.15479507452219268,0.4539606122136152,1.80758648320556,1.078646874154883,0.5616137255651878,0.5206650471269486
cvae,3,3,subject02,raw_rms,0.3268178285570354,0.16901219631801334,0.19784202090884553,0.583000189176258,2.1239623363395417,1.2155304917108936,0.6104313470133159,0.5021933642767912
cvae,3,3,subject11,axis_balanced,0.0930125108986175,0.0569699860012437,0.06880401331280957,0.22164475813179688,1.846958374088558,1.0934115999325662,0.717635936435106,0.6563273487123831
cvae,3,3,subject11,raw_rms,0.12584282829156387,0.08004154284513239,0.0922663646657725,0.23420278889482923,2.1261836774887333,1.298472046196939,0.7860345617784983,0.6053534722450856
cvae,3,3,subject22,axis_balanced,0.051912133519567936,0.0234374899022904,0.03330051647037203,0.17781126504099531,1.1647280757409257,0.5001818099572521,0.6432440050756298,1.286020387527896
cvae,3,3,subject22,raw_rms,0.044853078042500695,0.016535065943393,0.028151005878364666,0.1738361174814943,1.5484614627200337,0.7235093348904216,0.8075070925362712,1.1160976833264653
cvae,3,3,subject30,axis_balanced,0.1067636706581947,0.0691740395449761,0.0782216992551701,0.2307304803497304,1.1573846668903742,0.42628489711613976,0.6880149438342419,1.6139791685999951
cvae,3,3,subject30,raw_rms,0.12142504048569709,0.08578335073587501,0.0956613167552368,0.2653993674128953,1.3146148776124968,0.4721824043262872,0.7830718731616163,1.6584096865678593
cvae,3,3,subject33,axis_balanced,0.049399961221974674,0.023722157226373938,0.03570389253766013,0.14976842841572993,1.7324488815491976,1.006945525896083,0.7199581447493141,0.7149921482680224
cvae,3,3,subject33,raw_rms,0.057130194861037174,0.03543552422098717,0.04795296724297996,0.1517381796040228,2.051627430379925,1.215897084888333,0.8330715296180426,0.6851497054905361
cvae,3,3,subject37,axis_balanced,0.1356853220475208,0.0822321073859068,0.09389618832621001,0.2894317148709274,1.9999739561045982,1.3069941790885131,0.6285085999191077,0.4808809480371399
cvae,3,3,subject37,raw_rms,0.09232507069171086,0.0709841458800647,0.08322583101288909,0.17774464093174025,2.1595145641289384,1.4116381939998472,0.7378644071088943,0.5227007956041279
cvae,3,3,subject40,axis_balanced,0.10138507230215989,0.05312311548803933,0.0636471323957901,0.27180008222749485,1.7468709204459285,0.9995037410964619,0.688047682938861,0.6883893022592075
cvae,3,3,subject40,raw_rms,0.1604545243255343,0.08403071062596927,0.09520869490988293,0.3509802530429072,2.0850809577563885,1.1950279657372869,0.7769175354773029,0.6501249826383554
cvae,8,0,subject05,axis_balanced,0.04969841480630183,0.027550376069423302,0.03388097968376783,0.10068951534638443,0.6685350275218376,0.2000893401137501,0.4641638236800066,2.319782870072593
cvae,8,0,subject05,raw_rms,0.045281290766225564,0.022494962226975834,0.029232861829667136,0.1220694358565031,0.7750698278120837,0.24554834510796067,0.5211180172408673,2.1222623879291316
cvae,8,0,subject13,axis_balanced,0.026433212464470234,0.008822735779808534,0.0154230591098824,0.05603414951207367,0.7599983024374252,0.3405845798649649,0.4234498087136597,1.243302937794627
cvae,8,0,subject13,raw_rms,0.024900957482388967,0.007948413103910134,0.015409228445990466,0.0631206945301315,1.0993950328843987,0.5750148228914392,0.5309680528620915,0.9233988963834702
cvae,8,0,subject19,axis_balanced,0.0232374994124699,0.006135201820996466,0.012366657289351166,0.06620263511436647,0.6482667852245599,0.3048617399402978,0.3445268168116606,1.130108412026811
cvae,8,0,subject19,raw_rms,0.017193937207239267,0.0009941085699910668,0.007854577808216266,0.061639460311797796,0.8269839279809186,0.479171776175523,0.3521727095896659,0.7349612959271278
cvae,8,0,subject24,axis_balanced,0.02286918742200943,0.005158799855219133,0.014440688332889534,0.09346511260620893,1.2137624993639988,0.6008917142698702,0.6159108882935378,1.0249948096587038
cvae,8,0,subject24,raw_rms,0.03301421698052833,0.0161796065458926,0.025277238767308297,0.08905735946073157,1.4432410039854464,0.6527640463348907,0.7960127870901511,1.2194494956631985
cvae,8,0,subject27,axis_balanced,0.0470598222171194,0.023832261573418733,0.031963061512663336,0.14389443025417714,1.0345943536359699,0.4474271354747183,0.5759923990476886,1.2873434652919815
cvae,8,0,subject27,raw_rms,0.055677121371450776,0.03366780002976223,0.042082620719928875,0.13745336865217192,1.3652279126586164,0.6439936517249081,0.7153694044592173,1.110833006727834
cvae,8,0,subject34,axis_balanced,0.038740774368998136,0.011698083599326068,0.019769482606769764,0.14193596014303764,1.0078836499006374,0.543099275726661,0.4535756847312838,0.8351616453997375
cvae,8,0,subject34,raw_rms,0.0379043994434721,0.007167504705431233,0.015949700290526236,0.17653324784496469,1.4169083979278654,0.8647568818662528,0.5318879816997408,0.6150722738995271
cvae,8,0,subject35,axis_balanced,0.03830423473851313,0.013844055988088966,0.024169642065893237,0.14458997591973996,1.292849040590207,0.5898240134266413,0.692674005536488,1.1743740332176873
cvae,8,0,subject35,raw_rms,0.0356892664016257,0.016230492792900533,0.027598406494622463,0.10026345103436828,1.8823257961747037,0.8815464293616184,1.0087236255945842,1.1442660216150642
cvae,8,1,subject08,axis_balanced,0.1713388117836843,0.11309730402498153,0.12613338763369022,0.32741489080188124,2.2790478185817533,1.471540484972622,0.722561646176346,0.4910239667580667
cvae,8,1,subject08,raw_rms,0.0766827000837032,0.052022654266454166,0.06402376208248027,0.19641767691729559,1.3706419811209798,0.5973954376251124,0.747486497082205,1.2512423932358192
cvae,8,1,subject18,axis_balanced,0.04390947438188277,0.015259056635473065,0.025948858493599864,0.17209178393111213,1.9377703421842583,1.2853000539149289,0.6408985545837825,0.49863730467578593
cvae,8,1,subject18,raw_rms,0.040112397124006764,0.012489122123312733,0.0232504052576228,0.14697585229896784,1.9470122717630307,1.4401307269673118,0.5023588890964933,0.34882867207089036
cvae,8,1,subject23,axis_balanced,0.07658774420532297,0.0412272856108214,0.0496252802870277,0.22914873247148201,0.9236753617574921,0.3307994204602921,0.5469692816290888,1.6534771459635762
cvae,8,1,subject23,raw_rms,0.09276000075355056,0.05542078046149344,0.0639605233531128,0.2612843335909441,0.8204421355708297,0.2356683002136246,0.5200666658447025,2.2067739503924853
cvae,8,1,subject25,axis_balanced,0.047392685957426996,0.02218884064581117,0.0359954687444003,0.11918743618517036,2.475398549881257,1.5721578624455026,0.912456955946768,0.5803850731169163
cvae,8,1,subject25,raw_rms,0.04569230619275366,0.0193733548123155,0.0334566588474493,0.12196342759889763,2.5335553541013374,1.6061325253211065,0.9344341553903686,0.5817914404065454
cvae,8,1,subject26,axis_balanced,0.11186312635145233,0.0783219739986119,0.09143517364739427,0.17252184324774197,2.5268454409524344,1.8621554077772864,0.660842064036382,0.3548801895246643
cvae,8,1,subject26,raw_rms,0.05151330296346399,0.0313837397114494,0.043903473815161936,0.16523103362071587,1.8627648813579716,1.1825538414212335,0.6713377914660672,0.567701670698757
cvae,8,1,subject41,axis_balanced,0.250710211974503,0.10095616610164267,0.16252042899277339,0.38511651868402325,3.3292012845051993,2.74589486812147,0.6512552963160885,0.23717415545542242
cvae,8,1,subject41,raw_rms,0.21668291161279904,0.08082547000749381,0.14387392153335063,0.31077269786611,3.5316782231562107,2.9751504204848285,0.6945235841737228,0.2334415024503345
cvae,8,1,subject43,axis_balanced,0.0177811451250129,-0.00018468459558293004,0.009138919464837433,0.08799688174562643,1.163785432651608,0.6051540348171935,0.5614099987940548,0.9277142124048581
cvae,8,1,subject43,raw_rms,0.0176159909582751,0.0007546076410524334,0.010139460444662133,0.07478242431378597,1.0252126684594491,0.5504616161986677,0.47869315913317617,0.8696213233520181
cvae,8,2,subject01,axis_balanced,0.0457550658514948,0.026161522609871733,0.03618540017147797,0.1138021827708595,1.3555628646054698,0.5714328371225053,0.7839707007254267,1.3719384847975704
cvae,8,2,subject01,raw_rms,0.0399811963255797,0.018663540648352333,0.029137766612641235,0.10579174027120503,1.792837327360065,0.8230658871398658,0.9745187731199202,1.1840106464700526
cvae,8,2,subject04,axis_balanced,0.039071122277934696,0.012986750149852498,0.022170506319420902,0.16889223491867286,1.0992330036968498,0.47208843763803693,0.6080962427250761,1.2880981490830752
cvae,8,2,subject04,raw_rms,0.05232235950131663,0.028832182033108434,0.0374962344479147,0.16553843299379933,1.1250915297656041,0.3809203994400054,0.7268305569099428,1.9080903988824518
cvae,8,2,subject10,axis_balanced,0.03263955241757217,0.012231808761256834,0.020831182371889998,0.09023066905832122,1.0198826106088679,0.4675875652174602,0.5534462396036252,1.1836205253795293
cvae,8,2,subject10,raw_rms,0.027018047692965768,0.009887072575506866,0.018728304430962767,0.08022785858148483,1.2284648712951398,0.5924001386842762,0.6414706666178486,1.0828334173630652
cvae,8,2,subject12,axis_balanced,0.02167825611609023,0.006639022467928867,0.014455829686616068,0.0727518082413315,0.8108106133644485,0.4171997651433619,0.3957555916194766,0.9485997468945926
cvae,8,2,subject12,raw_rms,0.02985028487865213,0.0145119601803936,0.0224451167721287,0.08204537145648245,0.9294772226238123,0.5407962786171991,0.3901115455255762,0.7213650702683837
cvae,8,2,subject15,axis_balanced,0.04075698747100437,0.012061047618318234,0.021936453277413934,0.18469168799393051,1.3412895293283678,0.7051915086229502,0.614950386980501,0.8720331703672014
cvae,8,2,subject15,raw_rms,0.03796934453659664,0.0052907835967208675,0.015445210160364334,0.217893731490424,1.7641623482990028,1.071336514279215,0.6608740841197855,0.6168688132173067
cvae,8,2,subject21,axis_balanced,0.07928646032744434,0.028731381813790133,0.041248220421365035,0.27456628655484416,2.42941526371883,1.5686284150971381,0.808002618719352,0.5151013528397139
cvae,8,2,subject21,raw_rms,0.10144944551376857,0.032913179831110397,0.045766953578641835,0.311319421618209,3.6227907232562995,2.625740783351889,0.930744709747275,0.35446938084997587
cvae,8,2,subject36,axis_balanced,0.02514422113275347,0.0066080258598297005,0.014499391263458334,0.10164509440882168,0.8568142274041018,0.4567171125964465,0.3977789987711435,0.8709526921594014
cvae,8,2,subject36,raw_rms,0.018911637618168633,0.0032491759641477005,0.010906668402763298,0.09413452633269061,0.9175200191128069,0.4932706942456473,0.42372463654200776,0.8590103597984968
cvae,8,3,subject02,axis_balanced,0.0778192809329839,0.031144913204095168,0.05923609853720746,0.1665270404110656,1.8283416416104379,1.078646874154883,0.7621871998751905,0.7066142016796388
cvae,8,3,subject02,raw_rms,0.09679510666592617,0.059129756677885836,0.08887940266391281,0.16639475732723277,2.0727615901380023,1.2155304917108936,0.8748285717624467,0.71970927733051
cvae,8,3,subject11,axis_balanced,0.04688879756593164,0.026124096113506034,0.03752341638004656,0.1118737847270345,1.6695543503111558,1.0934115999325662,0.5797408550037301,0.5302128265691386
cvae,8,3,subject11,raw_rms,0.06027844936116893,0.0382158426796445,0.049844925403698635,0.11733320280862651,1.8299193034724617,1.298472046196939,0.5359085109313725,0.4127224090044765
cvae,8,3,subject22,axis_balanced,0.03891560160458297,0.021760689362514865,0.0324504470940124,0.07914383953214531,1.348198812964003,0.5001818099572521,0.8542977186887949,1.7079743838781483
cvae,8,3,subject22,raw_rms,0.03548299550185557,0.01763216374891673,0.029942702954396733,0.09081419797382821,1.78050038507172,0.7235093348904216,1.065054390884354,1.472067241600498
cvae,8,3,subject30,axis_balanced,0.04344513479175336,0.019162628187555233,0.027794030855913365,0.13229514341674203,0.9728057798231559,0.42628489711613976,0.5375855353864735,1.2610944910863455
cvae,8,3,subject30,raw_rms,0.036048435975671735,0.018580776113827566,0.0278444826107298,0.10446671117406814,0.9854186086479338,0.4721824043262872,0.5110438403516496,1.0823017454045332
cvae,8,3,subject33,axis_balanced,0.04874955102288544,0.015707108041133334,0.02727066737326303,0.21134239752370107,1.6447726247311312,1.006945525896083,0.6094991271983825,0.6052950348589987
cvae,8,3,subject33,raw_rms,0.045034592114899,0.006300261905348066,0.018164130753290732,0.26175420506760105,1.847323136424828,1.215897084888333,0.5815731870528359,0.4783079047403482
cvae,8,3,subject37,axis_balanced,0.08587362153063798,0.03703269626310656,0.0488972149429392,0.26756061596383834,2.0143610290672673,1.3069941790885131,0.6527168603047226,0.4994030354136097
cvae,8,3,subject37,raw_rms,0.05747711108108313,0.025305445867046698,0.037525210888963934,0.21461780834845726,2.114093093890039,1.4116381939998472,0.6765437631630921,0.47926144676357857
cvae,8,3,subject40,axis_balanced,0.07222953031637176,0.0321105403201958,0.04256453421086693,0.2276940993786257,1.6508419239608225,0.9995037410964619,0.6140213730094307,0.6143262378746531
cvae,8,3,subject40,raw_rms,0.1085400256257366,0.04826657663834166,0.059236298639791296,0.29525864684039743,1.9105256779291482,1.1950279657372869,0.6449067229677058,0.539658268641289
spline_pca,3,0,subject05,axis_balanced,0.2053337330799352,0.1451928322737548,0.1524275547387696,0.30996003354232,1.016544666491841,0.2000893401137501,0.7286756156719537,3.641751305980138
spline_pca,3,0,subject05,raw_rms,0.1770600561396331,0.1360703910700524,0.1442821055611547,0.1887025186682635,1.3875361363785692,0.2455483451079607,1.1184276964684094,4.554816673582826
spline_pca,3,0,subject13,axis_balanced,0.0764477353804139,0.0519964334016176,0.0594173264076547,0.1101432890524092,0.9585710863309304,0.3405845798649649,0.6147622542376071,1.805020810047678
spline_pca,3,0,subject13,raw_rms,0.102529251183612,0.0846703978906061,0.0934266199650307,0.1059049880040356,1.4906253942862282,0.5750148228914392,0.9184374035277344,1.597241265728435
spline_pca,3,0,subject19,axis_balanced,0.0873564055093982,0.0578411985985687,0.0652303833793059,0.1187314051614483,0.8926770074784626,0.3048617399402978,0.5819550994614011,1.908914839806948
spline_pca,3,0,subject19,raw_rms,0.1179402732779608,0.0929190348944852,0.1015922808303844,0.1239692930686713,1.3400049809302716,0.479171776175523,0.8579384369517954,1.7904611239822446
spline_pca,3,0,subject24,axis_balanced,0.0532622338976651,0.0346782771504581,0.0443352392158176,0.0988936362285521,1.2995122792109088,0.6008917142698702,0.701361870511797,1.1672017667343038
spline_pca,3,0,subject24,raw_rms,0.0929610423782707,0.0758241669015939,0.0857837855640231,0.0907433318697311,1.6813359920900504,0.6527640463348907,1.0362257418398368,1.587443039576075
spline_pca,3,0,subject27,axis_balanced,0.0846002896645531,0.0552238852364674,0.0634286200915021,0.1662675392184599,1.0445210828203717,0.4474271354747183,0.5792475280984306,1.2946186812828226
spline_pca,3,0,subject27,raw_rms,0.1084155617918323,0.0856784776561614,0.0946093281075921,0.1465344693462631,1.480694472106771,0.6439936517249081,0.8292947442296849,1.287737452082728
spline_pca,3,0,subject34,axis_balanced,0.0813154632675613,0.0468933544898333,0.055477432848948,0.1662274618931676,1.133619728218548,0.543099275726661,0.5737041880350309,1.0563523349712092
spline_pca,3,0,subject34,raw_rms,0.0880275479239598,0.0648148081727314,0.0747800262811106,0.1443565834322887,1.7212471268390368,0.8647568818662528,0.8523628553859373,0.9856676174076028
spline_pca,3,0,subject35,axis_balanced,0.0651685763119733,0.0277138483056603,0.0379269016271701,0.2246415899231696,1.252937772451613,0.5898240134266413,0.6247142862479367,1.0591537001326834
spline_pca,3,0,subject35,raw_rms,0.050846385158618,0.0215303036141979,0.032986352784315,0.168721175873596,1.7934790528939926,0.8815464293616184,0.9012265494660532,1.0223245417926388
spline_pca,3,1,subject08,axis_balanced,0.6578785852945832,0.3509025875546716,0.3636874035414666,0.8716931528068759,2.8829898404489582,1.4715404849726217,0.6735638850342598,0.4577270499267246
spline_pca,3,1,subject08,raw_rms,0.2217611792216647,0.1615016686378356,0.1734032703579747,0.4041488331902128,1.4546197713232183,0.5973954376251124,0.7064125526862038,1.1824873579458164
spline_pca,3,1,subject18,axis_balanced,0.1053550041763129,0.0729658506085622,0.0835499714364281,0.176622719675977,1.90446548524217,1.2853000539149289,0.6073118903512619,0.4725059245904758
spline_pca,3,1,subject18,raw_rms,0.0965638670672583,0.0741608911336521,0.0854663576128351,0.116443746301749,2.0830124101251744,1.4401307269673116,0.6507468802960695,0.4518665341350225
spline_pca,3,1,subject23,axis_balanced,0.1820745547108142,0.1218706281618398,0.1308850427462335,0.3456834916850128,1.2415622362222556,0.3307994204602921,0.8016214673492236,2.42328558566942
spline_pca,3,1,subject23,raw_rms,0.1721893391162916,0.1448192550725595,0.1541382431811753,0.2703963191580572,1.1751300260774258,0.2356683002136246,0.8762683291952423,3.718227391638746
spline_pca,3,1,subject25,axis_balanced,0.1731115197669405,0.1219422699020538,0.1348369637831281,0.2978697877042961,2.2538075674307594,1.5721578624455026,0.615521057397069,0.3915135191574347
spline_pca,3,1,subject25,raw_rms,0.114024140346346,0.0822125995867842,0.0957104502661075,0.1481724750821403,2.278330466553003,1.6061325253211065,0.6737029672012854,0.4194566491744479
spline_pca,3,1,subject26,axis_balanced,0.1277806007299542,0.0939406562197728,0.1070686899694773,0.1808199740736386,2.542111507818282,1.8621554077772864,0.67356388503426,0.3617119614298155
spline_pca,3,1,subject26,raw_rms,0.0717808304741201,0.0613727908990408,0.0741434123048238,0.1690564531189113,1.8985202200492963,1.1825538414212335,0.7064125526862041,0.5973618519028389
spline_pca,3,1,subject41,axis_balanced,0.281445754592329,0.1444763294690672,0.2062623611131389,0.3578414858762253,3.457664003427032,2.7458948681214705,0.8016214673492235,0.2919345080016232
spline_pca,3,1,subject41,raw_rms,0.2620632912852858,0.1469934776360772,0.2102984131233553,0.2934875310222125,3.70139371981628,2.9751504204848285,0.8762683291952423,0.2945290843655717
spline_pca,3,1,subject43,axis_balanced,0.0571654316735038,0.0345563059300139,0.0441532383838835,0.1402659446579453,1.2284963515798817,0.6051540348171935,0.615521057397069,1.0171312128539425
spline_pca,3,1,subject43,raw_rms,0.0886473759839303,0.0822727303191999,0.0925456784134837,0.1346633049506062,1.230568357526844,0.5504616161986677,0.6737029672012853,1.2238872745636429
spline_pca,3,2,subject01,axis_balanced,0.047747986145638,0.0200343673538851,0.0296707950055923,0.1836152962423035,1.2812866346244476,0.5714328371225053,0.6882236714960661,1.2043824344461376
spline_pca,3,2,subject01,raw_rms,0.0659564936223733,0.0287777441210671,0.0391941105161971,0.246134425560215,1.773189613885927,0.823065887139866,0.9062387373014932,1.101052481291201
spline_pca,3,2,subject04,axis_balanced,0.0451396146020753,0.0258275769645093,0.0349980713676527,0.0965764600120178,1.07173016872939,0.4720884376380369,0.6005648526532109,1.272144803329584
spline_pca,3,2,subject04,raw_rms,0.0920299786952487,0.0752817952760235,0.0844338272920307,0.1244753462100368,1.216318417336916,0.3809203994400054,0.8310618705534141,2.1817205688515653
spline_pca,3,2,subject10,axis_balanced,0.0560090606896359,0.035892610978492,0.0449914891172891,0.0768699742925223,1.1507896150074872,0.4675875652174602,0.6882236714960662,1.4718605084718093
spline_pca,3,2,subject10,raw_rms,0.0744540731783103,0.0575344764961318,0.0672825342349702,0.0619647853872436,1.4883442973731855,0.5924001386842762,0.9062387373014932,1.52977468795712
spline_pca,3,2,subject12,axis_balanced,0.0642914115471825,0.0411129062352522,0.0498326162523929,0.1198576630713237,1.020809202131402,0.4171997651433619,0.5988697114660422,1.4354507396720446
spline_pca,3,2,subject12,raw_rms,0.0901315398290807,0.0709276172845878,0.0803085174290823,0.124870348993816,1.3597633652089425,0.5407962786171991,0.8161848706629546,1.5092279716678458
spline_pca,3,2,subject15,axis_balanced,0.0578174137292699,0.0270513810000858,0.037199007953706,0.1938266224217102,1.4115921938309948,0.7051915086229502,0.6824424461299395,0.9677405893082384
spline_pca,3,2,subject15,raw_rms,0.0632990377835791,0.0397638389254062,0.0507422853903816,0.1918882525773377,2.0204997426147844,1.071336514279215,0.932147511713819,0.8700791014679071
spline_pca,3,2,subject21,axis_balanced,0.1461258466261595,0.1031793275355065,0.1148909770253573,0.2277749266346083,2.196959758225508,1.568628415097138,0.5988697114660422,0.3817792064087765
spline_pca,3,2,subject21,raw_rms,0.1674924506621535,0.1109721569477548,0.1234559982270206,0.1714631456913623,3.4353488261635645,2.625740783351889,0.8161848706629546,0.3108398497817647
spline_pca,3,2,subject36,axis_balanced,0.0787558799571185,0.0474362882764609,0.0561850865099675,0.1828460063872795,1.0432512876799152,0.4567171125964465,0.5628667034784167,1.2324186853400512
spline_pca,3,2,subject36,raw_rms,0.0791197379170782,0.0666139043860385,0.0755752407374004,0.1069778952327226,1.2382076695973834,0.4932706942456473,0.7451833520419473,1.5106986097796604
spline_pca,3,3,subject02,axis_balanced,0.1095943391894296,0.0474720793968406,0.0750871310786271,0.2575938154168406,1.7564151678574844,1.078646874154883,0.6528086881681602,0.6052107541493912
spline_pca,3,3,subject02,raw_rms,0.077189037002628,0.0334098300428277,0.062977138734953,0.1757251174134133,2.009708917876351,1.2155304917108936,0.8105715552933068,0.6668459251502645
spline_pca,3,3,subject11,axis_balanced,0.0639455094760375,0.0443084434344022,0.055922666155899,0.1160909850458304,1.7421083147312078,1.0934115999325662,0.6528086881681601,0.5970383780530778
spline_pca,3,3,subject11,raw_rms,0.092431192553382,0.0723548008360093,0.0847662436721713,0.1524243841848098,2.111094564243621,1.298472046196939,0.8105715552933069,0.6242502930019702
spline_pca,3,3,subject22,axis_balanced,0.0236647742198664,0.0056470286421236,0.0154454610103865,0.0773283173301836,1.099271621487752,0.5001818099572521,0.6036985396997383,1.2069582053600334
spline_pca,3,3,subject22,raw_rms,0.0239666532545548,0.0097185701765725,0.0215103536148838,0.0555336737248391,1.4707365247390844,0.7235093348904216,0.7585030523104334,1.0483666426022156
spline_pca,3,3,subject30,axis_balanced,0.1106946805104486,0.0674858712410482,0.0762765644043677,0.2502280127509588,1.056724165689569,0.4262848971161398,0.5773731519983002,1.3544302317635166
spline_pca,3,3,subject30,raw_rms,0.0942707764206209,0.0798813327019144,0.0898702795730319,0.1635512880509341,1.2338051280893216,0.4721824043262872,0.7463396683352226,1.58061728157809
spline_pca,3,3,subject33,axis_balanced,0.060964506532757,0.0289586544191636,0.040861287174879,0.2040734821663915,1.7036929806409993,1.006945525896083,0.6721452417637039,0.6675090404374757
spline_pca,3,3,subject33,raw_rms,0.0572847510368565,0.0397659046081072,0.052560514457269,0.1490285783280546,2.07234107966491,1.215897084888333,0.8551779730551651,0.7033308852234841
spline_pca,3,3,subject37,axis_balanced,0.2597266249398033,0.1482865799335659,0.1597843244763263,0.4747538217232817,2.0827218102567384,1.3069941790885131,0.5696053083759243,0.4358131944957568
spline_pca,3,3,subject37,raw_rms,0.1234310476671212,0.0949511999284642,0.1073037836536161,0.2752465143092946,2.178240118913127,1.4116381939998472,0.7124633446347063,0.5047067638599069
spline_pca,3,3,subject40,axis_balanced,0.0813890754641489,0.0422718971392096,0.0525814273590581,0.2280579913240545,1.6390763099155043,0.999503741096462,0.6036985396997383,0.6039982792235247
spline_pca,3,3,subject40,raw_rms,0.1237581461202994,0.0803603526028046,0.0917243770581538,0.262552853925968,2.0028660718749456,1.1950279657372869,0.7585030523104334,0.6347157339054118
spline_pca,8,0,subject05,axis_balanced,0.1415187386598724,0.1132773681461836,0.1210802745253594,0.1153706000738746,1.0171085310006671,0.2000893401137501,0.8127045684863836,4.06170847494606
spline_pca,8,0,subject05,raw_rms,0.1712960666710348,0.1499607139714286,0.158522227900384,0.091022710256258,1.2751609292357204,0.2455483451079607,1.0326612759237066,4.205531401442246
spline_pca,8,0,subject13,axis_balanced,0.0913460565011223,0.0662727402402394,0.0742518660511257,0.0833775480197613,1.05898154089519,0.3405845798649649,0.7212397498750065,2.1176523909595786
spline_pca,8,0,subject13,raw_rms,0.1203297190376018,0.0980353405244738,0.1072268656664772,0.101921772180778,1.669742375320774,0.5750148228914392,1.099894344577358,1.9128104194715936
spline_pca,8,0,subject19,axis_balanced,0.1089245230314295,0.0798730348211449,0.0878395072420068,0.1439084609771247,1.020308192184597,0.3048617399402978,0.7039907493473926,2.309213184590686
spline_pca,8,0,subject19,raw_rms,0.121203121993596,0.0862610103690798,0.0952514710585327,0.1688862796332862,1.4148557489957925,0.479171776175523,0.9201534738335712,1.9202998164410137
spline_pca,8,0,subject24,axis_balanced,0.0607295630804529,0.031419557836393,0.0413331594505881,0.1734738406686702,1.340245790610551,0.6008917142698702,0.7219537588712672,1.2014706505788595
spline_pca,8,0,subject24,raw_rms,0.0883088304368011,0.0692433859372666,0.0792568829419619,0.1143636495525795,1.6049459496891665,0.6527640463348907,0.9543083625513842,1.4619499464003731
spline_pca,8,0,subject27,axis_balanced,0.0884521952978705,0.0564614709062951,0.0650271048032407,0.1798631068076646,1.114847365946841,0.4474271354747183,0.6454194009055494,1.4425128690971372
spline_pca,8,0,subject27,raw_rms,0.1315967945888441,0.096851717365081,0.106102879944581,0.1957056557720155,1.5665118555665931,0.6439936517249081,0.8988635144467524,1.3957645576772175
spline_pca,8,0,subject34,axis_balanced,0.0915745447711855,0.0559553610110427,0.0652959926565895,0.1759607493410025,1.3012849354735072,0.543099275726661,0.7394197420186509,1.361481730995342
spline_pca,8,0,subject34,raw_rms,0.0911678602852104,0.0635845226130223,0.0740375549110852,0.1727013375520088,1.9006162782065483,0.8647568818662528,1.0241768613242592,1.1843523686263802
spline_pca,8,0,subject35,axis_balanced,0.0305601719557349,0.0076279112311968,0.0183942982019603,0.1217573545912228,1.3395808748071725,0.5898240134266413,0.7480239597421041,1.2682155061751124
spline_pca,8,0,subject35,raw_rms,0.0383336803256502,0.0106880569649806,0.0226583100574534,0.1505183478787357,1.9606302689352824,0.8815464293616184,1.0756422921699005,1.2201765628485826
spline_pca,8,1,subject08,axis_balanced,0.3780307572831145,0.2258428994990895,0.2390239193898548,0.6034404578137982,2.581878367640408,1.4715404849726217,0.7689559123102075,0.5225516526135631
spline_pca,8,1,subject08,raw_rms,0.1388388176239856,0.1008323321226063,0.1132092587643757,0.2938164509261978,1.5179564826872565,0.5973954376251124,0.8479368053566396,1.419389489694682
spline_pca,8,1,subject18,axis_balanced,0.0846935478532744,0.0583855572371728,0.0693088782754938,0.1507227849427854,1.9777837696052671,1.2853000539149289,0.6897957675626172,0.5366807271668201
spline_pca,8,1,subject18,raw_rms,0.1127048964165899,0.0841449595713823,0.0957367803305804,0.1538781182325211,2.144403343078843,1.4401307269673116,0.7024493378446472,0.4877677593366089
spline_pca,8,1,subject23,axis_balanced,0.1044028044747771,0.0829494935657431,0.0923757658637141,0.1617594883419349,1.2112322008397305,0.3307994204602921,0.8651517957247253,2.615336491584256
spline_pca,8,1,subject23,raw_rms,0.1265827604726319,0.1294228807457148,0.1390701592268228,0.1351809326231164,1.0508772277458636,0.2356683002136246,0.8062725173005953,3.4212175187317904
spline_pca,8,1,subject25,axis_balanced,0.0785097727419377,0.0507930244038806,0.0643988557271298,0.1583621950769,2.370560469960369,1.5721578624455026,0.7974377580293763,0.5072249912543492
spline_pca,8,1,subject25,raw_rms,0.0765319672815094,0.048142211272291,0.0620676991075087,0.1260553112425197,2.3894170637272474,1.6061325253211065,0.7918391736420554,0.4930098613648004
spline_pca,8,1,subject26,axis_balanced,0.1035866778772744,0.0758000493715617,0.0893242870252363,0.1236658508424883,2.619305981174202,1.8621554077772864,0.7689559123102075,0.4129386350347911
spline_pca,8,1,subject26,raw_rms,0.0512161921110514,0.0426901547680936,0.0559361010955069,0.0975586860136274,2.0198027168230377,1.1825538414212335,0.8479368053566398,0.717038646069223
spline_pca,8,1,subject41,axis_balanced,0.2209781483188808,0.0774901531207749,0.1396880424784238,0.3953094992472812,3.548883983580436,2.7458948681214705,0.8651517957247253,0.3150709831496919
spline_pca,8,1,subject41,raw_rms,0.2235885512845858,0.0972853373305901,0.1609185631903604,0.2973927876805302,3.6342887456529698,2.9751504204848285,0.8062725173005953,0.2710022699185763
spline_pca,8,1,subject43,axis_balanced,0.0697256257642588,0.0404550311816501,0.0507631010776947,0.1954180423081058,1.4274107557356668,0.6051540348171935,0.7974377580293763,1.3177434374543473
spline_pca,8,1,subject43,raw_rms,0.0844127814145954,0.0716483263459026,0.0823489115960807,0.152953451343371,1.3529806481582365,0.5504616161986677,0.7918391736420556,1.4385002520434995
spline_pca,8,2,subject01,axis_balanced,0.0522067804897674,0.028641666815257,0.038851839220821,0.1322192546352561,1.3768792927155349,0.5714328371225053,0.8009886837403688,1.4017197327577635
spline_pca,8,2,subject01,raw_rms,0.0631630949986408,0.0340892556888121,0.0449500657999122,0.1847011083628272,1.903306505351375,0.823065887139866,1.064139121315793,1.2928966416208192
spline_pca,8,2,subject04,axis_balanced,0.0678086554885046,0.0409562248912064,0.0508425026794968,0.160460046941644,1.2232093625540137,0.4720884376380369,0.7367585801710881,1.560636782076796
spline_pca,8,2,subject04,raw_rms,0.1043386584473198,0.0863502029705987,0.0959826571462716,0.0982005836882645,1.3811185513824524,0.3809203994400054,1.0031468028790569,2.633481442195776
spline_pca,8,2,subject10,axis_balanced,0.0832587259540489,0.0610138681610994,0.0706864910537531,0.0762433208328687,1.2625189698403112,0.4675875652174602,0.8009886837403688,1.713023919632795
spline_pca,8,2,subject10,raw_rms,0.1062815435870947,0.086350115447645,0.0965426169024535,0.1040722430678314,1.6519202420031154,0.5924001386842762,1.064139121315793,1.7963181502273975
spline_pca,8,2,subject12,axis_balanced,0.0564079402102599,0.0360516215557389,0.0453033785155458,0.085782804172415,1.0999623520229138,0.4171997651433619,0.6857540675636031,1.6437067440053763
spline_pca,8,2,subject12,raw_rms,0.0724879475030815,0.0517131161408029,0.0613810971181688,0.0933886326610203,1.3527888123761391,0.5407962786171991,0.8160806163921038,1.5090351924735854
spline_pca,8,2,subject15,axis_balanced,0.0471155064200587,0.0192464320799539,0.0296855953557968,0.1563336952754169,1.4222881662435227,0.7051915086229502,0.7064671597704127,1.0018089428642634
spline_pca,8,2,subject15,raw_rms,0.0568342746364123,0.033163096706695,0.0441871646054439,0.1783679840277562,1.954949713901979,1.071336514279215,0.871094673096931,0.8130915557218688
spline_pca,8,2,subject21,axis_balanced,0.0908159486528423,0.0607294133714567,0.0729731098039738,0.1364384641552754,2.249854115319904,1.568628415097138,0.6857540675636032,0.4371679493776974
spline_pca,8,2,subject21,raw_rms,0.1481033874253567,0.0936629896322468,0.1064339117443842,0.127747474727067,3.422165247647069,2.625740783351889,0.8160806163921039,0.3108001450738546
spline_pca,8,2,subject36,axis_balanced,0.0619518977458866,0.0382187926621375,0.0474149908018215,0.1268142491668786,1.1016327475824268,0.4567171125964465,0.6392353772557573,1.3996308866591194
spline_pca,8,2,subject36,raw_rms,0.0839599995877196,0.0683008094782984,0.0775936726188857,0.0993769443242447,1.300445196244221,0.4932706942456473,0.8095255567330769,1.64113855977411
spline_pca,8,3,subject02,axis_balanced,0.0935283327179348,0.0338484047694395,0.0620060624110616,0.2479267015279838,1.8927813228899948,1.078646874154883,0.7952487682787182,0.7372651674365566
spline_pca,8,3,subject02,raw_rms,0.1069032387677817,0.0596254662886555,0.0896494999029698,0.2147364484019548,2.188255077915333,1.2155304917108936,0.9752576742748068,0.8023309007264015
spline_pca,8,3,subject11,axis_balanced,0.0478480740593225,0.0225271312177849,0.0346839598991172,0.1755828335983925,1.9007136088197076,1.0934115999325662,0.7952487682787182,0.727309613623784
spline_pca,8,3,subject11,raw_rms,0.0655258120576682,0.041559628591746,0.054427796350097,0.214261192008033,2.2970829644068598,1.298472046196939,0.9752576742748068,0.7510809933345995
spline_pca,8,3,subject22,axis_balanced,0.0243915969551307,0.0064904232454655,0.0168348973948843,0.047678501861936,1.2041449904875834,0.5001818099572521,0.7131907730992177,1.4258630739893767
spline_pca,8,3,subject22,raw_rms,0.0271568452906796,0.0121986627372898,0.0244520254785896,0.030835716228241,1.6308447897450682,0.7235093348904216,0.9221078380530068,1.274493352864153
spline_pca,8,3,subject30,axis_balanced,0.0547782944528532,0.0331937401862485,0.0423979446516356,0.0897177528023357,1.0724634015846009,0.4262848971161398,0.6482679611671319,1.5207387490214404
spline_pca,8,3,subject30,raw_rms,0.0653772528906804,0.0527409329523953,0.0629857721973961,0.0751465610213574,1.202309834562966,0.4721824043262872,0.7358590545504433,1.5584211690403236
spline_pca,8,3,subject33,axis_balanced,0.0498470690097303,0.0247754025720524,0.0368594267938691,0.1599949989703904,1.7000563923405243,1.006945525896083,0.6846605339931223,0.6799380069580638
spline_pca,8,3,subject33,raw_rms,0.0561415597820886,0.0422075148824977,0.0550516373704176,0.1408271556007417,2.0065107721356408,1.215897084888333,0.7911916757858711,0.6507061211175891
spline_pca,8,3,subject37,axis_balanced,0.0858316436097936,0.0480637486823389,0.0600720592035315,0.2185371811942882,2.0137690583152974,1.3069941790885131,0.6791985249154958,0.5196645369829903
spline_pca,8,3,subject37,raw_rms,0.0798066925563643,0.0627262522244227,0.0754106346554752,0.1225462463753946,2.166695701337869,1.4116381939998472,0.7620754221776908,0.5398518015571441
spline_pca,8,3,subject40,axis_balanced,0.0838534097166627,0.0483560901627418,0.0592116621637464,0.2122653794265026,1.7407022519329696,0.999503741096462,0.7131907730992177,0.7135448760970549
spline_pca,8,3,subject40,raw_rms,0.1349713669445955,0.0995255208106092,0.111351124568947,0.2518853701328812,2.1596197229853047,1.1950279657372869,0.9221078380530068,0.7716203005208345
unconditional_vae,3,0,subject05,axis_balanced,0.13247221445929735,0.08428890949982996,0.0909470668624535,0.2651535350192882,0.8227658466481964,0.2000893401137501,0.559202501856375,2.7947640865748773
unconditional_vae,3,0,subject05,raw_rms,0.09419732810428257,0.0567885084118687,0.0640179079837858,0.2132534036409909,0.9970722328456257,0.24554834510796067,0.7147220895486646,2.910718413656672
unconditional_vae,3,0,subject13,axis_balanced,0.027242176330423532,0.010230903236618199,0.016841256605805335,0.07941673494385924,0.7849411571849464,0.3405845798649649,0.44521444460772036,1.307206699681586
unconditional_vae,3,0,subject13,raw_rms,0.029165569644827433,0.013003861108207468,0.020613958881038032,0.07743544639696291,1.170067695535143,0.5750148228914392,0.6001923522588543,1.0437858788418892
unconditional_vae,3,0,subject19,axis_balanced,0.04416448807146026,0.022865740017123964,0.029561350041099204,0.10592481919371294,0.7413132713178522,0.3048617399402978,0.4320126196936985,1.417077196299874
unconditional_vae,3,0,subject19,raw_rms,0.03903967222042587,0.014686891668746834,0.0221803449981149,0.12385057019526687,0.9762183541273979,0.479171776175523,0.490382725678886,1.0233965146963422
unconditional_vae,3,0,subject24,axis_balanced,0.03808740299055647,0.017988862548101833,0.027493566510202,0.11140054311636745,1.2665315275493343,0.6008917142698702,0.6650173864927509,1.1067175178156656
unconditional_vae,3,0,subject24,raw_rms,0.0584428898044012,0.038176851226814634,0.0477547507234564,0.108070534909873,1.5889317502531772,0.6527640463348907,0.9392889355209036,1.4389409784358982
unconditional_vae,3,0,subject27,axis_balanced,0.12683798170049163,0.08074191199973237,0.089340742158799,0.2795874420732796,1.2104148098560312,0.4474271354747183,0.6953644060810401,1.5541399949809962
unconditional_vae,3,0,subject27,raw_rms,0.14243559081532162,0.0986576807843028,0.10775225481433943,0.2676119398054646,1.6729867507422103,0.6439936517249081,0.9725995756640762,1.5102626758183282
unconditional_vae,3,0,subject34,axis_balanced,0.04251102317759603,0.01570076293983973,0.0239194652307607,0.12750097200486746,1.0462196460660769,0.543099275726661,0.4969666987394971,0.9150568246929828
unconditional_vae,3,0,subject34,raw_rms,0.0381495810672565,0.010038603984108966,0.019151477984896033,0.13626695573061062,1.4984114879440842,0.8647568818662528,0.6295735073066685,0.72803526691568
unconditional_vae,3,0,subject35,axis_balanced,0.11226805505900377,0.05836915871555217,0.06842515423184765,0.3108997380021214,1.2834052249028638,0.5898240134266413,0.6086287440916065,1.0318819346735602
unconditional_vae,3,0,subject35,raw_rms,0.06653262273642674,0.031431405358452,0.04261844990152543,0.21558257974683104,1.8159212212745557,0.8815464293616184,0.9056923567926916,1.0273904205460382
unconditional_vae,3,1,subject08,axis_balanced,0.42716438629276093,0.25763409609301124,0.27024294391831294,0.6277064180326755,2.4932307765971835,1.471540484972622,0.6475259845885096,0.44003273521934866
unconditional_vae,3,1,subject08,raw_rms,0.22696915457099853,0.1602413592276236,0.17177017079854684,0.40223918954479077,1.4229795427904106,0.5973954376251124,0.6730767367227708,1.1266854320122064
unconditional_vae,3,1,subject18,axis_balanced,0.14158725572744296,0.0881511087677813,0.09942665381916582,0.30009921888648655,2.161281767776114,1.2853000539149289,0.8064866872384794,0.6274695817385059
unconditional_vae,3,1,subject18,raw_rms,0.11282805741804842,0.07106312531105613,0.082749320336573,0.2020188970275003,2.305993096368491,1.4401307269673118,0.8476059164510493,0.5885617885787172
unconditional_vae,3,1,subject23,axis_balanced,0.12409336866533764,0.08539642179055891,0.09456557324275554,0.26049354888830833,1.232089806562449,0.3307994204602921,0.8440260304773107,2.5514737278042614
unconditional_vae,3,1,subject23,raw_rms,0.1306670216085144,0.09541741508476699,0.10450097507990834,0.276023085391851,1.0739012448488061,0.2356683002136246,0.7708847553691114,3.271058325071012
unconditional_vae,3,1,subject25,axis_balanced,0.1351451664721842,0.0739838906903101,0.087287064845584,0.32701294328786107,2.411405630792404,1.5721578624455026,0.7555770586393636,0.4805987214693938
unconditional_vae,3,1,subject25,raw_rms,0.09575613186780287,0.05041488579239247,0.06416199716772943,0.24299197271968853,2.4739994707273865,1.6061325253211065,0.8214645270304972,0.5114550101438645
unconditional_vae,3,1,subject26,axis_balanced,0.13493890237048076,0.09409511389901416,0.1071363412895542,0.21587513389128196,2.556316406660001,1.8621554077772864,0.6738065498811058,0.36184227539063324
unconditional_vae,3,1,subject26,raw_rms,0.07587516889939966,0.045936021414564564,0.05855280265730023,0.23514486779334168,1.9287057648633115,1.1825538414212335,0.7094194276631122,0.5999045479489608
unconditional_vae,3,1,subject41,axis_balanced,0.27991966879863034,0.11138359031875496,0.17324022320536936,0.4450626632283016,3.5265994297863794,2.74589486812147,0.7996038275857238,0.29119972394746163
unconditional_vae,3,1,subject41,raw_rms,0.22955533620579494,0.09601739606477816,0.1592956057703747,0.31363739792209056,3.673767415161881,2.9751504204848285,0.8360085005927208,0.2809970530688278
unconditional_vae,3,1,subject43,axis_balanced,0.06219374450256654,0.028818968227106365,0.038701671313327836,0.20462334170843108,1.3574580817811563,0.6051540348171935,0.720334756430918,1.1903328987115136
unconditional_vae,3,1,subject43,raw_rms,0.0686040487322685,0.04350650388522196,0.05363150250013946,0.1834507232550284,1.255016031347469,0.5504616161986677,0.68137505372705,1.237824824975869
unconditional_vae,3,2,subject01,axis_balanced,0.03734266296020697,0.0163783546778548,0.025976457255108765,0.12928754521150942,1.2745801257835636,0.5714328371225053,0.6982624412620564,1.2219501503942467
unconditional_vae,3,2,subject01,raw_rms,0.04144306125948733,0.016638321743913533,0.02672431645330857,0.1565292587605842,1.6726888942000677,0.8230658871398658,0.8408752486934281,1.0216378321976742
unconditional_vae,3,2,subject04,axis_balanced,0.03682324138125827,0.015705639109667335,0.024962013114321367,0.1165935735087474,1.1002054308554041,0.47208843763803693,0.6233163730848302,1.3203381472408438
unconditional_vae,3,2,subject04,raw_rms,0.06471134329278559,0.04184565367289997,0.050621652425174135,0.15300642648050516,1.1286756368648854,0.3809203994400054,0.731706537429398,1.9208909223687847
unconditional_vae,3,2,subject10,axis_balanced,0.0484162462026946,0.027678757318748432,0.0367559704386099,0.11665362786796778,1.176971437557455,0.4675875652174602,0.7068549421050022,1.5117060304549934
unconditional_vae,3,2,subject10,raw_rms,0.054434802514894964,0.03167485638243737,0.041009515166057935,0.14101204596372793,1.3968410797584936,0.5924001386842762,0.7976230210973734,1.3464261214875781
unconditional_vae,3,2,subject12,axis_balanced,0.0499990813353465,0.025395137732572168,0.03386272619685054,0.15337148660826627,0.9756152969644688,0.4171997651433619,0.5426107062444445,1.3006016579563218
unconditional_vae,3,2,subject12,raw_rms,0.0628790632237305,0.0326425939057858,0.0413329151054051,0.189251171895802,1.1770250654346537,0.5407962786171991,0.6075526421017634,1.123440870664381
unconditional_vae,3,2,subject15,axis_balanced,0.046935032792318136,0.020899731152071232,0.0312304793735048,0.15596681278655403,1.4583361158843526,0.7051915086229502,0.740917340910098,1.0506611776379875
unconditional_vae,3,2,subject15,raw_rms,0.04730949539974333,0.020110162383045,0.03085683217364497,0.1683417025500117,1.9705708196135188,1.071336514279215,0.8862533740093298,0.8272408922845242
unconditional_vae,3,2,subject21,axis_balanced,0.09320042850239141,0.047517773904558434,0.0600253425706501,0.24871021411743424,2.401780329526684,1.5686284150971381,0.7952038482054208,0.5069421416519332
unconditional_vae,3,2,subject21,raw_rms,0.10542907185209831,0.0423940601041762,0.05528373094759146,0.2655191845547593,3.6286065293691205,2.625740783351889,0.9686407923099476,0.3689019108251155
unconditional_vae,3,2,subject36,axis_balanced,0.07868549368727752,0.044674795235716734,0.0531019828997862,0.20350026358824422,0.9990667802743695,0.4567171125964465,0.5100589903949388,1.1167941299489363
unconditional_vae,3,2,subject36,raw_rms,0.0608217350657335,0.03707327817932594,0.04529817291813357,0.16465985214501117,1.0935692962414898,0.4932706942456473,0.5834991818601781,1.1829188084090745
unconditional_vae,3,3,subject02,axis_balanced,0.2570138373809215,0.1415911114296429,0.16879528235864685,0.43159587841351693,1.8308166919528184,1.078646874154883,0.5826810387762328,0.5401962892005429
unconditional_vae,3,3,subject02,raw_rms,0.3494909640036914,0.17337246091563432,0.20236159085790065,0.5579646954648882,2.2684715444487837,1.2155304917108936,0.7279541001497547,0.5988776958816876
unconditional_vae,3,3,subject11,axis_balanced,0.08470571819218163,0.05023423220845372,0.062453008410041734,0.21640977800441596,2.0049381055478777,1.0934115999325662,0.877973631762187,0.802967182547116
unconditional_vae,3,3,subject11,raw_rms,0.10457401863324471,0.06890429606926533,0.08145654573435664,0.21431306397905703,2.252809464273155,1.298472046196939,0.9228125045355213,0.7106910828294862
unconditional_vae,3,3,subject22,axis_balanced,0.06370743974214772,0.03163908330954677,0.04153280566237977,0.19793033190069498,1.1855990141786095,0.5001818099572521,0.656898777051481,1.313320004795102
unconditional_vae,3,3,subject22,raw_rms,0.037491762699747404,0.0158017393231933,0.027538953617376332,0.12241220013486846,1.6058764118218427,0.7235093348904216,0.8823850034555201,1.219590350674827
unconditional_vae,3,3,subject30,axis_balanced,0.12326085306726953,0.08080953367072209,0.09018927882357314,0.2604870935551731,1.261353206975089,0.42628489711613976,0.7773628289129473,1.823575815544686
unconditional_vae,3,3,subject30,raw_rms,0.1392371222924248,0.0971668857598358,0.10743156221797107,0.2860409436303462,1.480404589116625,0.4721824043262872,0.9378802270748959,1.9862667869063637
unconditional_vae,3,3,subject33,axis_balanced,0.04465592514280253,0.020730736364399233,0.03309482416208077,0.14478141993105378,1.8417308705101185,1.006945525896083,0.8309212398852877,0.8251898623273078
unconditional_vae,3,3,subject33,raw_rms,0.051476367836096826,0.0311329779892705,0.0440024191137424,0.13734867102170614,2.176746199109869,1.215897084888333,0.9606675373170944,0.7900895143648786
unconditional_vae,3,3,subject37,axis_balanced,0.1521518789032917,0.09162324471229914,0.10344022096296412,0.31531308604617897,2.0580475194528307,1.3069941790885131,0.6709680902950437,0.5133673133593993
unconditional_vae,3,3,subject37,raw_rms,0.1064248331495624,0.07438065143881717,0.08687807318875163,0.21033501823823483,2.285917508620501,1.4116381939998472,0.8511851676209026,0.6029768613791097
unconditional_vae,3,3,subject40,axis_balanced,0.11138268699497682,0.057964604894603096,0.0688636401854546,0.2950820245574228,1.8640782050425788,0.9995037410964619,0.7946807908897083,0.7950753541131705
unconditional_vae,3,3,subject40,raw_rms,0.1794554499076121,0.09268267832376657,0.10419005112734153,0.39683768799689517,2.267919591914979,1.1950279657372869,0.9352163517590077,0.7825895113525773
unconditional_vae,8,0,subject05,axis_balanced,0.05120684743442624,0.029771456303838,0.036273415505497564,0.09282908469796486,0.6902664678070184,0.2000893401137501,0.4876006073052528,2.436914465448551
unconditional_vae,8,0,subject05,raw_rms,0.050786820583788396,0.027850077750442567,0.03484579085862797,0.11825618525129762,0.8319390511918116,0.24554834510796067,0.578992432605224,2.3579569732007646
unconditional_vae,8,0,subject13,axis_balanced,0.027887669826903837,0.010066931315915366,0.016672853301839367,0.05683855537720373,0.7551055024713721,0.3405845798649649,0.4185506963688956,1.2289185157321059
unconditional_vae,8,0,subject13,raw_rms,0.026031102974935768,0.008663595865732001,0.01610490932285147,0.07701444266404574,1.0860642349529928,0.5750148228914392,0.5157185618885772,0.8968787261784087
unconditional_vae,8,0,subject19,axis_balanced,0.02662451244858117,0.008901450637452167,0.015221830144857333,0.07791213970088927,0.6612932652101391,0.3048617399402978,0.35662707472997585,1.1697993811877327
unconditional_vae,8,0,subject19,raw_rms,0.022823778128068798,0.004221415151718543,0.011226361430423,0.08419376404472519,0.847506628631177,0.479171776175523,0.36922631053159316,0.7705510401270875
unconditional_vae,8,0,subject24,axis_balanced,0.025014568449625966,0.005446547015179,0.014745030072693099,0.10387212723884641,1.1981093351819558,0.6008917142698702,0.5977484745064038,0.9947690412618093
unconditional_vae,8,0,subject24,raw_rms,0.031093888375580036,0.013659661865134934,0.02278234143445097,0.08705377701599488,1.3748677664688744,0.6527640463348907,0.7278175921177074,1.1149780632132298
unconditional_vae,8,0,subject27,axis_balanced,0.047006308865622404,0.022241449995341334,0.0303806678771807,0.15905641463175338,1.0284310716903493,0.4474271354747183,0.5651845640777379,1.263187945626229
unconditional_vae,8,0,subject27,raw_rms,0.04960004858664816,0.027060839467334036,0.0354373222224498,0.14014317315913527,1.3155504939599416,0.6439936517249081,0.6638248516552715,1.030794092266665
unconditional_vae,8,0,subject34,axis_balanced,0.0422738950143707,0.016214405220842634,0.024351793355791396,0.13873436910474216,1.0397987016378305,0.543099275726661,0.48712035329937864,0.8969269064990316
unconditional_vae,8,0,subject34,raw_rms,0.039902167690404965,0.010198146472628433,0.019050841341615367,0.16387668114794265,1.4520259427861202,0.8647568818662528,0.5722182515275814,0.6617099713536404
unconditional_vae,8,0,subject35,axis_balanced,0.043648489770079735,0.017059908806059967,0.027403935971639665,0.17175884206181122,1.28458355524693,0.5898240134266413,0.6775011176919999,1.1486496010157161
unconditional_vae,8,0,subject35,raw_rms,0.03908248362408897,0.018530400805254733,0.029857846863232004,0.12466221054565042,1.8244095462906351,0.8815464293616184,0.945406546556256,1.0724410139587117
unconditional_vae,8,1,subject08,axis_balanced,0.18503314528096773,0.10970072891779865,0.1229986007515057,0.38396988726817893,2.4324602463425,1.471540484972622,0.8347543742749228,0.567265653102608
unconditional_vae,8,1,subject08,raw_rms,0.09047797235013873,0.06296246094340203,0.07510331833667154,0.21829169184791097,1.4374969320448823,0.5973954376251124,0.8050566171222352,1.3476109230473197
unconditional_vae,8,1,subject18,axis_balanced,0.0385459573855351,0.011857477331164268,0.0225032913635879,0.14880477762479974,1.921352519759443,1.2853000539149289,0.6326948781663283,0.4922546110841483
unconditional_vae,8,1,subject18,raw_rms,0.03853023866914957,0.012043898868948166,0.022919913302124867,0.1280072240375114,2.002930040336071,1.4401307269673118,0.5657660459606577,0.3928574228480437
unconditional_vae,8,1,subject23,axis_balanced,0.0650013819287727,0.0374197771057797,0.0461861235767769,0.18732970543336214,1.0466092950277965,0.3307994204602921,0.689842865230368,2.085381117870411
unconditional_vae,8,1,subject23,raw_rms,0.07822800977875514,0.05143893908214653,0.060231316090574104,0.21929960622892633,0.898451224759754,0.2356683002136246,0.6218037958708781,2.6384702367999258
unconditional_vae,8,1,subject25,axis_balanced,0.03731552146073643,0.012588266559612635,0.026636877153858332,0.10832441925086417,2.5612919894937485,1.5721578624455026,1.002665843748648,0.6377640997126042
unconditional_vae,8,1,subject25,raw_rms,0.034512381773669935,0.008943069226772566,0.02322995899316277,0.11478346618159957,2.6499613603166563,1.6061325253211065,1.0568355312990552,0.6580002052369666
unconditional_vae,8,1,subject26,axis_balanced,0.1022891361202178,0.06814555592658793,0.08152509323044353,0.1667482672783419,2.6083613066084776,1.8621554077772864,0.7439569343884495,0.39951388121599063
unconditional_vae,8,1,subject26,raw_rms,0.047330327975433566,0.029369498843926933,0.04214773844740074,0.13825334381280618,1.929188073624493,1.1825538414212335,0.7457218003640841,0.6306028311301667
unconditional_vae,8,1,subject41,axis_balanced,0.20892799966252892,0.06261232204450183,0.12469087602373946,0.37397108575268345,3.543018312546207,2.74589486812147,0.8756265185690651,0.3188856677415699
unconditional_vae,8,1,subject41,raw_rms,0.18681473809844426,0.0572662179831318,0.12066697567618202,0.2793022468586994,3.696057970723391,2.9751504204848285,0.8790123128920421,0.29545138519376063
unconditional_vae,8,1,subject43,axis_balanced,0.0212578718766212,0.0014433892652444,0.010724482701183534,0.1182640245559453,1.1450025403383999,0.6051540348171935,0.5367579174430638,0.886977342231898
unconditional_vae,8,1,subject43,raw_rms,0.023139037079623465,0.003970850896282433,0.013372014509078066,0.11571006376432906,1.031547725838539,0.5504616161986677,0.475977018322943,0.8646870268810125
unconditional_vae,8,2,subject01,axis_balanced,0.0427263120880764,0.022509378362780566,0.032478724912488766,0.11955305386928707,1.3478719018554912,0.5714328371225053,0.7739907701601153,1.3544737366819983
unconditional_vae,8,2,subject01,raw_rms,0.048527614790084134,0.023836921919466365,0.034412724534482735,0.13446727384541954,1.8301962646291534,0.8230658871398658,1.0041207083466699,1.219976096732626
unconditional_vae,8,2,subject04,axis_balanced,0.0430566598377572,0.0188402724777017,0.028224526242085435,0.15435591801326162,1.1038506039261977,0.47208843763803693,0.6183304330144482,1.3097766937654576
unconditional_vae,8,2,subject04,raw_rms,0.06632292389404464,0.03943285267716607,0.04830563059111633,0.1870681460721729,1.130409159358687,0.3809203994400054,0.7244726435389013,1.901900356620321
unconditional_vae,8,2,subject10,axis_balanced,0.0251357185595831,0.006859346692031699,0.015397914633951099,0.0827423160556532,0.9987372882195276,0.4675875652174602,0.5339461783215823,1.1419169756433982
unconditional_vae,8,2,subject10,raw_rms,0.0270762282413002,0.009264633265881466,0.01815326642733747,0.09376533532132507,1.219237339642346,0.5924001386842762,0.6298073479969667,1.063145173118582
unconditional_vae,8,2,subject12,axis_balanced,0.026293896197840002,0.010034904972865301,0.017700535697597098,0.08182387702400663,0.7899845073729564,0.4171997651433619,0.3735606349734895,0.8953999167404213
unconditional_vae,8,2,subject12,raw_rms,0.038962946259558165,0.022459975548010366,0.030313467951510065,0.09896155146148027,0.9325785585476609,0.5407962786171991,0.39080689105477634,0.7226508511746023
unconditional_vae,8,2,subject15,axis_balanced,0.038127710834963635,0.008267089709207533,0.0178148660300933,0.19331353330709547,1.2568816805569603,0.7051915086229502,0.5266256016671159,0.7467838101106384
unconditional_vae,8,2,subject15,raw_rms,0.04287101184588287,0.004656352860825199,0.014379533291173233,0.2541743020137608,1.6438906191291363,1.071336514279215,0.5242703901177119,0.48936107668320816
unconditional_vae,8,2,subject21,axis_balanced,0.0773341118732023,0.029852758517289166,0.04207030650679827,0.25651357858646856,2.326634626248017,1.5686284150971381,0.7134531765386015,0.4548261204961154
unconditional_vae,8,2,subject21,raw_rms,0.10789390331265984,0.03726644950235697,0.049883373774175004,0.32376420682216794,3.5278130910022214,2.625740783351889,0.8288664198383918,0.31566955317664763
unconditional_vae,8,2,subject36,axis_balanced,0.020174522046997434,0.0016475728641328,0.009693172063048835,0.10597113253299496,0.8766751197344008,0.4567171125964465,0.4172625344176937,0.9136126563017255
unconditional_vae,8,2,subject36,raw_rms,0.02047580602561753,0.0029802507335782665,0.010814071616224268,0.12764955792956584,0.9666273928769572,0.4932706942456473,0.46641725073495094,0.9455604319819506
unconditional_vae,8,3,subject02,axis_balanced,0.07511687884687107,0.02638709626559457,0.05440177292564519,0.1802192789534024,1.816238888974315,1.078646874154883,0.7471823888876069,0.6927034294453617
unconditional_vae,8,3,subject02,raw_rms,0.0951035738768104,0.052123447426663604,0.0817268909575858,0.1864642495184007,2.0264628048614384,1.2155304917108936,0.8233045872627537,0.6773212131469686
unconditional_vae,8,3,subject11,axis_balanced,0.047266336008658504,0.02506600846950127,0.03640324110592524,0.13026909346814466,1.6641646250611455,1.0934115999325662,0.5706325718334598,0.5218826760834184
unconditional_vae,8,3,subject11,raw_rms,0.055756623431336805,0.03192481596178063,0.04351135286577737,0.144909530886768,1.8344442357573183,1.298472046196939,0.5337758479164639,0.4110799685521349
unconditional_vae,8,3,subject22,axis_balanced,0.037309170682373737,0.020586866268614768,0.0311764407628785,0.07125251201318117,1.2871776976197955,0.5001818099572521,0.7936133189910161,1.5866497005535685
unconditional_vae,8,3,subject22,raw_rms,0.03114228135481267,0.0132590518610097,0.025396853822533733,0.07084845948437667,1.6628048402738147,0.7235093348904216,0.9492853462433365,1.3120568048885086
unconditional_vae,8,3,subject30,axis_balanced,0.03917815517822263,0.018822829732009768,0.027568875035003337,0.09804805557887303,0.9932903532582557,0.42628489711613976,0.5667471601216888,1.3295032593361629
unconditional_vae,8,3,subject30,raw_rms,0.032664704788932304,0.017134813145851066,0.026472668352752537,0.08393984948684423,0.9879541990151918,0.4721824043262872,0.5182225423847185,1.0975049845919644
unconditional_vae,8,3,subject33,axis_balanced,0.06169185577635527,0.0228503335352598,0.0342765009961664,0.24179457447535865,1.6014873495226738,1.006945525896083,0.548955650483547,0.5451691639376718
unconditional_vae,8,3,subject33,raw_rms,0.06838785437901833,0.017529075937625933,0.029261453619372397,0.30951563887984884,1.8194220936280743,1.215897084888333,0.5161019051785417,0.42446183282521815
unconditional_vae,8,3,subject37,axis_balanced,0.08042747207849106,0.03503226536801166,0.046801204893626734,0.2554062622546711,1.9653826952370395,1.3069941790885131,0.6116732517037407,0.46799998155333505
unconditional_vae,8,3,subject37,raw_rms,0.059751873170644364,0.026188130963095566,0.0382841337503653,0.22236452908997975,2.056684370056578,1.4116381939998472,0.615143445962555,0.43576565764316627
unconditional_vae,8,3,subject40,axis_balanced,0.0559872654534671,0.021194640483680135,0.031567543404326597,0.19804852645702856,1.60888246751989,0.9995037410964619,0.5861055564013824,0.586396560915741
unconditional_vae,8,3,subject40,raw_rms,0.0802276579422197,0.032389155305956534,0.043201346807494434,0.24445558093886474,1.842599183827043,1.1950279657372869,0.6060358927755112,0.5071311384764206
