model_family,latent_dim,fold,seed,subject,n_context,n_query,n_generated,feature_reproduction_error,geometry,energy,mmd2,mmd2_biased_diagnostic,mean_path_rmse,all_pairs_mse_diagnostic,recorded_dispersion,generated_dispersion,dispersion_ratio
condition_ridge,0,0,42,subject05,90,90,120,5.551115123125783e-17,raw_rms,0.3569517093672179,0.1633747432020488,0.1711404039957685,0.6744269061665316,1.7342309618925282,0.2455483451079607,1.0452698621534644,4.256880092976756
condition_ridge,0,0,42,subject05,90,90,120,5.551115123125783e-17,axis_balanced,0.3826896121127829,0.2281015795216183,0.23545303718957,0.5909962516145318,1.348322063283007,0.2000893401137501,0.8079119683734276,4.037756173887785
condition_ridge,0,0,42,subject13,90,90,120,9.714451465470121e-17,raw_rms,0.469622431209902,0.1953043303561144,0.2042251169849156,0.8297583728032115,2.6115378271165097,0.5750148228914392,1.3657947232696337,2.3752339398866087
condition_ridge,0,0,42,subject13,90,90,120,9.714451465470121e-17,axis_balanced,0.2991395421213534,0.1605415048958414,0.1686962616637315,0.5621736949286767,1.6991641983155636,0.3405845798649649,1.0551172722256623,3.097959610044576
condition_ridge,0,0,42,subject19,88,90,120,2.220446049250313e-16,raw_rms,0.7047324614839072,0.2909445794874592,0.299852100517141,1.040215800053805,2.840581736769611,0.479171776175523,1.295480854546795,2.7035833890021395
condition_ridge,0,0,42,subject19,88,90,120,2.220446049250313e-16,axis_balanced,0.4386884872969396,0.2384996008363235,0.2466425411294154,0.70221103428504,1.825326798444316,0.3048617399402978,1.0394138566369977,3.4094598319899045
condition_ridge,0,0,42,subject24,88,90,120,8.326672684688674e-17,raw_rms,0.0704379920059752,0.0446919551980808,0.0545278703324817,0.1560130802694015,1.9595312496093984,0.6527640463348907,1.300517703436161,1.992324348649788
condition_ridge,0,0,42,subject24,88,90,120,8.326672684688674e-17,axis_balanced,0.0615670983740943,0.0312994642378879,0.0413873502330378,0.2014289281976233,1.5790185388951956,0.6008917142698702,0.952164490198468,1.5845858206838837
condition_ridge,0,0,42,subject27,87,90,120,1.1102230246251563e-16,raw_rms,0.2699917611442688,0.1865729025383357,0.1958502708848107,0.4167338549808887,2.253448301076012,0.6439936517249081,1.4550686001509612,2.259445564802736
condition_ridge,0,0,42,subject27,87,90,120,1.1102230246251563e-16,axis_balanced,0.1974248525851252,0.1344120668701836,0.1435062129813455,0.3367158136860118,1.6584681802663666,0.4474271354747183,1.1119007578707236,2.485099069127762
condition_ridge,0,0,42,subject34,90,90,120,9.714451465470121e-17,raw_rms,0.0922116730924611,0.0346668317425266,0.0446553768717762,0.3046666659565538,1.989763064945768,0.8647568818662528,1.0505473770080132,1.214847084813944
condition_ridge,0,0,42,subject34,90,90,120,9.714451465470121e-17,axis_balanced,0.0837311081354721,0.0440186429446958,0.053185147594029,0.2192259470334806,1.3771055096441271,0.543099275726661,0.7986359540790278,1.4705155940605177
condition_ridge,0,0,42,subject35,85,86,120,8.326672684688674e-17,raw_rms,0.1271689820178274,0.0725024237004414,0.0842881629668605,0.302033902804446,2.7779113317283985,0.8815464293616184,1.8306463500502104,2.076630667514465
condition_ridge,0,0,42,subject35,85,86,120,8.326672684688674e-17,axis_balanced,0.2147845538087407,0.1089293606294381,0.119925047621864,0.4830755317580036,1.9766351901439403,0.5898240134266413,1.1700581103476937,1.983741054471697
condition_ridge,0,1,42,subject08,89,90,120,8.326672684688674e-17,raw_rms,0.5107426273092834,0.2938977265654247,0.3059301811726946,0.6996654109829759,2.293187361939637,0.5973954376251124,1.2230903839394345,2.0473714844587896
condition_ridge,0,1,42,subject08,89,90,120,8.326672684688674e-17,axis_balanced,0.9004671439631571,0.3572109600668538,0.370542964596576,1.1793028058070594,3.969737403603401,1.4715404849726217,1.1332358931220905,0.7701017435094044
condition_ridge,0,1,42,subject18,88,90,120,8.326672684688674e-17,raw_rms,0.1549164221605437,0.0774727397580448,0.0887358237937155,0.4358906976538206,2.308455065438864,1.4401307269673116,0.7001597553199427,0.486177915802386
condition_ridge,0,1,42,subject18,88,90,120,8.326672684688674e-17,axis_balanced,0.2989410002548647,0.1304108925564849,0.1415196273014761,0.6521922362004645,2.4785907169884926,1.2853000539149289,0.788790314443933,0.6137013003627722
condition_ridge,0,1,42,subject23,90,90,120,8.326672684688674e-17,raw_rms,0.2947712478036526,0.1763788087242218,0.1853530625695635,0.5562854159155906,1.492664754034252,0.2356683002136246,0.9581460771723892,4.065655314286501
condition_ridge,0,1,42,subject23,90,90,120,8.326672684688674e-17,axis_balanced,0.2669905206488794,0.1591712936564949,0.1682692496639154,0.5021326877178017,1.5573245224278105,0.3307994204602921,0.986282435303234,2.9815119806765917
condition_ridge,0,1,42,subject25,88,90,120,1.1102230246251563e-16,raw_rms,0.7644907012186546,0.1945025121439906,0.2081951683534164,1.1936182310870609,4.130351204604915,1.6061325253211065,1.126729527376555,0.701517159769424
condition_ridge,0,1,42,subject25,88,90,120,1.1102230246251563e-16,axis_balanced,0.5761723466046103,0.1858048314594187,0.19947209910412,0.97669054844033,3.5847554411176628,1.5721578624455026,1.0851847784403286,0.69025178982492
condition_ridge,0,1,42,subject26,89,90,120,8.326672684688674e-17,raw_rms,0.1244114795454209,0.0555318225546337,0.0684381487806882,0.3613563503442439,2.5110022633302065,1.1825538414212335,1.2211860474975764,1.0326684542582123
condition_ridge,0,1,42,subject26,89,90,120,8.326672684688674e-17,axis_balanced,0.1338412344125548,0.0749191901430653,0.0886100466165233,0.3139127522173808,3.063406889825004,1.8621554077772864,1.132841225228569,0.6083494538088825
condition_ridge,0,1,42,subject41,15,13,120,1.1102230246251563e-16,raw_rms,0.2036810287630137,0.0288280732404815,0.0918935962635335,0.4941792544503586,3.84243115163545,2.9751504204848285,0.8590843565790136,0.2887532511512536
condition_ridge,0,1,42,subject41,15,13,120,1.1102230246251563e-16,axis_balanced,0.2545998149828983,0.0688155606581591,0.1307024772314216,0.5274596719190984,3.736065447107834,2.7458948681214705,0.9309373670405556,0.3390287726774591
condition_ridge,0,1,42,subject43,90,90,120,8.847089727481715e-17,raw_rms,0.099297767708451,0.0446056379713823,0.0550731545033306,0.3511905940063697,1.7866533983402884,0.5504616161986677,1.1283763250451018,2.0498728555087085
condition_ridge,0,1,42,subject43,90,90,120,8.847089727481715e-17,axis_balanced,0.0835718869901762,0.0317148659598305,0.0420849590895031,0.3220430244211583,1.7813634036969213,0.6051540348171935,1.08829068203858,1.7983697032894008
condition_ridge,0,2,42,subject01,90,90,120,8.326672684688674e-17,raw_rms,0.0827291324084162,0.0476774688280647,0.058242986841194,0.2574980072474681,1.8445752076349555,0.823065887139866,0.9724530486881836,1.1815008541630057
condition_ridge,0,2,42,subject01,90,90,120,8.326672684688674e-17,axis_balanced,0.0681390527348382,0.0431340339315882,0.0533721776428002,0.1883197893740572,1.490272744487955,0.5714328371225053,0.8972014971845712,1.5700908994003555
condition_ridge,0,2,42,subject04,90,90,120,8.326672684688674e-17,raw_rms,0.2140565778682284,0.1051388473532375,0.1146860356870274,0.5054202271221595,2.018510730916286,0.3809203994400054,1.398023369117377,3.670119455856456
condition_ridge,0,2,42,subject04,90,90,120,8.326672684688674e-17,axis_balanced,0.1874772372855047,0.0926181006495358,0.1026156289331842,0.4635424364810744,1.7653689480322814,0.4720884376380369,1.0927606861112276,2.314737237748401
condition_ridge,0,2,42,subject10,90,90,120,8.326672684688674e-17,raw_rms,0.1829319901356176,0.0820916876127286,0.0919886213765324,0.4564362118893387,1.7591611483040048,0.5924001386842762,0.9731185390174768,1.6426710182390878
condition_ridge,0,2,42,subject10,90,90,120,8.326672684688674e-17,axis_balanced,0.1343242734213969,0.06894270647216,0.078639217666859,0.3491683277742543,1.4776939130242914,0.4675875652174602,0.900890666296606,1.9266779814335528
condition_ridge,0,2,42,subject12,90,90,120,8.326672684688674e-17,raw_rms,0.2983026066194885,0.1386752785030494,0.1480312752961337,0.6216292447330017,1.820044750651676,0.5407962786171991,0.906387631933458,1.6760241661630246
condition_ridge,0,2,42,subject12,90,90,120,8.326672684688674e-17,axis_balanced,0.2264334095624505,0.1163378153041807,0.125578177536727,0.50190872014985,1.473456275407752,0.4171997651433619,0.8157778485861851,1.955365071468485
condition_ridge,0,2,42,subject15,88,89,120,8.326672684688674e-17,raw_rms,0.0469097124469966,0.0198208304661843,0.0307529359571568,0.1629874056092495,2.164246608533512,1.071336514279215,1.087444728193158,1.015035624847325
condition_ridge,0,2,42,subject15,88,89,120,8.326672684688674e-17,axis_balanced,0.0652708658108311,0.0310351917126232,0.0416972679947171,0.2186214559583805,1.6811795737051738,0.7051915086229502,0.943982747065965,1.3386189928879175
condition_ridge,0,2,42,subject21,88,90,120,5.551115123125783e-17,raw_rms,0.4869652196293985,0.1237388020049828,0.1362014800735476,1.037625365683601,4.57328921954735,2.625740783351889,0.90762043792763,0.3456626197384979
condition_ridge,0,2,42,subject21,88,90,120,5.551115123125783e-17,axis_balanced,0.4486276677309031,0.1581624750852154,0.1703974494115548,0.8583095458908282,3.0985124464796807,1.568628415097138,0.8174298750528534,0.5211112250585067
condition_ridge,0,2,42,subject36,90,90,120,8.326672684688674e-17,raw_rms,0.4931161378590249,0.2507811012905917,0.2602540184361267,0.7671572394725198,1.979318837398584,0.4932706942456473,0.910586922927184,1.8460186942987424
condition_ridge,0,2,42,subject36,90,90,120,8.326672684688674e-17,axis_balanced,0.3657453030059348,0.2105298310984064,0.2202823019252819,0.6120920212188061,1.6489931312014243,0.4567171125964465,0.8296074057979758,1.816457896840432
condition_ridge,0,3,42,subject02,30,30,120,8.326672684688674e-17,raw_rms,0.2763753836948237,0.0825368628103151,0.1121030423666082,0.5937439033142989,2.5149681247219804,1.2155304917108936,0.9957211697598825,0.8191659333517638
condition_ridge,0,3,42,subject02,30,30,120,8.326672684688674e-17,axis_balanced,0.269062851126238,0.0861269052191492,0.114271192410216,0.6026148264656523,2.309757727974791,1.078646874154883,0.9115170963517736,0.8450560773802314
condition_ridge,0,3,42,subject11,90,90,120,8.326672684688674e-17,raw_rms,0.1158577022693387,0.0678541531866596,0.0802732506734551,0.2913139872569509,2.3599789548246703,1.298472046196939,0.9993988604734328,0.7696729886488863
condition_ridge,0,3,42,subject11,90,90,120,8.326672684688674e-17,axis_balanced,0.2228069673525514,0.1066364763604009,0.1187853110962553,0.5119446987243431,2.2491477381106835,1.0934115999325662,0.9134095274653986,0.8353757427868254
condition_ridge,0,3,42,subject22,90,90,120,8.326672684688674e-17,raw_rms,0.3751336754818852,0.1734880506961161,0.1854396327939889,0.6300679323843189,2.5003866251680718,0.7235093348904216,1.3995939665228496,1.9344518432990556
condition_ridge,0,3,42,subject22,90,90,120,8.326672684688674e-17,axis_balanced,0.2670129161382568,0.1617168008340098,0.172464657688203,0.482291037786401,1.941916645874544,0.5001818099572521,1.2248952266767057,2.4488999845504
condition_ridge,0,3,42,subject30,90,90,120,8.326672684688674e-17,raw_rms,0.0824030138916871,0.0487611699552156,0.0585789833065989,0.2238368724435268,1.675043019826518,0.4721824043262872,1.1677352684310374,2.4730596856889857
condition_ridge,0,3,42,subject30,90,90,120,8.326672684688674e-17,axis_balanced,0.1361655057924031,0.0707099775974284,0.0800473290631471,0.3462740410351358,1.507786009007826,0.4262848971161398,0.9744523353819116,2.2859180373834014
condition_ridge,0,3,42,subject33,86,88,120,8.326672684688674e-17,raw_rms,0.0340390990173111,0.0103088597489778,0.022762895731911,0.1342415722386452,2.56434809482037,1.215897084888333,1.3555434176906322,1.1148504544816178
condition_ridge,0,3,42,subject33,86,88,120,8.326672684688674e-17,axis_balanced,0.0362908788660563,0.0114071864670082,0.0237177486833959,0.1383014317702825,2.1157265725684877,1.006945525896083,1.1103492337179506,1.1026904685135257
condition_ridge,0,3,42,subject37,90,90,120,6.591949208711867e-17,raw_rms,0.2269864794353058,0.1092612198167297,0.1216871589042867,0.4796818360454542,3.30882823275311,1.4116381939998472,1.696921254195172,1.2020936111022762
condition_ridge,0,3,42,subject37,90,90,120,6.591949208711867e-17,axis_balanced,0.3209230000456491,0.1567596535093471,0.1689456274467007,0.582636891453226,2.839150481132215,1.3069941790885131,1.2173573569480851,0.931417581214524
condition_ridge,0,3,42,subject40,87,90,120,8.326672684688674e-17,raw_rms,0.0973801824392981,0.0338147709058013,0.045330005493698,0.359270041631303,2.693183444537531,1.1950279657372869,1.3939750633559782,1.1664790308869035
condition_ridge,0,3,42,subject40,87,90,120,8.326672684688674e-17,axis_balanced,0.1165950304599414,0.0522076360528808,0.0634606638070286,0.3614306106637276,2.33267950991412,0.999503741096462,1.2238480130583498,1.224455660081653
condition_ridge,0,0,43,subject05,90,90,120,5.551115123125783e-17,raw_rms,0.4143704736565807,0.1875839437131441,0.1957706327915862,0.7437499844398356,2.084573730372565,0.2455483451079607,1.2994181454010008,5.2919034939114855
condition_ridge,0,0,43,subject05,90,90,120,5.551115123125783e-17,axis_balanced,0.4386196682143566,0.2585114583895801,0.2662406379286816,0.6504332336056421,1.5637343519971183,0.2000893401137501,0.9507275651040294,4.751515320923862
condition_ridge,0,0,43,subject13,90,90,120,5.551115123125783e-17,raw_rms,0.3206197289031534,0.134572276242757,0.1430412392837605,0.6608950322245073,2.038129389958176,0.5750148228914392,1.041399707934844,1.8110832390340947
condition_ridge,0,0,43,subject13,90,90,120,5.551115123125783e-17,axis_balanced,0.2134902852553588,0.1156212328053518,0.1234561564230078,0.449505812588614,1.3413382050232168,0.3405845798649649,0.8092259724876424,2.3759912231155167
condition_ridge,0,0,43,subject19,88,90,120,8.326672684688674e-17,raw_rms,0.4898081703152355,0.2134183246530697,0.2216884874944719,0.8302330905485844,2.095268764952645,0.479171776175523,0.9399671949394918,1.961649749995244
condition_ridge,0,0,43,subject19,88,90,120,8.326672684688674e-17,axis_balanced,0.3095382321907305,0.1672850764994697,0.1747414351174716,0.571371349854329,1.299346438706478,0.3048617399402978,0.6770489062162948,2.220839211732124
condition_ridge,0,0,43,subject24,88,90,120,8.326672684688674e-17,raw_rms,0.0485799991710775,0.0303887262585558,0.039939377633591,0.0884434473315438,1.695840842654187,0.6527640463348907,1.05126805390747,1.610487066207278
condition_ridge,0,0,43,subject24,88,90,120,8.326672684688674e-17,axis_balanced,0.034428741744662,0.014490473093666,0.0242247862031965,0.1158485729706323,1.4012018412661924,0.6008917142698702,0.8002344299899048,1.3317448235448734
condition_ridge,0,0,43,subject27,87,90,120,9.020562075079396e-17,raw_rms,0.1941730061121376,0.1300681465010735,0.1392599647561774,0.3488602509134753,2.039971408983565,0.6439936517249081,1.292198084985287,2.006538545099307
condition_ridge,0,0,43,subject27,87,90,120,9.020562075079396e-17,axis_balanced,0.1565659869211841,0.1036213939956967,0.1125737787217022,0.300725831354639,1.5626946010672464,0.4474271354747183,1.0384566580487145,2.3209514482104807
condition_ridge,0,0,43,subject34,90,90,120,9.020562075079396e-17,raw_rms,0.1584165920358091,0.0508072957002179,0.0611470325183404,0.5263858280267639,3.038726191929864,0.8647568818662528,1.9225166520148265,2.22318745572258
condition_ridge,0,0,43,subject34,90,90,120,9.020562075079396e-17,axis_balanced,0.1258050441214344,0.0557055690013609,0.0652370074250752,0.3691033338550151,1.853773382457256,0.543099275726661,1.1903911987206768,2.191848253025096
condition_ridge,0,0,43,subject35,85,86,120,8.326672684688674e-17,raw_rms,0.1217079606329734,0.0744453074621716,0.0861932593506304,0.264529522922562,2.4227224466501647,0.8815464293616184,1.4938998541181907,1.6946354773395371
condition_ridge,0,0,43,subject35,85,86,120,8.326672684688674e-17,axis_balanced,0.1840682361851415,0.0942152848863562,0.1052248007165677,0.4323437730701177,1.8941160922181344,0.5898240134266413,1.133676664981273,1.92205918913858
condition_ridge,0,1,43,subject08,89,90,120,5.551115123125783e-17,raw_rms,0.5716947236999466,0.3110571386473553,0.3228238626964659,0.8018006134812671,1.9297588182730236,0.5973954376251124,0.7019666056675948,1.175045140046926
condition_ridge,0,1,43,subject08,89,90,120,5.551115123125783e-17,axis_balanced,0.8924856082580677,0.3628354903643037,0.3759793252495032,1.154794332000404,3.5749191357566827,1.4715404849726217,0.7927856988875602,0.5387454215385111
condition_ridge,0,1,43,subject18,88,90,120,8.847089727481715e-17,raw_rms,0.1383522826441319,0.0819239055212671,0.0931317640419073,0.3481753184039376,2.603735991867975,1.4401307269673116,1.067274620245552,0.741095652123932
condition_ridge,0,1,43,subject18,88,90,120,8.847089727481715e-17,axis_balanced,0.286257491396239,0.1413628051003178,0.1524006104044252,0.5833190339676881,2.747549012058956,1.2853000539149289,1.1458174532422143,0.891478569344286
condition_ridge,0,1,43,subject23,90,90,120,9.714451465470121e-17,raw_rms,0.315585653177556,0.1666941644656555,0.1758798970249023,0.6181427105586147,1.7003798475113878,0.2356683002136246,1.094349250437027,4.643599709613214
condition_ridge,0,1,43,subject23,90,90,120,9.714451465470121e-17,axis_balanced,0.2924993309439119,0.162903698600195,0.1722801419574868,0.5602170127382324,1.64966080648591,0.3307994204602921,1.0171702525517592,3.0748852314687065
condition_ridge,0,1,43,subject25,88,90,120,5.551115123125783e-17,raw_rms,0.7565625123706112,0.2149663039551633,0.2286527854483735,1.16224615634673,4.150665900432919,1.6061325253211065,1.2217443671768855,0.7606746939718614
condition_ridge,0,1,43,subject25,88,90,120,5.551115123125783e-17,axis_balanced,0.5634010843128985,0.1964040818185365,0.2100535206302255,0.9499683151129282,3.581614853989713,1.5721578624455026,1.133935071448289,0.721260312679062
condition_ridge,0,1,43,subject26,89,90,120,8.326672684688674e-17,raw_rms,0.1618715698884076,0.0522962188712851,0.0649320845369125,0.5067998106892585,2.122941426674175,1.1825538414212335,0.7025354866539589,0.5940832984057858
condition_ridge,0,1,43,subject26,89,90,120,8.326672684688674e-17,axis_balanced,0.1558856820653882,0.0745958210001035,0.0880848450563904,0.4080810498411228,2.7953056281900186,1.8621554077772864,0.7939267490574144,0.4263482767021387
condition_ridge,0,1,43,subject41,15,13,120,1.1102230246251563e-16,raw_rms,0.1901231396507472,0.0247395727669627,0.087774491127811,0.4563427789375259,3.823799872596761,2.9751504204848285,0.8765631376902725,0.2946281746478648
condition_ridge,0,1,43,subject41,15,13,120,1.1102230246251563e-16,axis_balanced,0.2403847712695344,0.0480139477366724,0.1100371702540131,0.5357785588338031,3.768442519198236,2.7458948681214705,0.9546672293787511,0.3476707140036504
condition_ridge,0,1,43,subject43,90,90,120,6.938893903907227e-17,raw_rms,0.1029776925945591,0.037077713789936,0.0475333842409844,0.3882039544169699,1.904181726287856,0.5504616161986677,1.2192948302966728,2.215040603042912
condition_ridge,0,1,43,subject43,90,90,120,6.938893903907227e-17,axis_balanced,0.0833080590266877,0.0261585409156593,0.0365107825574331,0.340167651564413,1.839295179065427,0.6051540348171935,1.1346060976110015,1.8749046231737447
condition_ridge,0,2,43,subject01,90,90,120,5.551115123125783e-17,raw_rms,0.1102177869361593,0.0673643076843309,0.0780475492616775,0.2712016564918045,2.131381839538567,0.823065887139866,1.2543638222910034,1.524013863154853
condition_ridge,0,2,43,subject01,90,90,120,5.551115123125783e-17,axis_balanced,0.0820157127258713,0.0544266669831775,0.064652398505746,0.2017563455450336,1.5691275698890357,0.5714328371225053,0.97143364391057,1.6999961864325126
condition_ridge,0,2,43,subject04,90,90,120,8.326672684688674e-17,raw_rms,0.1300970767502161,0.0736452740111192,0.0825862440334029,0.3337008032981569,1.3718181433023573,0.3809203994400054,0.8912006386116134,2.339598089054237
condition_ridge,0,2,43,subject04,90,90,120,8.326672684688674e-17,axis_balanced,0.1676714215826278,0.0835632326858398,0.0932494647919653,0.4279397755345617,1.468906404722256,0.4720884376380369,0.8258127153121159,1.7492754523788805
condition_ridge,0,2,43,subject10,90,90,120,5.551115123125783e-17,raw_rms,0.1641327727197321,0.0763367039082839,0.0863512040786309,0.4426097337341456,2.0269787995675683,0.5924001386842762,1.2557218570590651,2.119719046400006
condition_ridge,0,2,43,subject10,90,90,120,5.551115123125783e-17,axis_balanced,0.1240235248405896,0.0629019318215013,0.0725874356001091,0.3450891019982635,1.5457176517235802,0.4675875652174602,0.9723418644498728,2.079486147151213
condition_ridge,0,2,43,subject12,90,90,120,8.326672684688674e-17,raw_rms,0.4915177693820889,0.2043414363299832,0.214261514615861,0.8692044187591137,2.6769204719043227,0.5407962786171991,1.3982689605750716,2.585574301935668
condition_ridge,0,2,43,subject12,90,90,120,8.326672684688674e-17,axis_balanced,0.3350701116406214,0.1670174766054559,0.1765637101455385,0.6433259918672466,1.91088858920006,0.4171997651433619,1.0935691212007652,2.6212122167062657
condition_ridge,0,2,43,subject15,88,89,120,8.326672684688674e-17,raw_rms,0.0811123788111025,0.0366336904117744,0.0475530832730374,0.2654030587737877,2.329198028108386,1.071336514279215,1.2095397167870665,1.129000739418308
condition_ridge,0,2,43,subject15,88,89,120,8.326672684688674e-17,axis_balanced,0.1537714177656486,0.0673176080689994,0.0780347990618505,0.421724941037664,1.9203836885548489,0.7051915086229502,1.0540474831619142,1.4946967884230289
condition_ridge,0,2,43,subject21,88,90,120,8.326672684688674e-17,raw_rms,0.2846013446535773,0.072447641410386,0.0854750424958112,0.7796141891154651,4.591356657183439,2.625740783351889,1.3986478866092604,0.5326679219354686
condition_ridge,0,2,43,subject21,88,90,120,8.326672684688674e-17,axis_balanced,0.3350322092930931,0.1248463071777837,0.137396411985841,0.7140402025020344,3.1479902134929447,1.568628415097138,1.0960715215652277,0.6987451655319867
condition_ridge,0,2,43,subject36,90,90,120,8.326672684688674e-17,raw_rms,0.3540626613233673,0.1754397626908419,0.184426972352828,0.6872259290859575,2.2894240489524846,0.4932706942456473,1.3405257101751915,2.7176269050916164
condition_ridge,0,2,43,subject36,90,90,120,8.326672684688674e-17,axis_balanced,0.2511593654597999,0.130654322955302,0.1399697610979896,0.5314930913724744,1.7685728320552596,0.4567171125964465,1.0431382667561837,2.283992077340655
condition_ridge,0,3,43,subject02,30,30,120,8.326672684688674e-17,raw_rms,0.3103544723278921,0.1124721451781201,0.1416165217615259,0.5874192385079472,2.675878905233008,1.2155304917108936,1.1655173796402225,0.958854909513396
condition_ridge,0,3,43,subject02,30,30,120,8.326672684688674e-17,axis_balanced,0.2470701610441472,0.0968231421228638,0.1247047371991452,0.5308890772936292,2.2920184490892006,1.078646874154883,0.9756133697645034,0.904478929240762
condition_ridge,0,3,43,subject11,90,90,120,8.326672684688674e-17,raw_rms,0.13475172171701,0.0781689828187205,0.0901397005582761,0.3493593726051783,2.550969856476129,1.298472046196939,1.1544940903180558,0.8891174004857659
condition_ridge,0,3,43,subject11,90,90,120,8.326672684688674e-17,axis_balanced,0.2987271350858786,0.1338533372830894,0.1457156695314803,0.6303198865129762,2.440151251237736,1.0934115999325662,0.9696660602505548,0.8868262055298817
condition_ridge,0,3,43,subject22,90,90,120,5.551115123125783e-17,raw_rms,0.4158682526984278,0.1853976722518145,0.1973525143995437,0.7066442245462304,2.302272691939538,0.7235093348904216,1.096594577722151,1.5156605794011415
condition_ridge,0,3,43,subject22,90,90,120,5.551115123125783e-17,axis_balanced,0.3268130245933045,0.194322525999728,0.2051159713049185,0.5595808277904908,1.9081241416931207,0.5001818099572521,1.109616004609784,2.2184253455850724
condition_ridge,0,3,43,subject30,90,90,120,5.551115123125783e-17,raw_rms,0.1043552839111758,0.0605655882214876,0.0708466770808136,0.2877028733323981,1.9359043921017944,0.4721824043262872,1.3978442174228276,2.960390316571157
condition_ridge,0,3,43,subject30,90,90,120,5.551115123125783e-17,axis_balanced,0.1726910135280135,0.091632636352441,0.1014306291853865,0.412460236494411,1.8083990747477816,0.4262848971161398,1.2269518283692062,2.878243720736199
condition_ridge,0,3,43,subject33,86,88,120,6.591949208711867e-17,raw_rms,0.0530704294238586,0.0157241406894008,0.0282775270919386,0.2326270516000547,2.521497131257938,1.215897084888333,1.2759345010706689,1.0493770541343552
condition_ridge,0,3,43,subject33,86,88,120,6.591949208711867e-17,axis_balanced,0.0488913340588068,0.0160250968468956,0.028384311935424,0.1970800541598215,2.1391094000860105,1.006945525896083,1.1140496362049377,1.1063653470365655
condition_ridge,0,3,43,subject37,90,90,120,5.551115123125783e-17,raw_rms,0.2256985786000447,0.0884246255953513,0.1008204526463654,0.5623500220032358,2.7879543366885025,1.4116381939998472,1.0848034933752966,0.7684713391761727
condition_ridge,0,3,43,subject37,90,90,120,5.551115123125783e-17,axis_balanced,0.2990230680773353,0.1213346752017716,0.1335765977617392,0.6242306543051237,2.622215845515216,1.3069941790885131,0.947979745409675,0.7253129054260885
condition_ridge,0,3,43,subject40,87,90,120,8.326672684688674e-17,raw_rms,0.0808384624653948,0.0272692472045037,0.0387945974299364,0.302589672830143,2.359150196906566,1.1950279657372869,1.0949645138561526,0.9162668533707502
condition_ridge,0,3,43,subject40,87,90,120,8.326672684688674e-17,axis_balanced,0.0855210048642447,0.036167290799003,0.0474774076029791,0.3008269468476707,2.1825628909551007,0.999503741096462,1.1129424151585627,1.1134949969648518
condition_ridge,0,0,44,subject05,90,90,120,8.326672684688674e-17,raw_rms,0.3565923630493341,0.1626326182597288,0.1705264761893541,0.6701014308001892,1.729975404806814,0.2455483451079607,1.046843139916675,4.26328729463197
condition_ridge,0,0,44,subject05,90,90,120,8.326672684688674e-17,axis_balanced,0.3518851905125661,0.2070227624408926,0.2143888963134927,0.5693592217016513,1.31055755093148,0.2000893401137501,0.7951477334835351,3.973963495663967
condition_ridge,0,0,44,subject13,90,90,120,5.551115123125783e-17,raw_rms,0.3682948695785726,0.1535458068455235,0.1624472872494304,0.7207294208844985,2.378429241318554,0.5750148228914392,1.3011958728265136,2.262891009110864
condition_ridge,0,0,44,subject13,90,90,120,5.551115123125783e-17,axis_balanced,0.250375863315692,0.1400985975580297,0.1483115757194406,0.4915224968412633,1.5252043703071845,0.3405845798649649,0.9547660826730356,2.8033156493801967
condition_ridge,0,0,44,subject19,88,90,120,9.714451465470121e-17,raw_rms,0.6118858771935123,0.2748346606863006,0.2834119914250443,0.9375453328269514,2.5812179956516705,0.479171776175523,1.2387016126557415,2.5850888433837955
condition_ridge,0,0,44,subject19,88,90,120,9.714451465470121e-17,axis_balanced,0.3837605735407228,0.2164421124563984,0.2242905520271738,0.6349232488749537,1.6827643920303517,0.3048617399402978,0.9863823255066864,3.2355071046299653
condition_ridge,0,0,44,subject24,88,90,120,8.326672684688674e-17,raw_rms,0.0806897272673994,0.0324733233414601,0.0423544757602206,0.2936041750691164,2.628785046479326,0.6527640463348907,1.913012291470169,2.9306336680325176
condition_ridge,0,0,44,subject24,88,90,120,8.326672684688674e-17,axis_balanced,0.054398887957517,0.0187310325684656,0.0288056037795286,0.2231646949143555,1.819179674936395,0.6008917142698702,1.1850373655932496,1.9721313132652551
condition_ridge,0,0,44,subject27,87,90,120,7.806255641895632e-17,raw_rms,0.2629249193648342,0.17034557451602,0.178916832053384,0.4530821977163731,1.7763611104120791,0.6439936517249081,0.9420902176324416,1.4628874292612903
condition_ridge,0,0,44,subject27,87,90,120,7.806255641895632e-17,axis_balanced,0.1760226092330394,0.113106685319203,0.1213745297839741,0.3455517369971353,1.2333674511409327,0.4474271354747183,0.6771486305958277,1.5134277224321138
condition_ridge,0,0,44,subject34,90,90,120,5.551115123125783e-17,raw_rms,0.108562939248846,0.0372373756492981,0.0475171788623159,0.3800174276797813,2.441917720981365,0.8647568818662528,1.4544766422587578,1.681948617881845
condition_ridge,0,0,44,subject34,90,90,120,5.551115123125783e-17,axis_balanced,0.1092711361869913,0.0586669881566573,0.0682203489482672,0.2816665706141351,1.7167928649629034,0.543099275726661,1.109638959964717,2.0431604488516983
condition_ridge,0,0,44,subject35,85,86,120,8.326672684688674e-17,raw_rms,0.1243557536724495,0.0717960520517222,0.0834249640861992,0.2937686675268691,2.251621569898849,0.8815464293616184,1.3048998155223694,1.4802394656255675
condition_ridge,0,0,44,subject35,85,86,120,8.326672684688674e-17,axis_balanced,0.2124899470430152,0.1144173371844187,0.1252503139653465,0.4527726161721659,1.809153938473624,0.5898240134266413,1.029766690943566,1.7458880403343264
condition_ridge,0,1,44,subject08,89,90,120,8.847089727481715e-17,raw_rms,0.5322849840331547,0.3142234861975928,0.3259296209009772,0.7270225494179181,2.1802051342463584,0.5973954376251124,1.069800641691268,1.7907747102056164
condition_ridge,0,1,44,subject08,89,90,120,8.847089727481715e-17,axis_balanced,0.9339460279334684,0.3758756508919245,0.3889424264623495,1.2099467668201604,4.062541234956702,1.4715404849726217,1.1529882567514782,0.7835246590398292
condition_ridge,0,1,44,subject18,88,90,120,1.1102230246251563e-16,raw_rms,0.1461156358847146,0.0827098129761825,0.0942552349149723,0.3856583020337887,2.3654494106613986,1.4401307269673116,0.7992482120554896,0.5549830977765333
condition_ridge,0,1,44,subject18,88,90,120,1.1102230246251563e-16,axis_balanced,0.298107216400961,0.1389807100175477,0.1503501658194622,0.6337795892479792,2.56272763629745,1.2853000539149289,0.8975113879112767,0.698289387896253
condition_ridge,0,1,44,subject23,90,90,120,8.326672684688674e-17,raw_rms,0.2774006483928921,0.1615759237343123,0.1707851816095779,0.5593625187457539,1.6672301409029398,0.2356683002136246,1.1307165882158938,4.797915490504837
condition_ridge,0,1,44,subject23,90,90,120,8.326672684688674e-17,axis_balanced,0.2497812739032543,0.1468042890870794,0.1561014685249947,0.4930787096889618,1.6522450453248263,0.3307994204602921,1.0910869512930033,3.298333926265065
condition_ridge,0,1,44,subject25,88,90,120,5.551115123125783e-17,raw_rms,0.929176762123756,0.2425028202092586,0.2559039246167288,1.3377731894189333,4.071189164158161,1.6061325253211065,0.6990912095364322,0.4352637148647907
condition_ridge,0,1,44,subject25,88,90,120,5.551115123125783e-17,axis_balanced,0.7063068079872308,0.2270916835201341,0.2405315030058272,1.1025593946492107,3.5551110838783244,1.5721578624455026,0.7913792504848005,0.5033713658078869
condition_ridge,0,1,44,subject26,89,90,120,2.220446049250313e-16,raw_rms,0.1203219722695048,0.0470212235693097,0.0596010626824285,0.3759630123428171,2.3680763578003123,1.1825538414212335,1.0661988069137105,0.9016069878326356
condition_ridge,0,1,44,subject26,89,90,120,2.220446049250313e-16,axis_balanced,0.1281327051467198,0.0720618700467047,0.0854801562423718,0.3009399505105645,3.0696313478172303,1.8621554077772864,1.147161380035577,0.6160395503213434
condition_ridge,0,1,44,subject41,15,13,120,5.551115123125783e-17,raw_rms,0.1976921700371785,0.0372971311543177,0.1003312809992853,0.4407360598335621,3.804020700062113,2.9751504204848285,0.870735861975479,0.29266952554069
condition_ridge,0,1,44,subject41,15,13,120,5.551115123125783e-17,axis_balanced,0.237823342500357,0.0523065228037828,0.1142207623087874,0.5140989294593705,3.6639670034206433,2.7458948681214705,0.8722659914532024,0.3176618309680368
condition_ridge,0,1,44,subject43,90,90,120,8.847089727481715e-17,raw_rms,0.0582776928275734,0.0240526770928856,0.0342478048393145,0.2159797843794817,1.2881873834753932,0.5504616161986677,0.7030535195254825,1.2772071636539732
condition_ridge,0,1,44,subject43,90,90,120,8.847089727481715e-17,axis_balanced,0.0620744695287271,0.0233349057989439,0.0334959266185949,0.2405732032648383,1.447004839079769,0.6051540348171935,0.7973438035499104,1.317588180323005
condition_ridge,0,2,44,subject01,90,90,120,8.326672684688674e-17,raw_rms,0.1721266385319781,0.0873129312118624,0.0974015380489176,0.4375838126983259,1.904628985605831,0.823065887139866,0.9067852253991304,1.1017164476955632
condition_ridge,0,2,44,subject01,90,90,120,8.326672684688674e-17,axis_balanced,0.1170393852953735,0.0680512897948837,0.0778620165090109,0.3148518590061444,1.473553251397155,0.5714328371225053,0.8161391343537785,1.4282328234119532
condition_ridge,0,2,44,subject04,90,90,120,5.551115123125783e-17,raw_rms,0.1843362185302519,0.0930563754616458,0.1024731367716897,0.4534572706399436,1.7887712326810934,0.3809203994400054,1.21659810335549,3.1938381487156424
condition_ridge,0,2,44,subject04,90,90,120,5.551115123125783e-17,axis_balanced,0.176749001119618,0.0890539054900608,0.0991178300163667,0.4390990912311071,1.639729084136319,0.4720884376380369,0.9883140117611748,2.0934933647304077
condition_ridge,0,2,44,subject10,90,90,120,8.326672684688674e-17,raw_rms,0.0744726052840518,0.0293378901790809,0.038762696955959,0.2759089452076745,1.561439862659467,0.5924001386842762,0.9070549933036012,1.5311525674490472
condition_ridge,0,2,44,subject10,90,90,120,8.326672684688674e-17,axis_balanced,0.0686202845643464,0.0332473095010368,0.0425260082378771,0.2208167955658418,1.321710668618927,0.4675875652174602,0.8173698792492154,1.7480573480799957
condition_ridge,0,2,44,subject12,90,90,120,5.551115123125783e-17,raw_rms,0.3325198445666411,0.1623883298986966,0.1717070428049439,0.6451072895187657,1.836147903513354,0.5407962786171991,0.8926356881809383,1.6505951011042137
condition_ridge,0,2,44,subject12,90,90,120,5.551115123125783e-17,axis_balanced,0.2207936002374149,0.1187662903910156,0.1280073497467868,0.4801816399946347,1.4635964625927875,0.4171997651433619,0.8273524467302781,1.9831086109216187
condition_ridge,0,2,44,subject15,88,89,120,8.326672684688674e-17,raw_rms,0.0497752794618304,0.0220873259434963,0.0327668188079578,0.181538003627969,2.137565148522627,1.071336514279215,1.0540941946958005,0.983905785573812
condition_ridge,0,2,44,subject15,88,89,120,8.326672684688674e-17,axis_balanced,0.0740897936684144,0.0346657602678274,0.0451954492237526,0.2517661435818275,1.6801156526392074,0.7051915086229502,0.9271880198915082,1.3148031542552996
condition_ridge,0,2,44,subject21,88,90,120,8.847089727481715e-17,raw_rms,0.4335060660636354,0.1027759470611567,0.1151998897267717,0.9853984071924868,4.452831707521439,2.625740783351889,0.8926949252418739,0.3399783142730121
condition_ridge,0,2,44,subject21,88,90,120,8.847089727481715e-17,axis_balanced,0.3932584328596109,0.1400384030855677,0.1522752805281453,0.7964267187951821,3.0070151024267657,1.568628415097138,0.8284239060816383,0.5281199155316447
condition_ridge,0,2,44,subject36,90,90,120,9.714451465470121e-17,raw_rms,0.3677458730544325,0.1752240987673317,0.1844734831758643,0.6849550851038183,1.90714034080826,0.4932706942456473,0.9581717278433464,1.942486628581628
condition_ridge,0,2,44,subject36,90,90,120,9.714451465470121e-17,axis_balanced,0.2984987588252512,0.1532239347199608,0.1627760969587174,0.5817148565581303,1.6238676513067916,0.4567171125964465,0.8408399989455164,1.841052099329765
condition_ridge,0,3,44,subject02,30,30,120,8.326672684688674e-17,raw_rms,0.2296663891383432,0.0802768177426062,0.1098810857015083,0.4758111448005866,2.7864442796636597,1.2155304917108936,1.3966741769680846,1.149024386054048
condition_ridge,0,3,44,subject02,30,30,120,8.326672684688674e-17,axis_balanced,0.2180338999060997,0.0779706094779646,0.1063099756807162,0.5076879030748631,2.5134149367499363,1.078646874154883,1.223169026694115,1.133984676544365
condition_ridge,0,3,44,subject11,90,90,120,8.326672684688674e-17,raw_rms,0.1594119008204195,0.0865737014761953,0.0990185842556341,0.4012993836771822,2.8313939272753164,1.298472046196939,1.3979578012625118,1.0766175562708138
condition_ridge,0,3,44,subject11,90,90,120,8.326672684688674e-17,axis_balanced,0.3054005580382315,0.1311475532137729,0.1434811393597611,0.6353405776453392,2.6987907916917404,1.0934115999325662,1.2240711528741066,1.1194971344273268
condition_ridge,0,3,44,subject22,90,90,120,5.551115123125783e-17,raw_rms,0.4223330723396128,0.2039713946811857,0.2157097614375517,0.6466993280638557,2.496818551118737,0.7235093348904216,1.3745830466419835,1.8998829460164048
condition_ridge,0,3,44,subject22,90,90,120,5.551115123125783e-17,axis_balanced,0.3052684326601604,0.1944506192442548,0.2049627663938031,0.4968063270639981,1.8411051008250887,0.5001818099572521,1.1089052167292852,2.2170042865494395
condition_ridge,0,3,44,subject30,90,90,120,8.326672684688674e-17,raw_rms,0.0962707488522729,0.0653814729656685,0.0756699872412747,0.2295106269199622,1.6024750190453536,0.4721824043262872,1.0919636551351797,2.312588620690345
condition_ridge,0,3,44,subject30,90,90,120,8.326672684688674e-17,axis_balanced,0.1828674407576449,0.1070953693639436,0.1169454915927017,0.4080624024937905,1.6875972140634683,0.4262848971161398,1.1087736720758017,2.6010156108667397
condition_ridge,0,3,44,subject33,86,88,120,8.326672684688674e-17,raw_rms,0.0479168187406131,0.0118085546173543,0.0241790192668965,0.2428895813818767,2.154053489135329,1.215897084888333,0.9004820852081434,0.7405907098550557
condition_ridge,0,3,44,subject33,86,88,120,8.326672684688674e-17,axis_balanced,0.0513543451193196,0.0153349986066457,0.0274617220780514,0.2210284452215248,1.9077888805149363,1.006945525896083,0.8706880777977302,0.8646824037704549
condition_ridge,0,3,44,subject37,90,90,120,5.551115123125783e-17,raw_rms,0.1647320403126475,0.0669979378407381,0.079435885756213,0.468411171306342,2.5196479113183408,1.4116381939998472,0.9118845990616486,0.6459761452598861
condition_ridge,0,3,44,subject37,90,90,120,5.551115123125783e-17,axis_balanced,0.2706969057677448,0.119803860609552,0.1319409892457868,0.5736456893009263,2.486621506932253,1.3069941790885131,0.8723496892796297,0.6674472642930965
condition_ridge,0,3,44,subject40,87,90,120,6.938893903907227e-17,raw_rms,0.0776409579702841,0.0199079640369687,0.0312194770411535,0.3508361678923621,2.6706461076267125,1.1950279657372869,1.3772876104499698,1.1525149619408577
condition_ridge,0,3,44,subject40,87,90,120,6.938893903907227e-17,axis_balanced,0.0979162154103152,0.0324357169821223,0.0434619165408107,0.3783220664679386,2.23268233002203,0.999503741096462,1.1104100168796212,1.110961341336746
conditional_ae,3,0,42,subject05,90,90,120,8.326672684688674e-17,raw_rms,0.1572140097730616,0.1122481641372843,0.1203971512984236,0.2353268076129488,1.3541262951585398,0.2455483451079607,1.0648008994436178,4.336420589499206
conditional_ae,3,0,42,subject05,90,90,120,8.326672684688674e-17,axis_balanced,0.1667955439389921,0.1176929834015363,0.1250863262576504,0.2719318521292695,1.0154037101895017,0.2000893401137501,0.7498393137110413,3.747522548101563
conditional_ae,3,0,42,subject13,90,90,120,8.326672684688674e-17,raw_rms,0.0736604650750329,0.055239459226912,0.0638467635129798,0.0741897697308678,1.5631766476678344,0.5750148228914392,0.9973580737122943,1.7344910670252272
conditional_ae,3,0,42,subject13,90,90,120,8.326672684688674e-17,axis_balanced,0.0638040796018872,0.0451634392641777,0.0527388034995339,0.0967035126109491,1.0287791222840104,0.3405845798649649,0.6883636095906152,2.021123827342793
conditional_ae,3,0,42,subject19,88,90,120,8.326672684688674e-17,raw_rms,0.0910100490610608,0.0523033707037101,0.0609998540183089,0.2192352652239243,1.4073768432627936,0.479171776175523,0.8929059795790193,1.863436086961732
conditional_ae,3,0,42,subject19,88,90,120,8.326672684688674e-17,axis_balanced,0.0870490214528443,0.0627943029825088,0.0706187692523194,0.1548573180876617,1.0362245514805015,0.3048617399402978,0.7167422271336847,2.351040269185785
conditional_ae,3,0,42,subject24,88,90,120,8.326672684688674e-17,raw_rms,0.1164495420162692,0.0928487187492317,0.1031341463788961,0.1296839953379452,1.9659154662845704,0.6527640463348907,1.3145409228413776,2.0138071792130723
conditional_ae,3,0,42,subject24,88,90,120,8.326672684688674e-17,axis_balanced,0.0611565774811893,0.0444272183349782,0.0547203538111279,0.1004861538940281,1.5294717780135418,0.6008917142698702,0.9329336180392498,1.5525819309604496
conditional_ae,3,0,42,subject27,87,90,120,1.1102230246251563e-16,raw_rms,0.2077468214769526,0.1584761107038019,0.1681073000128694,0.3046616067587347,1.8653671547545172,0.6439936517249081,1.1452540773942466,1.7783623710058865
conditional_ae,3,0,42,subject27,87,90,120,1.1102230246251563e-16,axis_balanced,0.1863353799376153,0.1329160855914183,0.1421666112034595,0.3226047239728259,1.416107015030512,0.4474271354747183,0.876884858059761,1.9598383480460788
conditional_ae,3,0,42,subject34,90,90,120,6.938893903907227e-17,raw_rms,0.0594789340022894,0.0313457466924491,0.0414645319446896,0.1345198550811049,1.850486494890486,0.8647568818662528,0.9854545526840728,1.1395741084561704
conditional_ae,3,0,42,subject34,90,90,120,6.938893903907227e-17,axis_balanced,0.0741053780519429,0.0427025086631324,0.051836122092877,0.1715686966416327,1.2765139771463494,0.543099275726661,0.7159798186379929,1.3183221754071015
conditional_ae,3,0,42,subject35,85,86,120,8.326672684688674e-17,raw_rms,0.0634170942512548,0.0278496983496299,0.0394221136893681,0.2199822046798266,1.969914428302329,0.8815464293616184,1.0590518001087854,1.2013568030395283
conditional_ae,3,0,42,subject35,85,86,120,8.326672684688674e-17,axis_balanced,0.0989675628223218,0.0468181793839158,0.0572908118846867,0.3067376431055955,1.3652452894692382,0.5898240134266413,0.6939748367449372,1.1765794897247763
conditional_ae,3,1,42,subject08,89,90,120,1.1102230246251563e-16,raw_rms,0.1948218940307403,0.1398164333813779,0.1510812269674845,0.3640980898120017,1.339719566490968,0.5973954376251124,0.6215742221302495,1.0404736678292317
conditional_ae,3,1,42,subject08,89,90,120,1.1102230246251563e-16,axis_balanced,0.373180683216992,0.2455053831689094,0.2578035143582624,0.5398587888842938,2.314638495109707,1.4715404849726217,0.5727740652448724,0.3892343235500782
conditional_ae,3,1,42,subject18,88,90,120,8.847089727481715e-17,raw_rms,0.1222111402587307,0.0812226000353374,0.0930894395103993,0.199671668083694,2.361151310185729,1.4401307269673116,0.9046923637360864,0.628201556147077
conditional_ae,3,1,42,subject18,88,90,120,8.847089727481715e-17,axis_balanced,0.1576397149918442,0.1034574653281484,0.1150286137969718,0.3157939724753866,2.311976352515533,1.2853000539149289,0.9491410863115812,0.7384587617658365
conditional_ae,3,1,42,subject23,90,90,120,6.938893903907227e-17,raw_rms,0.1601644048547938,0.1402112331189918,0.1498061877650522,0.2246550012831145,1.29070582457468,0.2356683002136246,1.0156499409363826,4.309658702573632
conditional_ae,3,1,42,subject23,90,90,120,6.938893903907227e-17,axis_balanced,0.1393335721010948,0.1030896998472635,0.1125232507628328,0.2500545955989851,1.3211596918043882,0.3307994204602921,0.9393363223665372,2.839594824741513
conditional_ae,3,1,42,subject25,88,90,120,8.326672684688674e-17,raw_rms,0.0903112827243475,0.0552198396220858,0.0689190115635942,0.1630708009908281,2.3925125658716087,1.6061325253211065,0.7841686097775373,0.4882340637618071
conditional_ae,3,1,42,subject25,88,90,120,8.326672684688674e-17,axis_balanced,0.1540974970990876,0.0951603894850442,0.1082939652933108,0.3170937202570445,2.337692348337748,1.5721578624455026,0.6881893907492083,0.4377355526363776
conditional_ae,3,1,42,subject26,89,90,120,8.326672684688674e-17,raw_rms,0.0840505930408492,0.0498977731877328,0.062981075689759,0.2678366127687159,2.170162246079587,1.1825538414212335,0.9368182594747932,0.7921992442634942
conditional_ae,3,1,42,subject26,89,90,120,8.326672684688674e-17,axis_balanced,0.1250597803784077,0.0797721525875698,0.0931819649814154,0.240413611774662,2.6801276247922745,1.8621554077772864,0.7874260113584075,0.4228573018501707
conditional_ae,3,1,42,subject41,15,13,120,5.551115123125783e-17,raw_rms,0.2365755677266696,0.1038471300554136,0.1676063511948625,0.3100747517572313,3.9149790717657225,2.9751504204848285,1.0815529656365688,0.3635288347741153
conditional_ae,3,1,42,subject41,15,13,120,5.551115123125783e-17,axis_balanced,0.3074837395899508,0.1167641445695679,0.178875772698922,0.4954563207712616,3.670558417195133,2.7458948681214705,0.8978916962467137,0.326994200204388
conditional_ae,3,1,42,subject43,90,90,120,8.326672684688674e-17,raw_rms,0.1015903982967683,0.0823849690277326,0.0932530554137153,0.1770979133242358,1.57869180534898,0.5504616161986677,1.0114111849678982,1.8373873040456803
conditional_ae,3,1,42,subject43,90,90,120,8.326672684688674e-17,axis_balanced,0.0789445785969014,0.0554783327794696,0.0660172323337719,0.1626862858708945,1.6043044858112276,0.6051540348171935,0.9876378727096724,1.6320437704889807
conditional_ae,3,2,42,subject01,90,90,120,6.938893903907227e-17,raw_rms,0.0515815436796271,0.0313467259538209,0.0418363392788992,0.0998141453874983,1.7574867865641537,0.823065887139866,0.941448617474246,1.1438314139658456
conditional_ae,3,2,42,subject01,90,90,120,6.938893903907227e-17,axis_balanced,0.041547308066044,0.0233558166132324,0.0332776896576547,0.0843894057736654,1.3197775658224606,0.5714328371225053,0.7538545317367348,1.3192355824926485
conditional_ae,3,2,42,subject04,90,90,120,8.326672684688674e-17,raw_rms,0.1129093406044028,0.0878819530678828,0.0973120942774804,0.1738904657634278,1.463447319026106,0.3809203994400054,1.0653998061028696,2.7969092956668207
conditional_ae,3,2,42,subject04,90,90,120,8.326672684688674e-17,axis_balanced,0.0633271198505993,0.0432818919812053,0.0530719338488593,0.1374798050234811,1.2735674719550738,0.4720884376380369,0.7944441323824633,1.6828290401629902
conditional_ae,3,2,42,subject10,90,90,120,6.938893903907227e-17,raw_rms,0.1521500080887223,0.0974435297725594,0.1075137309594606,0.3169506866674152,1.7495218461790265,0.5924001386842762,1.0721810354409709,1.8098932890567687
conditional_ae,3,2,42,subject10,90,90,120,6.938893903907227e-17,axis_balanced,0.1058874328574146,0.0729960904302969,0.0826637677098182,0.2217957382748345,1.3722616597055015,0.4675875652174602,0.8679087351554298,1.8561416079398796
conditional_ae,3,2,42,subject12,90,90,120,8.326672684688674e-17,raw_rms,0.1270144307551344,0.077171479587882,0.0870601890891699,0.286372775724694,1.6583263550678975,0.5407962786171991,1.0502819065357545,1.9421026883197048
conditional_ae,3,2,42,subject12,90,90,120,8.326672684688674e-17,axis_balanced,0.1124363417713647,0.0806774927803952,0.0903605211298362,0.2262453265053411,1.3902930065832553,0.4171997651433619,0.9343279125584092,2.239521664728999
conditional_ae,3,2,42,subject15,88,89,120,8.326672684688674e-17,raw_rms,0.0813105855632843,0.0552308163065496,0.0667670631760694,0.1668710462348681,2.353446140859061,1.071336514279215,1.276942355730566,1.191915274716162
conditional_ae,3,2,42,subject15,88,89,120,8.326672684688674e-17,axis_balanced,0.0859795198516579,0.0617438440317235,0.0729028347939613,0.1839186165035786,1.7882482433722473,0.7051915086229502,1.06603782589875,1.5116997480307666
conditional_ae,3,2,42,subject21,88,90,120,8.326672684688674e-17,raw_rms,0.1451525396450221,0.0796131489896676,0.0926245621119745,0.1864510619478264,3.602671706700085,2.625740783351889,0.9795043587625436,0.3730392447620657
conditional_ae,3,2,42,subject21,88,90,120,8.326672684688674e-17,axis_balanced,0.1063952939916965,0.0703589185049411,0.0830472978981156,0.1842210693384031,2.4754733925233112,1.568628415097138,0.8978186013279119,0.5723590065607183
conditional_ae,3,2,42,subject36,90,90,120,8.326672684688674e-17,raw_rms,0.0961743950022511,0.0794644250046164,0.0886776345495662,0.1461427970814838,1.348566591264066,0.4932706942456473,0.84647290625671,1.7160413463265043
conditional_ae,3,2,42,subject36,90,90,120,8.326672684688674e-17,axis_balanced,0.0978290325856654,0.0700372659772526,0.0794999633981196,0.1856272181593106,1.243631695775707,0.4567171125964465,0.7638975666979171,1.672583631375543
conditional_ae,3,3,42,subject02,30,30,120,6.591949208711867e-17,raw_rms,0.1548508189870319,0.1041090239595301,0.1335339751095244,0.2551640719171868,2.222329551353163,1.2155304917108936,0.9904618881700232,0.8148391956633848
conditional_ae,3,3,42,subject02,30,30,120,6.591949208711867e-17,axis_balanced,0.1718608037265866,0.1131105148001953,0.1402073485301653,0.2580302667847788,1.6835355087965551,1.078646874154883,0.5790896590283806,0.5368667660415702
conditional_ae,3,3,42,subject11,90,90,120,8.326672684688674e-17,raw_rms,0.0716010654792869,0.0484041321839343,0.0613676712837257,0.192895978803141,2.564866119073923,1.298472046196939,1.2540632081531378,0.9657991574220876
conditional_ae,3,3,42,subject11,90,90,120,8.326672684688674e-17,axis_balanced,0.0609975726275557,0.0350297186432604,0.0474853922707609,0.195337749004892,2.0635039292491504,1.0934115999325662,0.9520179941922496,0.870685837109249
conditional_ae,3,3,42,subject22,90,90,120,8.326672684688674e-17,raw_rms,0.0498779327578045,0.0229968807690056,0.0350455365995429,0.1545903254209328,1.805067178561814,0.7235093348904216,1.0746541185554987,1.485335526069279
conditional_ae,3,3,42,subject22,90,90,120,8.326672684688674e-17,axis_balanced,0.0788322740965756,0.0421152758198243,0.0521386142290222,0.2321127588955482,1.2483683138476145,0.5001818099572521,0.70574898828348,1.410984914353036
conditional_ae,3,3,42,subject30,90,90,120,8.326672684688674e-17,raw_rms,0.1516642064669189,0.1146657989740754,0.1254380103254867,0.2416683238771953,1.7545693555762252,0.4721824043262872,1.239559506195132,2.625170897597811
conditional_ae,3,3,42,subject30,90,90,120,8.326672684688674e-17,axis_balanced,0.1295370835012441,0.0981928315161101,0.1081244950570731,0.2112865780878576,1.4582475185701405,0.4262848971161398,1.0003937165352303,2.3467726004439617
conditional_ae,3,3,42,subject33,86,88,120,8.326672684688674e-17,raw_rms,0.0783378503944109,0.0497853042921739,0.063215334224959,0.1928293390315395,2.568645814832827,1.215897084888333,1.3405538705358957,1.102522480888266
conditional_ae,3,3,42,subject33,86,88,120,8.326672684688674e-17,axis_balanced,0.0621727477095779,0.0362350215289296,0.0491156421693412,0.1945210720377169,2.112244033054329,1.006945525896083,1.0879690310781345,1.0804646359692078
conditional_ae,3,3,42,subject37,90,90,120,5.551115123125783e-17,raw_rms,0.0905916920945877,0.0589829478049342,0.0719168324028526,0.1921983363340793,2.434661565341849,1.4116381939998472,1.0101862584954302,0.7156127276728668
conditional_ae,3,3,42,subject37,90,90,120,5.551115123125783e-17,axis_balanced,0.1285445825873259,0.0772493927177354,0.0894458640840112,0.2807523147726658,2.1467220671419738,1.3069941790885131,0.7819443865700958,0.598276869997552
conditional_ae,3,3,42,subject40,87,90,120,8.326672684688674e-17,raw_rms,0.2040634030861308,0.1098131759921792,0.1218264960665923,0.4148301797117369,2.6118030358358832,1.1950279657372869,1.2685402493517135,1.0615151157312643
conditional_ae,3,3,42,subject40,87,90,120,8.326672684688674e-17,axis_balanced,0.1298497552203497,0.0760985382672431,0.0873761353961879,0.3061484924201583,2.0021330157148665,0.999503741096462,0.927739131761912,0.9281997591566552
conditional_ae,3,0,43,subject05,90,90,120,1.1102230246251563e-16,raw_rms,0.1512037400173891,0.109624764294232,0.1176099826025458,0.2305293129467866,1.2812899699144114,0.2455483451079607,0.9936062275203804,4.046479022627985
conditional_ae,3,0,43,subject05,90,90,120,1.1102230246251563e-16,axis_balanced,0.1812205526366619,0.1235548707254141,0.130766378812277,0.3060870942512149,0.9895375659964126,0.2000893401137501,0.7038475275687358,3.5176662943093358
conditional_ae,3,0,43,subject13,90,90,120,5.551115123125783e-17,raw_rms,0.0641341145406928,0.0393028846049903,0.0474645181083213,0.1400630324454288,1.350285884085302,0.5750148228914392,0.7684461798894819,1.336393688123344
conditional_ae,3,0,43,subject13,90,90,120,5.551115123125783e-17,axis_balanced,0.0592414372486391,0.0333087341720363,0.040582411601405,0.1465713190505404,0.936047427331681,0.3405845798649649,0.5826191284115412,1.710644470875746
conditional_ae,3,0,43,subject19,88,90,120,8.326672684688674e-17,raw_rms,0.1206923499603498,0.076247571599475,0.0846641824219418,0.2582064336370265,1.2728308161218729,0.479171776175523,0.738466495886917,1.541131036099282
conditional_ae,3,0,43,subject19,88,90,120,8.326672684688674e-17,axis_balanced,0.0957243746682993,0.0638654560009723,0.0713809203610489,0.1847536033418123,0.9384826390139924,0.3048617399402978,0.6079405288657959,1.9941516078234385
conditional_ae,3,0,43,subject24,88,90,120,8.326672684688674e-17,raw_rms,0.0775549465307285,0.0555980316806729,0.0655141823621826,0.1151404654277364,1.7565648780384515,0.6527640463348907,1.1070216189305655,1.69589857950391
conditional_ae,3,0,43,subject24,88,90,120,8.326672684688674e-17,axis_balanced,0.0520188920473849,0.0306660826408121,0.040615596729425,0.1240430684965731,1.3890030519170062,0.6008917142698702,0.7859508195711823,1.3079741339521933
conditional_ae,3,0,43,subject27,87,90,120,8.326672684688674e-17,raw_rms,0.1788212977593111,0.1234366109647939,0.132880518137229,0.3118964444157111,1.7990923932863296,0.6439936517249081,1.0739242028989155,1.6676006044818266
conditional_ae,3,0,43,subject27,87,90,120,8.326672684688674e-17,axis_balanced,0.1649951915442178,0.1095691036687676,0.1186033534015045,0.3251489905953984,1.3539215832008615,0.4474271354747183,0.8125149521922581,1.8159715577603115
conditional_ae,3,0,43,subject34,90,90,120,8.326672684688674e-17,raw_rms,0.0509095701921602,0.023981044798747,0.0337280858628763,0.1066539108092341,1.6573263017513162,0.8647568818662528,0.7974481744463932,0.9221645888789008
conditional_ae,3,0,43,subject34,90,90,120,8.326672684688674e-17,axis_balanced,0.0507825577968086,0.0241029531307921,0.0329284435130208,0.0978955485471942,1.1654795792926989,0.543099275726661,0.6240314637354403,1.1490191418511706
conditional_ae,3,0,43,subject35,85,86,120,8.326672684688674e-17,raw_rms,0.0768417103485388,0.0378721599860767,0.0494094787157423,0.2322560874081927,2.0184718123226006,0.8815464293616184,1.1024198649066734,1.250552243408215
conditional_ae,3,0,43,subject35,85,86,120,8.326672684688674e-17,axis_balanced,0.1482678287753018,0.0761420113703515,0.0864860574544278,0.3847217196013993,1.4037878557781838,0.5898240134266413,0.6784653373908501,1.150284359311243
conditional_ae,3,1,43,subject08,89,90,120,4.440892098500626e-16,raw_rms,0.3449685351333218,0.2033008352878406,0.2152509285481268,0.5851851182247776,1.7304642497101816,0.5973954376251124,0.8039646217593743,1.3457829958585852
conditional_ae,3,1,43,subject08,89,90,120,4.440892098500626e-16,axis_balanced,0.468921764165354,0.264620468182597,0.2773794795413616,0.6945160117634963,2.61200349575225,1.4715404849726217,0.6801287092606233,0.462188241646153
conditional_ae,3,1,43,subject18,88,90,120,8.326672684688674e-17,raw_rms,0.1502222119908289,0.1105043540609582,0.1225525787696979,0.2521389983016713,2.517242804057199,1.4401307269673116,1.0381910472072362,0.7209005597661977
conditional_ae,3,1,43,subject18,88,90,120,8.326672684688674e-17,axis_balanced,0.1844965726814937,0.1175132667290073,0.1290617211218605,0.3673181774593281,2.342493327774951,1.2853000539149289,0.9444219247846848,0.7347871198698277
conditional_ae,3,1,43,subject23,90,90,120,8.326672684688674e-17,raw_rms,0.1899413190410839,0.162473367751439,0.1723466743882068,0.2626980690342691,1.4797075624414493,0.2356683002136246,1.187543721098351,5.039047339085854
conditional_ae,3,1,43,subject23,90,90,120,8.326672684688674e-17,axis_balanced,0.1675707685360885,0.1336363756197719,0.1435949862496292,0.248079739336723,1.602600053395669,0.3307994204602921,1.224133739477875,3.70053169311648
conditional_ae,3,1,43,subject25,88,90,120,2.220446049250313e-16,raw_rms,0.090807764624015,0.0485831529676549,0.0621840775409261,0.2495492984314842,2.3963546205155053,1.6061325253211065,0.7520603292048054,0.4682430106783682
conditional_ae,3,1,43,subject25,88,90,120,2.220446049250313e-16,axis_balanced,0.1099091514801355,0.0654208831814494,0.0785998271618382,0.2466403791130079,2.3099187344852914,1.5721578624455026,0.7002330918903727,0.4453961708407292
conditional_ae,3,1,43,subject26,89,90,120,8.326672684688674e-17,raw_rms,0.0780565645466409,0.0552535093572729,0.0682362688217969,0.2003050385812365,2.058533770009896,1.1825538414212335,0.856131738387766,0.7239685064646508
conditional_ae,3,1,43,subject26,89,90,120,8.326672684688674e-17,axis_balanced,0.16732956055411,0.1079756099177985,0.1213041833554593,0.3144285074980242,2.7188380366503715,1.8621554077772864,0.7850500418698694,0.4215813774678044
conditional_ae,3,1,43,subject41,15,13,120,5.551115123125783e-17,raw_rms,0.2098054977782943,0.0911408243265374,0.1547189492488227,0.3052296522883399,3.804346617941448,2.9751504204848285,0.9729970905612482,0.3270413098651628
conditional_ae,3,1,43,subject41,15,13,120,5.551115123125783e-17,axis_balanced,0.2486061009036095,0.097326021088777,0.1594345880831363,0.4094958986410075,3.6051838407513,2.7458948681214705,0.9104115265101304,0.331553672021305
conditional_ae,3,1,43,subject43,90,90,120,8.326672684688674e-17,raw_rms,0.0672321927252337,0.0478501529324855,0.0581853584025101,0.1545350810861942,1.3184683256181766,0.5504616161986677,0.7565464117443808,1.3743854057779292
conditional_ae,3,1,43,subject43,90,90,120,8.326672684688674e-17,axis_balanced,0.0558935367299713,0.036883936474102,0.0471000255536037,0.1234717092253487,1.431588081312581,0.6051540348171935,0.8247859333477808,1.3629355269802246
conditional_ae,3,2,43,subject01,90,90,120,8.326672684688674e-17,raw_rms,0.048378379310773,0.0257750992767333,0.036327576169145,0.1562895376029804,1.835988283714428,0.823065887139866,1.0060246926395136,1.2222893796940426
conditional_ae,3,2,43,subject01,90,90,120,8.326672684688674e-17,axis_balanced,0.0409371203685402,0.0202161219337353,0.0301456825011161,0.1293369348675028,1.356305338976526,0.5714328371225053,0.7810020634072998,1.3667434082719097
conditional_ae,3,2,43,subject04,90,90,120,5.551115123125783e-17,raw_rms,0.0872213257371432,0.0658909759839173,0.0752166798044161,0.1507483998714993,1.3188106936795776,0.3809203994400054,0.9271236938404248,2.433904026151915
conditional_ae,3,2,43,subject04,90,90,120,5.551115123125783e-17,axis_balanced,0.0539499161985848,0.0358089633106485,0.0456845180276234,0.1066389531161314,1.3032088734927554,0.4720884376380369,0.8319267192785355,1.7622264240167569
conditional_ae,3,2,43,subject10,90,90,120,8.326672684688674e-17,raw_rms,0.1061298323767945,0.0764173842551111,0.0864823065069332,0.1940591022838115,1.7001246190126027,0.5924001386842762,1.0856952291552462,1.832705899709242
conditional_ae,3,2,43,subject10,90,90,120,8.326672684688674e-17,axis_balanced,0.0938753098875875,0.0705956118477224,0.0803593964069123,0.1533795625627983,1.410143970955534,0.4675875652174602,0.931993142437738,1.9931948831964712
conditional_ae,3,2,43,subject12,90,90,120,5.551115123125783e-17,raw_rms,0.1331729340523724,0.0755640972058943,0.0851842023618637,0.3343241288626112,1.5477239426706253,0.5407962786171991,0.9087366942391998,1.6803678763522818
conditional_ae,3,2,43,subject12,90,90,120,5.551115123125783e-17,axis_balanced,0.1061930147063343,0.0645032198635625,0.0738157922309225,0.2725785556244975,1.2791507996671592,0.4171997651433619,0.7989453967900814,1.9150188076341328
conditional_ae,3,2,43,subject15,88,89,120,8.326672684688674e-17,raw_rms,0.0657811945009279,0.0408733554611464,0.0521202956115961,0.1589352038852113,2.1431261684768064,1.071336514279215,1.0674622629459258,0.9963837213782488
conditional_ae,3,2,43,subject15,88,89,120,8.326672684688674e-17,axis_balanced,0.0605202412146219,0.039338210846383,0.050186983765818,0.1273582192926566,1.642541604695624,0.7051915086229502,0.93686065225025,1.3285194742059323
conditional_ae,3,2,43,subject21,88,90,120,8.847089727481715e-17,raw_rms,0.1277269652805572,0.0621337800041528,0.0752698818936091,0.1946975033650337,3.7052569165088056,2.625740783351889,1.0797820970754328,0.4112295105143764
conditional_ae,3,2,43,subject21,88,90,120,8.847089727481715e-17,axis_balanced,0.0933306478147857,0.0583221851884631,0.0709984750243662,0.170180479963089,2.4616617352354524,1.568628415097138,0.8889087015025594,0.5666789489131583
conditional_ae,3,2,43,subject36,90,90,120,8.326672684688674e-17,raw_rms,0.0858375684963064,0.0641545227311132,0.0731925390369984,0.1608496760102027,1.3492210594956753,0.4932706942456473,0.8425800327419083,1.7081493844479356
conditional_ae,3,2,43,subject36,90,90,120,8.326672684688674e-17,axis_balanced,0.0936536992368024,0.0596784562397685,0.0687734190984026,0.2045037990041303,1.1668042568046595,0.4567171125964465,0.6789982941030219,1.486693349944569
conditional_ae,3,3,43,subject02,30,30,120,2.220446049250313e-16,raw_rms,0.3257537855907048,0.2225906940373673,0.2508124152477304,0.4828076744129799,1.8280443278633525,1.2155304917108936,0.4234570777184054,0.3483722379702525
conditional_ae,3,3,43,subject02,30,30,120,2.220446049250313e-16,axis_balanced,0.2593312983094118,0.1582699722736326,0.1848470499862013,0.4237431287086837,1.642930765835001,1.078646874154883,0.4242156790159225,0.3932850399703743
conditional_ae,3,3,43,subject11,90,90,120,8.326672684688674e-17,raw_rms,0.2154428847301988,0.141466727217452,0.1542953116889339,0.3659012274159547,2.4451065759397337,1.298472046196939,1.035810039023454,0.7977145461523111
conditional_ae,3,3,43,subject11,90,90,120,8.326672684688674e-17,axis_balanced,0.1196206474702092,0.0808999393594062,0.0934432688806462,0.2645649508820045,2.116502579117891,1.0934115999325662,0.973356689472762,0.8902015394136952
conditional_ae,3,3,43,subject22,90,90,120,8.326672684688674e-17,raw_rms,0.0499131022088785,0.032355471246719,0.0435176101409912,0.1249342685997464,1.3159805432055889,0.7235093348904216,0.5898167691978223,0.8152165297040052
conditional_ae,3,3,43,subject22,90,90,120,8.326672684688674e-17,axis_balanced,0.0719084885178824,0.0364705083150551,0.0459834655700728,0.217320775843085,1.0889932507451592,0.5001818099572521,0.551738517822916,1.103075935268558
conditional_ae,3,3,43,subject30,90,90,120,8.326672684688674e-17,raw_rms,0.116132937193065,0.0921898356753686,0.1017801042902518,0.2246983311467356,1.1386857286184275,0.4721824043262872,0.6264811315272538,1.3267777998231869
conditional_ae,3,3,43,subject30,90,90,120,8.326672684688674e-17,axis_balanced,0.1073897141043369,0.0750179883934543,0.0840572137576203,0.2038280569622771,1.1484246664869495,0.4262848971161398,0.6910894703421566,1.6211915435368371
conditional_ae,3,3,43,subject33,86,88,120,5.551115123125783e-17,raw_rms,0.0761943199582377,0.0589428310914195,0.0715515114132188,0.1407172497514103,2.050332744905846,1.215897084888333,0.8354131038334675,0.687075505169248
conditional_ae,3,3,43,subject33,86,88,120,5.551115123125783e-17,axis_balanced,0.0580780058909704,0.0341300911749322,0.0463357357687941,0.1530508724269469,1.7868262798075103,1.006945525896083,0.7743516778034131,0.7690104954926092
conditional_ae,3,3,43,subject37,90,90,120,5.551115123125783e-17,raw_rms,0.08908736667476,0.0651207546457064,0.0771077026170803,0.2077467572523479,2.0394244576713363,1.4116381939998472,0.6053570595074048,0.4288330126518738
conditional_ae,3,3,43,subject37,90,90,120,5.551115123125783e-17,axis_balanced,0.1373325922851523,0.0801306791406606,0.0916986909982939,0.3117011643548952,2.016973646310985,1.3069941790885131,0.6326158073018845,0.4840234313385124
conditional_ae,3,3,43,subject40,87,90,120,5.551115123125783e-17,raw_rms,0.261640209073015,0.1463850339521212,0.1581389046346041,0.4793489621120793,2.363780774671861,1.1950279657372869,0.9602576167712656,0.8035440544513309
conditional_ae,3,3,43,subject40,87,90,120,5.551115123125783e-17,axis_balanced,0.1977470800130067,0.1067124656141688,0.1180149405274785,0.429691862595024,2.120577498923448,0.999503741096462,0.9555068149612422,0.9559812291578272
conditional_ae,3,0,44,subject05,90,90,120,7.806255641895632e-17,raw_rms,0.1994657641320982,0.1478175678757068,0.1561981148512775,0.2707056106917282,1.4779263026214102,0.2455483451079607,1.1715879779486844,4.771312864819227
conditional_ae,3,0,44,subject05,90,90,120,7.806255641895632e-17,axis_balanced,0.2050170842054557,0.1562789531608285,0.1641625648325858,0.274427727471684,1.2057232414383183,0.2000893401137501,0.9403830641439817,4.699815910279761
conditional_ae,3,0,44,subject13,90,90,120,7.806255641895632e-17,raw_rms,0.096782712701033,0.078362363531435,0.0871294403901927,0.1029672481813376,1.5455262395238996,0.5750148228914392,0.974418369097922,1.694596956993383
conditional_ae,3,0,44,subject13,90,90,120,7.806255641895632e-17,axis_balanced,0.0826014538502331,0.0594423934644083,0.0672742985390084,0.0918537629200075,1.0791658247580127,0.3405845798649649,0.7400958698219431,2.173016377063743
conditional_ae,3,0,44,subject19,88,90,120,6.938893903907227e-17,raw_rms,0.1782887382354376,0.1116912420458098,0.1205508027964248,0.3418155520787724,1.590071771173954,0.479171776175523,1.0077844580187325,2.103179920283068
conditional_ae,3,0,44,subject19,88,90,120,6.938893903907227e-17,axis_balanced,0.1226804923744979,0.0837233530661816,0.0916045735555131,0.2332949464098395,1.071232823731692,0.3048617399402978,0.7213430969112883,2.36613192935444
conditional_ae,3,0,44,subject24,88,90,120,8.326672684688674e-17,raw_rms,0.1247356113594808,0.0939929209228673,0.104042311144414,0.1982804248935645,1.8405176993950867,0.6527640463348907,1.1654031529536697,1.7853360023382434
conditional_ae,3,0,44,subject24,88,90,120,8.326672684688674e-17,axis_balanced,0.07119888496863,0.0439599145431913,0.0540388873523551,0.1696020103539443,1.471450541207592,0.6008917142698702,0.8556005643273488,1.4238847765890223
conditional_ae,3,0,44,subject27,87,90,120,5.551115123125783e-17,raw_rms,0.237422144920437,0.1609029235292461,0.1702026930900605,0.3918998398750446,1.866525403488619,0.6439936517249081,1.085144624156764,1.6850237906076446
conditional_ae,3,0,44,subject27,87,90,120,5.551115123125783e-17,axis_balanced,0.1767112947834652,0.1146006617368939,0.1233567046393315,0.3414653168114363,1.2879439096779766,0.4474271354747183,0.7350147471272361,1.642758538431936
conditional_ae,3,0,44,subject34,90,90,120,8.326672684688674e-17,raw_rms,0.1228518657109447,0.0796689263802737,0.0900375802540696,0.2424920806117997,2.0765985632803297,0.8647568818662528,1.172417830641833,1.3557773927298613
conditional_ae,3,0,44,subject34,90,90,120,8.326672684688674e-17,axis_balanced,0.0957052403019129,0.0632920708738945,0.0725109502883086,0.1893546117670787,1.3345033071443222,0.543099275726661,0.7679831584710887,1.4140750923365448
conditional_ae,3,0,44,subject35,85,86,120,8.326672684688674e-17,raw_rms,0.0688148723034947,0.0273180592017989,0.0391061154074332,0.243257882524518,1.9418287970336217,0.8815464293616184,1.019857321147552,1.1568957540740004
conditional_ae,3,0,44,subject35,85,86,120,8.326672684688674e-17,axis_balanced,0.081826331391503,0.0351188206129606,0.0459781616862231,0.2757911786323641,1.4309066582352816,0.5898240134266413,0.7783666783441885,1.319659187529836
conditional_ae,3,1,44,subject08,89,90,120,4.440892098500626e-16,raw_rms,0.264981662560467,0.1898363055635228,0.2017696439476857,0.4237567249873196,1.6909184686571326,0.5973954376251124,0.9283270549358976,1.5539573898092889
conditional_ae,3,1,44,subject08,89,90,120,4.440892098500626e-16,axis_balanced,0.4739915871512339,0.2894591151211184,0.3020881614106481,0.6634254505194742,2.608780023022151,1.4715404849726217,0.7194520935989159,0.4889108393183634
conditional_ae,3,1,44,subject18,88,90,120,7.806255641895632e-17,raw_rms,0.158341531476464,0.1055649047930966,0.1176774520174979,0.2672037088577856,2.541657401674952,1.4401307269673116,1.0549213161702289,0.7325177474629173
conditional_ae,3,1,44,subject18,88,90,120,7.806255641895632e-17,axis_balanced,0.1892870637054853,0.1236235164388454,0.135272957983572,0.3608451790085047,2.354710828055789,1.2853000539149289,0.9614951018191727,0.7480705372185505
conditional_ae,3,1,44,subject23,90,90,120,8.326672684688674e-17,raw_rms,0.1911700966028666,0.1327787834653143,0.1423544176942286,0.3725440934421155,1.3074751282697057,0.2356683002136246,0.9434987527729548,4.003503024877372
conditional_ae,3,1,44,subject23,90,90,120,8.326672684688674e-17,axis_balanced,0.1818522600300649,0.1289014392403947,0.1386860197655265,0.3243770374100961,1.5748243737045524,0.3307994204602921,1.152080712566254,3.4827168408069973
conditional_ae,3,1,44,subject25,88,90,120,2.220446049250313e-16,raw_rms,0.1273435270597518,0.0523911225732207,0.0660046803483221,0.4022285158822743,2.501504214065428,1.6061325253211065,0.7577443630623286,0.4717819676248923
conditional_ae,3,1,44,subject25,88,90,120,2.220446049250313e-16,axis_balanced,0.1190820002624728,0.0571225101753416,0.0704348120696389,0.3295513980347068,2.383455027637517,1.5721578624455026,0.7262132389303093,0.4619213224559266
conditional_ae,3,1,44,subject26,89,90,120,2.220446049250313e-16,raw_rms,0.0562734340243658,0.0323583917992976,0.0454805065332547,0.1840766297693573,2.1421774677123078,1.1825538414212335,0.9467686465116618,0.8006135647691127
conditional_ae,3,1,44,subject26,89,90,120,2.220446049250313e-16,axis_balanced,0.0965824957098877,0.0588319101282583,0.0724993610367471,0.1949931098860061,2.7853289423736096,1.8621554077772864,0.9134539536154058,0.4905358327239328
conditional_ae,3,1,44,subject41,15,13,120,5.551115123125783e-17,raw_rms,0.2107441656470514,0.0845163681161054,0.1479991931940942,0.2834638920109846,3.752222081845415,2.9751504204848285,0.9333555710311764,0.3137171030428362
conditional_ae,3,1,44,subject41,15,13,120,5.551115123125783e-17,axis_balanced,0.244605225714799,0.0954745634389127,0.1575696748629664,0.4042551882178661,3.626238548197035,2.7458948681214705,0.935943635332127,0.3408519554765137
conditional_ae,3,1,44,subject43,90,90,120,8.326672684688674e-17,raw_rms,0.1070654132620447,0.0826721484560047,0.0932914766249108,0.2115045695122769,1.440674159378869,0.5504616161986677,0.8587508575821305,1.5600558373396154
conditional_ae,3,1,44,subject43,90,90,120,8.326672684688674e-17,axis_balanced,0.0846947304835135,0.0551749220992808,0.0655970200101823,0.1965705386898139,1.5047476275874043,0.6051540348171935,0.8749689577911913,1.4458615616030788
conditional_ae,3,2,44,subject01,90,90,120,8.326672684688674e-17,raw_rms,0.0707251066745482,0.0387585096522908,0.0492705676483433,0.230701234803938,1.906406065087112,0.823065887139866,1.0479955913253387,1.27328274406694
conditional_ae,3,2,44,subject01,90,90,120,8.326672684688674e-17,axis_balanced,0.0550659581486474,0.0284895198665048,0.0383593172535542,0.1860896846173615,1.3747590322509586,0.5714328371225053,0.7815590704066586,1.3677181632442763
conditional_ae,3,2,44,subject04,90,90,120,8.326672684688674e-17,raw_rms,0.1099315674140621,0.0742984383372041,0.0835167055965023,0.2426422436380849,1.3310630438708728,0.3809203994400054,0.9030250436125816,2.3706397581755323
conditional_ae,3,2,44,subject04,90,90,120,8.326672684688674e-17,axis_balanced,0.0617094188324645,0.0353724465802495,0.0450394840774291,0.1740092175971144,1.2277447423566732,0.4720884376380369,0.7367622090703297,1.560644468982368
conditional_ae,3,2,44,subject10,90,90,120,5.551115123125783e-17,raw_rms,0.0986389049931129,0.0713470483247343,0.081306991490346,0.1812368317707962,1.6847657876253976,0.5924001386842762,1.075059916148535,1.8147529785125447
conditional_ae,3,2,44,subject10,90,90,120,5.551115123125783e-17,axis_balanced,0.0776822509061911,0.0529463987099427,0.0624962533436095,0.1619409935003979,1.329121038552747,0.4675875652174602,0.8475670642191895,1.8126381607796025
conditional_ae,3,2,44,subject12,90,90,120,5.551115123125783e-17,raw_rms,0.0826551246875795,0.0484424953524066,0.0578228532586401,0.2164903388519256,1.388756643588506,0.5407962786171991,0.8138835082641441,1.5049724645761642
conditional_ae,3,2,44,subject12,90,90,120,5.551115123125783e-17,axis_balanced,0.0716745492221742,0.0481245744794818,0.0573552759448388,0.1671235042330136,1.1855868238689278,0.4171997651433619,0.751353626223006,1.800944509076651
conditional_ae,3,2,44,subject15,88,89,120,8.326672684688674e-17,raw_rms,0.0638072949708623,0.0303953310605814,0.0415920976836864,0.2329077529512354,2.156226680436819,1.071336514279215,1.0514436642325675,0.9814317445718432
conditional_ae,3,2,44,subject15,88,89,120,8.326672684688674e-17,axis_balanced,0.0685000876877324,0.0400762940731357,0.050910450543283,0.1947375174101972,1.6697621481263207,0.7051915086229502,0.9424249804166432,1.3364099948635886
conditional_ae,3,2,44,subject21,88,90,120,7.63278329429795e-17,raw_rms,0.1210217442029952,0.0617087151806053,0.0745310439502608,0.2120171521808549,3.5412728716027533,2.625740783351889,0.9073166854031424,0.3455469371370723
conditional_ae,3,2,44,subject21,88,90,120,7.63278329429795e-17,axis_balanced,0.0920342933936768,0.0550160111388289,0.0675547153283312,0.2043157706777638,2.3984125787945043,1.568628415097138,0.81223707646579,0.5178008179939109
conditional_ae,3,2,44,subject36,90,90,120,6.938893903907227e-17,raw_rms,0.0848066728504255,0.0584966155353825,0.0673343001628687,0.195249149488777,1.2552680447230486,0.4932706942456473,0.7354849468163989,1.491037183835068
conditional_ae,3,2,44,subject36,90,90,120,6.938893903907227e-17,axis_balanced,0.0845567534301843,0.0523551208402699,0.0614235043271502,0.20444255058344,1.1520461026281217,0.4567171125964465,0.6641413796238834,1.4541635539956574
conditional_ae,3,3,44,subject02,30,30,120,5.551115123125783e-17,raw_rms,0.1341263566064359,0.0905966310170438,0.1195392799782205,0.204794040132103,1.9525619745960865,1.2155304917108936,0.7417901516658081,0.6102604226914271
conditional_ae,3,3,44,subject02,30,30,120,5.551115123125783e-17,axis_balanced,0.1696167895716013,0.1125451015807121,0.1392987624792037,0.2385523777372121,1.5788028332080346,1.078646874154883,0.483230539093348,0.4479969772053138
conditional_ae,3,3,44,subject11,90,90,120,8.847089727481715e-17,raw_rms,0.1627659483640935,0.0928756261456766,0.1053778792861235,0.3312400652600321,2.2649849177068813,1.298472046196939,0.8785415373342231,0.6765964195435401
conditional_ae,3,3,44,subject11,90,90,120,8.847089727481715e-17,axis_balanced,0.131440170626252,0.0775907324740938,0.0896941159965922,0.3173574917404079,1.961736580455565,1.0934115999325662,0.7863108108264855,0.7191352377046114
conditional_ae,3,3,44,subject22,90,90,120,6.591949208711867e-17,raw_rms,0.0351541774409991,0.0133006694648105,0.0251998080025158,0.1271105313745055,1.5905957075125952,0.7235093348904216,0.8661864988696717,1.1972015523488155
conditional_ae,3,3,44,subject22,90,90,120,6.591949208711867e-17,axis_balanced,0.0724157082648684,0.0345152423834915,0.0445159047215215,0.23399534809465,1.2092446440875655,0.5001818099572521,0.6654116842351951,1.3303396304876909
conditional_ae,3,3,44,subject30,90,90,120,8.326672684688674e-17,raw_rms,0.1965348588944435,0.1338161200344952,0.1440249903398617,0.3810786711494165,1.4908790251381845,0.4721824043262872,0.8861063580162083,1.87661875982124
conditional_ae,3,3,44,subject30,90,90,120,8.326672684688674e-17,axis_balanced,0.1571776422263215,0.1020332062113772,0.1112063943519953,0.3200310741394144,1.1992813198858825,0.4262848971161398,0.6809879326505153,1.5974948614353148
conditional_ae,3,3,44,subject33,86,88,120,5.551115123125783e-17,raw_rms,0.0505833434743969,0.0307665692821592,0.0435949423209225,0.1037420757853479,2.152659327007399,1.215897084888333,0.9477144566310148,0.7794364082368468
conditional_ae,3,3,44,subject33,86,88,120,5.551115123125783e-17,axis_balanced,0.0461744232402732,0.0241240426791219,0.0363331613240782,0.119642039807591,1.7766964109269794,1.006945525896083,0.773323593414301,0.7679895024372033
conditional_ae,3,3,44,subject37,90,90,120,5.551115123125783e-17,raw_rms,0.109690604045187,0.0855459203452044,0.0980277512834609,0.1884404559087504,2.266157780516427,1.4116381939998472,0.8417088906712964,0.5962638969737224
conditional_ae,3,3,44,subject37,90,90,120,5.551115123125783e-17,axis_balanced,0.1588644158496204,0.1033239729666424,0.1150128917393978,0.3042550382778083,2.0204108267892718,1.3069941790885131,0.6407069011046277,0.4902140433031242
conditional_ae,3,3,44,subject40,87,90,120,8.326672684688674e-17,raw_rms,0.2528998555515189,0.1087447067707525,0.1204282330269567,0.5324307828862773,2.369263531830141,1.1950279657372869,0.9116280161709094,0.7628507803233454
conditional_ae,3,3,44,subject40,87,90,120,8.326672684688674e-17,axis_balanced,0.1540458202846095,0.0758339259575829,0.0868757256180452,0.3912206447242148,1.9633220130847195,0.999503741096462,0.8287767491628112,0.8291882412102208
conditional_ae,8,0,42,subject05,90,90,120,8.326672684688674e-17,raw_rms,0.1337020107019282,0.1049099011084749,0.1132061712214095,0.129851886910262,1.172918101383426,0.2455483451079607,0.9209108154826424,3.7504256649652574
conditional_ae,8,0,42,subject05,90,90,120,8.326672684688674e-17,axis_balanced,0.1108680887871691,0.082378257337875,0.08994348191578,0.1094756099129126,0.9156773780091674,0.2000893401137501,0.7117576574316965,3.5571992842150637
conditional_ae,8,0,42,subject13,90,90,120,8.326672684688674e-17,raw_rms,0.1241681849526967,0.1079291693058733,0.1171312314595588,0.0681199341793971,1.6188275649153914,0.5750148228914392,1.0543477010208702,1.833600907397699
conditional_ae,8,0,42,subject13,90,90,120,8.326672684688674e-17,axis_balanced,0.0978406712607751,0.0718262120490675,0.0798795210387577,0.0844032270531073,1.0544411208519586,0.3405845798649649,0.7164876396903792,2.1036995860894594
conditional_ae,8,0,42,subject19,88,90,120,6.591949208711867e-17,raw_rms,0.0853766785439997,0.0541948116367689,0.0630085278106085,0.142985259114293,1.332660036295809,0.479171776175523,0.8454127125808734,1.7643207605599762
conditional_ae,8,0,42,subject19,88,90,120,6.591949208711867e-17,axis_balanced,0.0842361211493487,0.0554287618794406,0.0632566256534585,0.1212259201431484,0.946913117346284,0.3048617399402978,0.6360433677553979,2.086333850485655
conditional_ae,8,0,42,subject24,88,90,120,8.326672684688674e-17,raw_rms,0.1013518111887603,0.0787942375090371,0.0886584846986349,0.1602889383985212,1.5852496045919933,0.6527640463348907,0.9217270067216908,1.4120370322124216
conditional_ae,8,0,42,subject24,88,90,120,8.326672684688674e-17,axis_balanced,0.0627521322005837,0.0356212873588999,0.0453856222336525,0.1699976626722611,1.3097920546298492,0.6008917142698702,0.6924481105703655,1.152367546641483
conditional_ae,8,0,42,subject27,87,90,120,5.551115123125783e-17,raw_rms,0.1597715327132225,0.1158610452831557,0.1251854424807964,0.2583861989640518,1.6452157139733532,0.6439936517249081,0.9495268431453984,1.474435098237589
conditional_ae,8,0,42,subject27,87,90,120,5.551115123125783e-17,axis_balanced,0.1092954361706557,0.0760066697705322,0.0849737151018602,0.2048598924552995,1.2337265794869832,0.4474271354747183,0.7555999473195162,1.6887664770663224
conditional_ae,8,0,42,subject34,90,90,120,8.326672684688674e-17,raw_rms,0.0693937409067164,0.0499992137937457,0.060332807130021,0.0954482031439254,1.82351574549616,0.8647568818662528,0.9673178964151434,1.1186009810382211
conditional_ae,8,0,42,subject34,90,90,120,8.326672684688674e-17,axis_balanced,0.067259594333271,0.04088616415993,0.0502032358933437,0.0978965651063121,1.2685478002164567,0.543099275726661,0.7279656034559437,1.34039140906961
conditional_ae,8,0,42,subject35,85,86,120,8.326672684688674e-17,raw_rms,0.033476678057269,0.0057399773265913,0.0177712160332421,0.1467777870937257,2.03902982361471,0.8815464293616184,1.155822065894378,1.31113010886038
conditional_ae,8,0,42,subject35,85,86,120,8.326672684688674e-17,axis_balanced,0.0302102679678701,0.0073919263919771,0.0183495336749667,0.1255645587455744,1.397471363131773,0.5898240134266413,0.8054514050953978,1.365579201185872
conditional_ae,8,1,42,subject08,89,90,120,5.551115123125783e-17,raw_rms,0.0674370374208994,0.0406012740300411,0.0523564286882982,0.200043708352499,1.2960352816088012,0.5973954376251124,0.670850506706211,1.122958871887459
conditional_ae,8,1,42,subject08,89,90,120,5.551115123125783e-17,axis_balanced,0.150528242869061,0.1038899763976057,0.1165875171957748,0.2770051647256943,2.147178578065389,1.4715404849726217,0.6204269058565591,0.4216172862332784
conditional_ae,8,1,42,subject18,88,90,120,5.551115123125783e-17,raw_rms,0.051070106578325,0.0309886039039946,0.0424746555321323,0.1030866985858035,2.090419174332512,1.4401307269673116,0.66117280584377,0.4591061029828144
conditional_ae,8,1,42,subject18,88,90,120,5.551115123125783e-17,axis_balanced,0.0493359882952597,0.0266249241866451,0.0377694687467944,0.125116969994375,1.981840797497508,1.2853000539149289,0.7010093436425262,0.5454052083070436
conditional_ae,8,1,42,subject23,90,90,120,8.326672684688674e-17,raw_rms,0.1047700525907855,0.0959344634491563,0.1053405019008653,0.1671735313325945,0.9765789982999408,0.2356683002136246,0.7215955413551057,3.06191176624521
conditional_ae,8,1,42,subject23,90,90,120,8.326672684688674e-17,axis_balanced,0.0931676177991294,0.0714088305693511,0.0808246420355808,0.154348368105901,1.1596555107307749,0.3307994204602921,0.8155040880501714,2.4652524690503848
conditional_ae,8,1,42,subject25,88,90,120,9.714451465470121e-17,raw_rms,0.0710092992769624,0.0458912544738713,0.0593444146072091,0.1355615617405246,2.2736412546443145,1.6061325253211065,0.672582563949268,0.4187590708399369
conditional_ae,8,1,42,subject25,88,90,120,9.714451465470121e-17,axis_balanced,0.0741437154406776,0.0515550345899414,0.0647269938471396,0.1161113494834702,2.21598428929922,1.5721578624455026,0.6532568088087566,0.4155160397141105
conditional_ae,8,1,42,subject26,89,90,120,9.020562075079396e-17,raw_rms,0.0492119463631501,0.0297884824639009,0.04260337874064,0.1974214670851801,1.954718341617064,1.1825538414212335,0.7526004218386567,0.6364195823288316
conditional_ae,8,1,42,subject26,89,90,120,9.020562075079396e-17,axis_balanced,0.0997864860286181,0.0668148041424916,0.0801203476533035,0.1764285853015557,2.5615919182144893,1.8621554077772864,0.6947899970094098,0.3731106405553594
conditional_ae,8,1,42,subject41,15,13,120,1.1102230246251563e-16,raw_rms,0.2330914397454615,0.1040197217297148,0.1673469091200536,0.2726974785910442,3.5218336235775327,2.9751504204848285,0.7070692567214827,0.2376583220307426
conditional_ae,8,1,42,subject41,15,13,120,1.1102230246251563e-16,axis_balanced,0.2313595592733837,0.1044614839399402,0.1665445929820997,0.306972455811114,3.404282072209947,2.7458948681214705,0.7818935774369349,0.2847500050035951
conditional_ae,8,1,42,subject43,90,90,120,5.551115123125783e-17,raw_rms,0.0424222785815295,0.0257502834920106,0.0360936841583308,0.0913097118044771,1.2496581070457713,0.5504616161986677,0.7028322025787617,1.2768051066527075
conditional_ae,8,1,42,subject43,90,90,120,5.551115123125783e-17,axis_balanced,0.0390998925206889,0.0171334164987733,0.0272860488868943,0.1239350516412281,1.3288135265437806,0.6051540348171935,0.7210321295006362,1.191485288069586
conditional_ae,8,2,42,subject01,90,90,120,9.020562075079396e-17,raw_rms,0.0883443138909838,0.0481251180300016,0.0591261283903136,0.265697336266372,2.091016263175149,0.823065887139866,1.21663913753951,1.478179519463869
conditional_ae,8,2,42,subject01,90,90,120,9.020562075079396e-17,axis_balanced,0.0723073487552532,0.0408569481743464,0.0512060026597389,0.2167293496073828,1.484123184560248,0.5714328371225053,0.8793962926409842,1.538932024048973
conditional_ae,8,2,42,subject04,90,90,120,8.326672684688674e-17,raw_rms,0.1280857275752132,0.1065981153097538,0.1163488856657705,0.1594907315110443,1.5160822656772808,0.3809203994400054,1.1233180050574931,2.9489573325789147
conditional_ae,8,2,42,subject04,90,90,120,8.326672684688674e-17,axis_balanced,0.0802803973703014,0.057439076330733,0.0674640182348759,0.1647014390063656,1.2832278840465716,0.4720884376380369,0.7958907322513956,1.6858932962506208
conditional_ae,8,2,42,subject10,90,90,120,8.326672684688674e-17,raw_rms,0.1211450758922683,0.0930284880867136,0.1034285122426075,0.1800766098171374,1.886624866956688,0.5924001386842762,1.2790380167721045,2.159077848315253
conditional_ae,8,2,42,subject10,90,90,120,8.326672684688674e-17,axis_balanced,0.0989209471710641,0.0711469717761708,0.0810732961611185,0.1788784690092386,1.4179725130364171,0.4675875652174602,0.9313440590270652,1.9918067294923176
conditional_ae,8,2,42,subject12,90,90,120,6.591949208711867e-17,raw_rms,0.074350487937512,0.0506885235871147,0.0602116732874083,0.1364815320405675,1.339412997773658,0.5407962786171991,0.7926033863279087,1.465622855901622
conditional_ae,8,2,42,subject12,90,90,120,6.591949208711867e-17,axis_balanced,0.0659727201926057,0.0441601779493121,0.0534545412147773,0.1222451605981493,1.1232113550151768,0.4171997651433619,0.7015495094401863,1.6815673642556188
conditional_ae,8,2,42,subject15,88,89,120,8.326672684688674e-17,raw_rms,0.0672667564888398,0.0227278303306116,0.0337618769625711,0.2989349032058779,2.0560587848326723,1.071336514279215,0.9150228737377166,0.8540947326464787
conditional_ae,8,2,42,subject15,88,89,120,8.326672684688674e-17,axis_balanced,0.0517715730469574,0.0170866331998619,0.0276335743064889,0.2183258107069852,1.4946359433910086,0.7051915086229502,0.7560017901621005,1.0720517489474155
conditional_ae,8,2,42,subject21,88,90,120,9.714451465470121e-17,raw_rms,0.1507969103204165,0.0952354405244693,0.1078001465132139,0.1479045715055642,3.36595833747134,2.625740783351889,0.7537983422924421,0.2870802582919784
conditional_ae,8,2,42,subject21,88,90,120,9.714451465470121e-17,axis_balanced,0.0894501929089484,0.0632874434008625,0.075474256066336,0.1160508223424579,2.22723836698401,1.568628415097138,0.6681391897136489,0.4259384716502628
conditional_ae,8,2,42,subject36,90,90,120,8.326672684688674e-17,raw_rms,0.0915307216625851,0.0740764178578725,0.0835597070233596,0.164373753613529,1.4531123460237962,0.4932706942456473,0.9461886114885038,1.9181934433293228
conditional_ae,8,2,42,subject36,90,90,120,8.326672684688674e-17,axis_balanced,0.0622746308741652,0.0385720629905222,0.0479945012553827,0.1340618601912509,1.1836174236331811,0.4567171125964465,0.7200023831225556,1.5764734082971552
conditional_ae,8,3,42,subject02,30,30,120,2.220446049250313e-16,raw_rms,0.1571763689206451,0.1169163107014759,0.1464003981587989,0.2501868719121824,2.0260484918984893,1.2155304917108936,0.7950677771772328,0.6540911829024975
conditional_ae,8,3,42,subject02,30,30,120,2.220446049250313e-16,axis_balanced,0.1435120694627367,0.0803944429029313,0.1080782294018533,0.2827903818774416,1.7566553721690092,1.078646874154883,0.6393206659531763,0.592706177778601
conditional_ae,8,3,42,subject11,90,90,120,8.326672684688674e-17,raw_rms,0.1166711199032959,0.1027176536176504,0.1152846696127741,0.1451422064146955,2.135406523186558,1.298472046196939,0.8372729587428493,0.6448140036553859
conditional_ae,8,3,42,subject11,90,90,120,8.326672684688674e-17,axis_balanced,0.0751752574768442,0.0581038273205379,0.0701746333216238,0.1251301442274549,1.823536121792641,1.0934115999325662,0.7327220033371963,0.6701245929551006
conditional_ae,8,3,42,subject22,90,90,120,8.326672684688674e-17,raw_rms,0.0382988267775843,0.0173294451782354,0.0293521170210305,0.1277986201039783,1.5673886367023928,0.7235093348904216,0.8426075365929918,1.1646118383816129
conditional_ae,8,3,42,subject22,90,90,120,8.326672684688674e-17,axis_balanced,0.0376856274559358,0.0171824218641054,0.0274961429769458,0.1125472280642317,1.1939569334002849,0.5001818099572521,0.6924361215774273,1.3843688590686776
conditional_ae,8,3,42,subject30,90,90,120,8.326672684688674e-17,raw_rms,0.1169716089525296,0.0945746536024416,0.1048911392087574,0.2033149490400085,1.2947817032866715,0.4721824043262872,0.7931181192770663,1.679685884120761
conditional_ae,8,3,42,subject30,90,90,120,8.326672684688674e-17,axis_balanced,0.0917235006406402,0.0619385449085271,0.0713220113664007,0.1786098887495719,1.1317357003124606,0.4262848971161398,0.6839856904477635,1.6045271485689392
conditional_ae,8,3,42,subject33,86,88,120,8.326672684688674e-17,raw_rms,0.0269305822404479,0.0039052402438509,0.0167400357946837,0.1738280833882952,2.065381933859572,1.215897084888333,0.840086378546286,0.6909189840054916
conditional_ae,8,3,42,subject33,86,88,120,8.326672684688674e-17,axis_balanced,0.0329807496229275,0.0070325510823413,0.01937712054809,0.1652288787487448,1.7798690238929993,1.006945525896083,0.7634273731952497,0.7581615425679297
conditional_ae,8,3,42,subject37,90,90,120,8.326672684688674e-17,raw_rms,0.0646878889081927,0.0551653112339497,0.0678524264099268,0.1150095073540049,2.2086554614817597,1.4116381939998472,0.8061932264090633,0.5711047135418826
conditional_ae,8,3,42,subject37,90,90,120,8.326672684688674e-17,axis_balanced,0.0635194818621456,0.0324761449055234,0.0447230715054758,0.1776966997788936,2.043947885887368,1.3069941790885131,0.7259493249398042,0.5554342448916453
conditional_ae,8,3,42,subject40,87,90,120,6.938893903907227e-17,raw_rms,0.1657946000724537,0.1038874370294958,0.1155245543494311,0.3322978431088482,2.1219642034647364,1.1950279657372869,0.8367655156647216,0.7002058024210914
conditional_ae,8,3,42,subject40,87,90,120,6.938893903907227e-17,axis_balanced,0.113362549333513,0.0690696221910733,0.0800280549292621,0.2624104952631445,1.7767499028923717,0.999503741096462,0.7255386462806266,0.7258988800629261
conditional_ae,8,0,43,subject05,90,90,120,5.551115123125783e-17,raw_rms,0.1364043974905984,0.1075764419449005,0.1158286824182917,0.1519301493499714,1.2135183655570665,0.2455483451079607,0.9555787211226,3.891611326895559
conditional_ae,8,0,43,subject05,90,90,120,5.551115123125783e-17,axis_balanced,0.1242831106969197,0.0929452023362074,0.1005922242431323,0.1354638685747651,0.9839660622506328,0.2000893401137501,0.7742011536179434,3.869277359692487
conditional_ae,8,0,43,subject13,90,90,120,8.326672684688674e-17,raw_rms,0.0932157264082234,0.0702764999626116,0.0790912973574563,0.097227884139322,1.4698428598347737,0.5750148228914392,0.8992576427665286,1.563886019919708
conditional_ae,8,0,43,subject13,90,90,120,8.326672684688674e-17,axis_balanced,0.0836835661480139,0.0567942857312089,0.0646414094584739,0.0734692813728984,0.9955865699040318,0.3405845798649649,0.6588791877410698,1.9345537839743137
conditional_ae,8,0,43,subject19,88,90,120,8.326672684688674e-17,raw_rms,0.0679385251197726,0.0381577930857384,0.0466978478876303,0.1296458005694518,1.264804299724888,0.479171776175523,0.7806540713853436,1.6291737330943843
conditional_ae,8,0,43,subject19,88,90,120,8.326672684688674e-17,axis_balanced,0.0767508532315679,0.048003710907609,0.0557476730547168,0.1021476144784401,0.9385913307797674,0.3048617399402978,0.6319490504489109,2.0729037713052083
conditional_ae,8,0,43,subject24,88,90,120,8.326672684688674e-17,raw_rms,0.0602395087410971,0.0422751400648895,0.0520375806252331,0.0834915905857616,1.5125543035445197,0.6527640463348907,0.8672998440597516,1.328657497191254
conditional_ae,8,0,43,subject24,88,90,120,8.326672684688674e-17,axis_balanced,0.0495275238305441,0.0292128097243946,0.0390412335384244,0.1154204453061768,1.2946629073117926,0.6008917142698702,0.6929000555800788,1.1531196705250062
conditional_ae,8,0,43,subject27,87,90,120,8.326672684688674e-17,raw_rms,0.0780989331013144,0.0563717335050235,0.0655483924722502,0.106104098044382,1.4829276951104502,0.6439936517249081,0.8418468391088025,1.3072284747744851
conditional_ae,8,0,43,subject27,87,90,120,8.326672684688674e-17,axis_balanced,0.0652052616374716,0.0415936752753809,0.050403108069599,0.1116554859304519,1.1378944453555435,0.4474271354747183,0.6887110335719451,1.5392697021856432
conditional_ae,8,0,43,subject34,90,90,120,8.326672684688674e-17,raw_rms,0.0677551140792442,0.043129691150571,0.0533951176828501,0.1024621868488661,1.7553322378787637,0.8647568818662528,0.8971616128509304,1.0374726488614283
conditional_ae,8,0,43,subject34,90,90,120,8.326672684688674e-17,axis_balanced,0.0643851888648128,0.0376075067931197,0.0469562385016918,0.1008551913032779,1.263959229712292,0.543099275726661,0.7227454999359055,1.3307797160452477
conditional_ae,8,0,43,subject35,85,86,120,8.326672684688674e-17,raw_rms,0.0300914787383863,0.0050379473396747,0.0169618885791372,0.1243720088117565,1.954612438538438,0.8815464293616184,1.076821666363609,1.2215144097893984
conditional_ae,8,0,43,subject35,85,86,120,8.326672684688674e-17,axis_balanced,0.0335106850440232,0.0057643605847195,0.0165314982704295,0.1637054536828119,1.340110197190243,0.5898240134266413,0.7364824809669394,1.2486478410539292
conditional_ae,8,1,43,subject08,89,90,120,8.326672684688674e-17,raw_rms,0.0904977760331091,0.055215388494048,0.0671084106367974,0.2515130885758332,1.326526930683772,0.5973954376251124,0.6781617342034569,1.1351973776355293
conditional_ae,8,1,43,subject08,89,90,120,8.326672684688674e-17,axis_balanced,0.1481564474796552,0.0985718713160622,0.111446577642632,0.2863741117842908,2.1789478113307337,1.4715404849726217,0.6471404816378821,0.4397707628478344
conditional_ae,8,1,43,subject18,88,90,120,8.326672684688674e-17,raw_rms,0.0519868790033293,0.034512014021772,0.0459705263410248,0.0979496190960235,2.0744028955069616,1.4401307269673116,0.6460633544676837,0.4486143808820685
conditional_ae,8,1,43,subject18,88,90,120,8.326672684688674e-17,axis_balanced,0.0530930877754747,0.0309762338308942,0.0421254794520121,0.1192826680542872,1.9850058816467235,1.2853000539149289,0.7056389087836752,0.5490071416665325
conditional_ae,8,1,43,subject23,90,90,120,8.326672684688674e-17,raw_rms,0.1110689561275506,0.098175364152093,0.1076209121540933,0.1822566190491993,0.9889894647200904,0.2356683002136246,0.7287955220049689,3.09246309895876
conditional_ae,8,1,43,subject23,90,90,120,8.326672684688674e-17,axis_balanced,0.0911864987929909,0.0649598232475028,0.0741655336240965,0.1791149885369141,1.0972468433615843,0.3307994204602921,0.7442428163686778,2.249831076889731
conditional_ae,8,1,43,subject25,88,90,120,8.326672684688674e-17,raw_rms,0.0758440777952107,0.0487235221795655,0.0623804143981003,0.1085051100901773,2.33591930290142,1.6061325253211065,0.7420430275085484,0.4620061021180026
conditional_ae,8,1,43,subject25,88,90,120,8.326672684688674e-17,axis_balanced,0.0836385644301085,0.056145852097205,0.0694115984102938,0.1530357195013558,2.261967224631108,1.5721578624455026,0.6896045560700639,0.438635694635257
conditional_ae,8,1,43,subject26,89,90,120,7.63278329429795e-17,raw_rms,0.0540371170326139,0.0355074318797801,0.0486367644456913,0.1955930942470112,2.005289006207446,1.1825538414212335,0.8043206656094064,0.6801556406452889
conditional_ae,8,1,43,subject26,89,90,120,7.63278329429795e-17,axis_balanced,0.0936015473816824,0.0586275531888262,0.0722577458993848,0.1857589714267861,2.6377965440839315,1.8621554077772864,0.7682272502350365,0.4125473346781572
conditional_ae,8,1,43,subject41,15,13,120,5.551115123125783e-17,raw_rms,0.246546996611209,0.1166243634094218,0.1799953094414031,0.2905708845922991,3.52867772128168,2.9751504204848285,0.7038187426656584,0.2365657675052828
conditional_ae,8,1,43,subject41,15,13,120,5.551115123125783e-17,axis_balanced,0.2513059315001378,0.1175221611409176,0.1794700839540901,0.3430877374947125,3.381193952487893,2.7458948681214705,0.7349370462961737,0.2676493753742877
conditional_ae,8,1,43,subject43,90,90,120,6.938893903907227e-17,raw_rms,0.0589107231721717,0.0386366518656753,0.0491641508122855,0.1431023077284713,1.3396249276907066,0.5504616161986677,0.7813122163309008,1.4193763803667585
conditional_ae,8,1,43,subject43,90,90,120,6.938893903907227e-17,axis_balanced,0.0595515040246035,0.0280640653359441,0.0382578613815522,0.1978621355778899,1.3751787452521198,0.6051540348171935,0.7437975322282425,1.229104474950631
conditional_ae,8,2,43,subject01,90,90,120,9.020562075079396e-17,raw_rms,0.0587354125303694,0.0355818836781192,0.0462621442594033,0.1506216682501054,1.8348312010377037,0.823065887139866,1.006612037117817,1.223002985357308
conditional_ae,8,2,43,subject01,90,90,120,9.020562075079396e-17,axis_balanced,0.0594327250951047,0.0324616743768088,0.04255774351703,0.1658869159483381,1.3859774468908064,0.5714328371225053,0.8000424147542076,1.4000637743936517
conditional_ae,8,2,43,subject04,90,90,120,8.326672684688674e-17,raw_rms,0.1308801762736515,0.1128173132372989,0.1224386580845499,0.1674122670195874,1.4509988102494449,0.3809203994400054,1.0550762950018169,2.769807803816477
conditional_ae,8,2,43,subject04,90,90,120,8.326672684688674e-17,axis_balanced,0.0810480336867223,0.0568606363887534,0.0667886793579015,0.1859647248362317,1.268644335831142,0.4720884376380369,0.7736656602298051,1.6388151001973823
conditional_ae,8,2,43,subject10,90,90,120,5.551115123125783e-17,raw_rms,0.1105675057150217,0.0880616413146696,0.0981879202170934,0.1461495000602388,1.676397308624744,0.5924001386842762,1.078204756977246,1.8200616214775784
conditional_ae,8,2,43,subject10,90,90,120,5.551115123125783e-17,axis_balanced,0.0957991608997348,0.0691158197759851,0.0788325742113966,0.155480895116716,1.3391244937633435,0.4675875652174602,0.8597223904445982,1.8386339894320511
conditional_ae,8,2,43,subject12,90,90,120,5.551115123125783e-17,raw_rms,0.0756218639447838,0.0493311835279838,0.0586995934683757,0.1609720000158181,1.3144885867378475,0.5407962786171991,0.7601235336521819,1.4055635434396785
conditional_ae,8,2,43,subject12,90,90,120,5.551115123125783e-17,axis_balanced,0.0575449434897457,0.035126514231361,0.0440637196396003,0.1242714014717797,1.0253000722327603,0.4171997651433619,0.6023117433395049,1.443701060408155
conditional_ae,8,2,43,subject15,88,89,120,8.326672684688674e-17,raw_rms,0.0755574712146451,0.0338531823185402,0.0448910116257932,0.2919608884892701,2.071668873780562,1.071336514279215,0.9349196853966942,0.8726666858971938
conditional_ae,8,2,43,subject15,88,89,120,8.326672684688674e-17,axis_balanced,0.0577821482911333,0.0216678758519643,0.0321937751265818,0.2239131161366281,1.5030739332324752,0.7051915086229502,0.7620189994572069,1.080584479732641
conditional_ae,8,2,43,subject21,88,90,120,5.551115123125783e-17,raw_rms,0.1763153071230505,0.1142207016693886,0.1266500971668732,0.1642596757057587,3.350657918826438,2.625740783351889,0.7332209667271126,0.2792434696433055
conditional_ae,8,2,43,subject21,88,90,120,5.551115123125783e-17,axis_balanced,0.1194111336893598,0.0891278180378515,0.1009786746854534,0.1615072246860987,2.1532867930010573,1.568628415097138,0.5808433602255164,0.3702874145560773
conditional_ae,8,2,43,subject36,90,90,120,9.020562075079396e-17,raw_rms,0.0831260995435312,0.066366440414823,0.0757028061452017,0.1525092155251491,1.3858065213351678,0.4932706942456473,0.8821084555573535,1.7882847407068263
conditional_ae,8,2,43,subject36,90,90,120,9.020562075079396e-17,axis_balanced,0.0788677617722426,0.050474063125359,0.0598981381837582,0.1912889419411819,1.1967791028687214,0.4567171125964465,0.7144993266027256,1.5644242505843098
conditional_ae,8,3,43,subject02,30,30,120,8.326672684688674e-17,raw_rms,0.1399415310162062,0.1127156107406027,0.1419199038688737,0.1848357223228623,1.8876441341705923,1.2155304917108936,0.684168485314401,0.5628558806051953
conditional_ae,8,3,43,subject02,30,30,120,8.326672684688674e-17,axis_balanced,0.1172515681058076,0.0694598998994796,0.0968337861733166,0.2056906395083865,1.6431952887077002,1.078646874154883,0.5628853826991038,0.5218439845200711
conditional_ae,8,3,43,subject11,90,90,120,8.326672684688674e-17,raw_rms,0.1158581152480535,0.105479500202538,0.1181579185954139,0.1547136507913257,2.2467719311242567,1.298472046196939,0.9466800386885076,0.729072328866235
conditional_ae,8,3,43,subject11,90,90,120,8.326672684688674e-17,axis_balanced,0.0749788725271036,0.0556732454347848,0.0678052023186486,0.1554235637827704,1.886104733833978,1.0934115999325662,0.7872460512600032,0.7199905793102569
conditional_ae,8,3,43,subject22,90,90,120,8.326672684688674e-17,raw_rms,0.0409643016705871,0.0175403308305308,0.029611549097544,0.1420574995001062,1.6235863770462935,0.7235093348904216,0.8953973461528167,1.2375753884204248
conditional_ae,8,3,43,subject22,90,90,120,8.326672684688674e-17,axis_balanced,0.0347867845222604,0.0131538933753648,0.0234153600666816,0.1117296754156456,1.1911010684072574,0.5001818099572521,0.6897411567203813,1.378980888527973
conditional_ae,8,3,43,subject30,90,90,120,8.326672684688674e-17,raw_rms,0.1245589282805745,0.1085843095384785,0.1189357556535488,0.1954373151013014,1.3279229443620588,0.4721824043262872,0.8297054793891905,1.7571715332616415
conditional_ae,8,3,43,subject30,90,90,120,8.326672684688674e-17,axis_balanced,0.1056040291841253,0.069984749320862,0.0794826223197691,0.2093673860943026,1.1843057557403178,0.4262848971161398,0.7249640219708199,1.7006561266309792
conditional_ae,8,3,43,subject33,86,88,120,8.803721640582296e-17,raw_rms,0.0386337933007501,0.015848328609346,0.0287276329051138,0.1957382771220686,2.092994585605502,1.215897084888333,0.8597657545358615,0.7071040511745462
conditional_ae,8,3,43,subject33,86,88,120,8.803721640582296e-17,axis_balanced,0.0457243608450637,0.0146300161292128,0.0270135818602955,0.2053936476982258,1.8060421319806772,1.006945525896083,0.7748093630562201,0.7694650238072365
conditional_ae,8,3,43,subject37,90,90,120,5.551115123125783e-17,raw_rms,0.0760386206153505,0.0587602173468664,0.0715480735791609,0.1418995831412644,2.27763466991284,1.4116381939998472,0.868785734157528,0.6154450466488455
conditional_ae,8,3,43,subject37,90,90,120,5.551115123125783e-17,axis_balanced,0.1031028138328002,0.0527212087451627,0.0649572933956594,0.2731002886678111,2.109443181556438,1.3069941790885131,0.7486259418583971,0.5727844498745072
conditional_ae,8,3,43,subject40,87,90,120,8.326672684688674e-17,raw_rms,0.1765064617215979,0.1125877374625444,0.1244580388956023,0.3352871795944325,2.299451819435935,1.1950279657372869,1.013732217888858,0.8482916274377093
conditional_ae,8,3,43,subject40,87,90,120,8.326672684688674e-17,axis_balanced,0.1106597609632056,0.0681670716923955,0.079210637715916,0.2539757904986473,1.8213699334723197,0.999503741096462,0.7749258023594002,0.7753105571263813
conditional_ae,8,0,44,subject05,90,90,120,5.551115123125783e-17,raw_rms,0.1404786497766572,0.1120933958892552,0.1204215148293749,0.1197160777209612,1.1908702756201544,0.2455483451079607,0.9415646785138956,3.834538889276228
conditional_ae,8,0,44,subject05,90,90,120,5.551115123125783e-17,axis_balanced,0.1298095075446961,0.1014523676652381,0.1092087798388541,0.0934358844160294,0.9927561255975392,0.2000893401137501,0.7927661202124399,3.962060746273413
conditional_ae,8,0,44,subject13,90,90,120,5.551115123125783e-17,raw_rms,0.1089764242504556,0.0833020570355698,0.0922986161402144,0.1224392543898372,1.5417169755138904,0.5750148228914392,0.966151094313877,1.6802194584404355
conditional_ae,8,0,44,subject13,90,90,120,5.551115123125783e-17,axis_balanced,0.104017789661676,0.0722469602380302,0.0801994006006847,0.1422577316926284,1.0460377376666865,0.3405845798649649,0.6947900860689076,2.039992786356852
conditional_ae,8,0,44,subject19,88,90,120,6.245004513516506e-17,raw_rms,0.0788163337234282,0.0558933049356193,0.0647733214789878,0.0792541389578881,1.3478205527425164,0.479171776175523,0.8749832156686708,1.8260324567784227
conditional_ae,8,0,44,subject19,88,90,120,6.245004513516506e-17,axis_balanced,0.0813368516198402,0.0558538937903043,0.0638353334712298,0.0835355355263393,1.0024275850472832,0.3048617399402978,0.699806734867882,2.2954888829438804
conditional_ae,8,0,44,subject24,88,90,120,8.326672684688674e-17,raw_rms,0.0729686076231341,0.0473557066765922,0.0572025230057788,0.1542925194984814,1.6369212132634177,0.6527640463348907,0.9757350445749612,1.4947744901905564
conditional_ae,8,0,44,subject24,88,90,120,8.326672684688674e-17,axis_balanced,0.0627446869402499,0.0265873356833247,0.0363565713701418,0.226328692156627,1.3387837351992395,0.6008917142698702,0.6991703381234003,1.1635546330888358
conditional_ae,8,0,44,subject27,87,90,120,5.551115123125783e-17,raw_rms,0.1029499392171777,0.0790918069450676,0.0884818882503452,0.1677136512361288,1.5800843222475434,0.6439936517249081,0.9228083563672408,1.432946355752949
conditional_ae,8,0,44,subject27,87,90,120,5.551115123125783e-17,axis_balanced,0.0734940447007508,0.0476712539129668,0.0565334272215698,0.1369491977420058,1.155554807550861,0.4474271354747183,0.7001788254759825,1.5649002261185965
conditional_ae,8,0,44,subject34,90,90,120,5.551115123125783e-17,raw_rms,0.0763197563837725,0.040991750558928,0.0513741741967347,0.2087613161854726,1.8815661624404636,0.8647568818662528,0.9910955326762017,1.146097306028134
conditional_ae,8,0,44,subject34,90,90,120,5.551115123125783e-17,axis_balanced,0.1001766450725363,0.0576964568649386,0.0670210753466028,0.2279420035466358,1.2977447706070906,0.543099275726661,0.7146780245007105,1.315925202707146
conditional_ae,8,0,44,subject35,85,86,120,8.326672684688674e-17,raw_rms,0.0327252141831253,0.0098727389722927,0.0213721615315723,0.1160164830202564,1.7889694047084015,0.8815464293616184,0.9118121252679242,1.0343325035395163
conditional_ae,8,0,44,subject35,85,86,120,8.326672684688674e-17,axis_balanced,0.0245022988525847,0.0040874816147938,0.0144375592349991,0.1009873273670696,1.2239504462521762,0.5898240134266413,0.636087137442924,1.0784354705185917
conditional_ae,8,1,44,subject08,89,90,120,8.847089727481715e-17,raw_rms,0.0683841382181277,0.0460026530400072,0.0577192253105587,0.1799055603374838,1.263690606306923,0.5973954376251124,0.6459498001272508,1.081276754799403
conditional_ae,8,1,44,subject08,89,90,120,8.847089727481715e-17,axis_balanced,0.1846843141208421,0.127302087563367,0.1399006452906812,0.3283627205982422,2.157591499439598,1.4715404849726217,0.5995758534668837,0.4074477458077131
conditional_ae,8,1,44,subject18,88,90,120,8.326672684688674e-17,raw_rms,0.0576245837146216,0.0404700551173181,0.0521950060653667,0.157646986430635,2.1860305155818605,1.4401307269673116,0.7432423550982324,0.5160936720400263
conditional_ae,8,1,44,subject18,88,90,120,8.326672684688674e-17,axis_balanced,0.0570008115879134,0.0316499067187828,0.0430037970087647,0.1657546470426983,2.058755865328578,1.2853000539149289,0.7666510791000655,0.596476345554412
conditional_ae,8,1,44,subject23,90,90,120,5.551115123125783e-17,raw_rms,0.153048990719709,0.1443160466046172,0.154083869214873,0.2109016547288754,1.1615493414633744,0.2356683002136246,0.8914488100350374,3.7826419982109263
conditional_ae,8,1,44,subject23,90,90,120,5.551115123125783e-17,axis_balanced,0.1240226284725136,0.1011235407284087,0.1107755354573332,0.1914463707714283,1.2495559376902818,0.3307994204602921,0.8932238858467201,2.700197855860329
conditional_ae,8,1,44,subject25,88,90,120,8.326672684688674e-17,raw_rms,0.0831117858473343,0.0593501606517368,0.0727754336172438,0.1244478751866423,2.2454530622811952,1.6061325253211065,0.6470714422887035,0.4028754988068856
conditional_ae,8,1,44,subject25,88,90,120,8.326672684688674e-17,axis_balanced,0.0863462545711519,0.064962306472838,0.0779922529709332,0.1233899394755174,2.1730744766101986,1.5721578624455026,0.6082285287678281,0.386874971843937
conditional_ae,8,1,44,subject26,89,90,120,8.326672684688674e-17,raw_rms,0.0556076410928003,0.0389056660600027,0.0516542177861033,0.1753981323815194,1.8502353881272104,1.1825538414212335,0.6555191888974331,0.554325026004404
conditional_ae,8,1,44,subject26,89,90,120,8.326672684688674e-17,axis_balanced,0.1121857975791946,0.0801629917862771,0.0933243570491529,0.1763074779330237,2.495519854091456,1.8621554077772864,0.6282057833758344,0.3373541116665854
conditional_ae,8,1,44,subject41,15,13,120,8.326672684688674e-17,raw_rms,0.2492274136346035,0.128876460850171,0.1923124072556649,0.2419266537446067,3.567235365023892,2.9751504204848285,0.7688210051089206,0.2584141627984087
conditional_ae,8,1,44,subject41,15,13,120,8.326672684688674e-17,axis_balanced,0.256023941954786,0.1295449854144412,0.1915768667053179,0.3056348125409122,3.3882090225239097,2.7458948681214705,0.766511796230632,0.2791482678850776
conditional_ae,8,1,44,subject43,90,90,120,8.326672684688674e-17,raw_rms,0.0609086992596801,0.0495113124733123,0.0602673026798235,0.0754927230124179,1.3638304428749226,0.5504616161986677,0.8206244527345317,1.490793233507419
conditional_ae,8,1,44,subject43,90,90,120,8.326672684688674e-17,axis_balanced,0.0525406776326871,0.0307174772578002,0.0411835261665608,0.1290377934679098,1.416917398570035,0.6051540348171935,0.8085746675596293,1.3361468668119936
conditional_ae,8,2,44,subject01,90,90,120,5.551115123125783e-17,raw_rms,0.0534092579253326,0.0204859874782089,0.0309469241649099,0.2168444937681926,1.7389632019814982,0.823065887139866,0.8853992842566297,1.0757331801629768
conditional_ae,8,2,44,subject01,90,90,120,5.551115123125783e-17,axis_balanced,0.059156170882304,0.0290082747397014,0.0389387768057969,0.1960328396255585,1.3173042378210638,0.5714328371225053,0.7197900304867606,1.2596231503098765
conditional_ae,8,2,44,subject04,90,90,120,5.551115123125783e-17,raw_rms,0.1015415304984703,0.0809004989390909,0.0903118237573048,0.1617331688225078,1.2911727435099147,0.3809203994400054,0.8957921092993674,2.3516517115289166
conditional_ae,8,2,44,subject04,90,90,120,5.551115123125783e-17,axis_balanced,0.0650140197249338,0.0382583026915015,0.0479920975069434,0.1716646461483462,1.1857639144462222,0.4720884376380369,0.6952458687285534,1.472702598282268
conditional_ae,8,2,44,subject10,90,90,120,8.326672684688674e-17,raw_rms,0.0732834106429429,0.0525850403910055,0.0624546459084266,0.1115931106925565,1.5057092624993256,0.5924001386842762,0.9150638573689076,1.5446719161836613
conditional_ae,8,2,44,subject10,90,90,120,8.326672684688674e-17,axis_balanced,0.0762089463690114,0.0486781808822828,0.0581983818224155,0.1454794012954158,1.2371960356386285,0.4675875652174602,0.7599727377591942,1.6253057059072022
conditional_ae,8,2,44,subject12,90,90,120,5.551115123125783e-17,raw_rms,0.0729785635685911,0.0516779976439693,0.0611677674063734,0.1223569867979939,1.294834414667912,0.5407962786171991,0.7513368921404568,1.3893159436333478
conditional_ae,8,2,44,subject12,90,90,120,5.551115123125783e-17,axis_balanced,0.0584993622721337,0.0386543649035517,0.0478215262400827,0.0979647382416657,1.073474064954106,0.4171997651433619,0.6567859793122925,1.5742721693206174
conditional_ae,8,2,44,subject15,88,89,120,5.551115123125783e-17,raw_rms,0.0478010504967296,0.0222861837215203,0.0333555893076144,0.1623457076485658,2.024691308714483,1.071336514279215,0.946927214690259,0.8838746762284515
conditional_ae,8,2,44,subject15,88,89,120,5.551115123125783e-17,axis_balanced,0.0583146711063333,0.0296694320786008,0.0402896122213776,0.1729115356554854,1.512104038419458,0.7051915086229502,0.7915337452746118,1.1224379981833088
conditional_ae,8,2,44,subject21,88,90,120,8.326672684688674e-17,raw_rms,0.1464331520235249,0.0877430350782352,0.1003512270808894,0.1880954961938017,3.377435489246425,2.625740783351889,0.7517543070241423,0.2863017978737757
conditional_ae,8,2,44,subject21,88,90,120,8.326672684688674e-17,axis_balanced,0.0946281065266962,0.0626823651747073,0.0748421031469158,0.1670226757751858,2.227456029618595,1.568628415097138,0.6538086503299606,0.416802758408194
conditional_ae,8,2,44,subject36,90,90,120,8.326672684688674e-17,raw_rms,0.0658425727272651,0.0468676030689217,0.055899987619337,0.1471642793598727,1.2101285660708645,0.4932706942456473,0.7065694106191509,1.4324171674129125
conditional_ae,8,2,44,subject36,90,90,120,8.326672684688674e-17,axis_balanced,0.0602918648516941,0.0313110199749684,0.0403813262002401,0.1660033472617091,1.0891294133577436,0.4567171125964465,0.615055284749859,1.3466876273876769
conditional_ae,8,3,44,subject02,30,30,120,6.245004513516506e-17,raw_rms,0.1468890813803136,0.1049869497046478,0.1346597063188267,0.2408833760439664,2.050974248409477,1.2155304917108936,0.8248100560348988,0.6785597413306804
conditional_ae,8,3,44,subject02,30,30,120,6.245004513516506e-17,axis_balanced,0.1224080728879635,0.0657492610016279,0.0935932654897926,0.2467506313049317,1.7533580118884216,1.078646874154883,0.6552404969640188,0.6074652536098971
conditional_ae,8,3,44,subject11,90,90,120,5.551115123125783e-17,raw_rms,0.106043522699132,0.0922924353443608,0.1051562242883857,0.1365464888269721,2.2421314167366377,1.298472046196939,0.947336363807083,0.7295777884334991
conditional_ae,8,3,44,subject11,90,90,120,5.551115123125783e-17,axis_balanced,0.0658121939471478,0.0476058218651993,0.0598957545005227,0.1223261169922841,1.8796403694613093,1.0934115999325662,0.7899974202427175,0.7225068951997938
conditional_ae,8,3,44,subject22,90,90,120,8.326672684688674e-17,raw_rms,0.0303823706689196,0.0142288746319408,0.0261876963719012,0.0708061925395657,1.5084762706338002,0.7235093348904216,0.7946141964215012,1.0982777389345624
conditional_ae,8,3,44,subject22,90,90,120,8.326672684688674e-17,axis_balanced,0.0272434657710187,0.0082825172730778,0.0184909946384348,0.0711894919613183,1.1477943816839202,0.5001818099572521,0.6535484406324192,1.3066217675694254
conditional_ae,8,3,44,subject30,90,90,120,6.938893903907227e-17,raw_rms,0.1155744363591868,0.0967673283221657,0.1070400561693134,0.195213281099869,1.2016498134423763,0.4721824043262872,0.7024594841924304,1.4876867027578125
conditional_ae,8,3,44,subject30,90,90,120,6.938893903907227e-17,axis_balanced,0.0988061465388998,0.0706730087354593,0.0802278050773417,0.1734659226568005,1.1789905878450897,0.4262848971161398,0.7334639629539028,1.72059570469388
conditional_ae,8,3,44,subject33,86,88,120,8.326672684688674e-17,raw_rms,0.0393174907471516,0.0090237068889499,0.021905576049559,0.2368998811788969,2.05045712195039,1.215897084888333,0.798913104895218,0.6570565180428816
conditional_ae,8,3,44,subject33,86,88,120,8.326672684688674e-17,axis_balanced,0.0380013558748051,0.0067681458635628,0.0191168895001192,0.1950778245846108,1.7616173324343836,1.006945525896083,0.7341771546432706,0.7291130808589914
conditional_ae,8,3,44,subject37,90,90,120,6.591949208711867e-17,raw_rms,0.0692608250268447,0.0535925708418748,0.0663535072657189,0.1732010927545197,2.2044187972275853,1.4116381939998472,0.7850085917834609,0.5560975858545989
conditional_ae,8,3,44,subject37,90,90,120,6.591949208711867e-17,axis_balanced,0.0817088431492221,0.0402292321098067,0.052451870708251,0.2378442187654541,2.0538774271911437,1.3069941790885131,0.7107585209222611,0.5438115427705562
conditional_ae,8,3,44,subject40,87,90,120,8.326672684688674e-17,raw_rms,0.1644625378495341,0.1099033860275696,0.1216690943029037,0.3128044332368507,2.1512685749606018,1.1950279657372869,0.8789970597770215,0.73554517967679
conditional_ae,8,3,44,subject40,87,90,120,8.326672684688674e-17,axis_balanced,0.117513397060073,0.0727892162942229,0.0838383330652274,0.2679812166678974,1.8075959217239523,0.999503741096462,0.7536643817788011,0.7540385801378058
cvae,3,0,42,subject05,90,90,120,8.326672684688674e-17,raw_rms,0.1054872209759597,0.0672521845123141,0.0744244654250025,0.2174279972900348,0.9578243263897906,0.2455483451079607,0.673340533333027,2.742191290423798
cvae,3,0,42,subject05,90,90,120,8.326672684688674e-17,axis_balanced,0.158530917741279,0.1036827570879468,0.1104569139430802,0.2964620445357819,0.8573663147226019,0.2000893401137501,0.5764138947717666,2.8807826266210736
cvae,3,0,42,subject13,90,90,120,9.714451465470121e-17,raw_rms,0.0226599841299393,0.0092684696030227,0.0167768447707037,0.0490192005476817,1.161984475970533,0.5750148228914392,0.5959218399775889,1.0363590924161217
cvae,3,0,42,subject13,90,90,120,9.714451465470121e-17,axis_balanced,0.0226771128208449,0.0087328160787845,0.0153738630971687,0.0467089504800219,0.7946675713257011,0.3405845798649649,0.4595148287550269,1.349194461291276
cvae,3,0,42,subject19,88,90,120,8.326672684688674e-17,raw_rms,0.0439115591596974,0.0169987686040908,0.0245043349924098,0.1350350277959741,0.9846472869225692,0.479171776175523,0.4967043860789059,1.0365894044163415
cvae,3,0,42,subject19,88,90,120,8.326672684688674e-17,axis_balanced,0.0515942119900046,0.0302920750062796,0.0371509220685535,0.1057030505973476,0.7790809929691609,0.3048617399402978,0.47035307978751,1.5428406328705628
cvae,3,0,42,subject24,88,90,120,9.020562075079396e-17,raw_rms,0.0639429672167719,0.0451258181132866,0.0547534374626867,0.1007903947305867,1.5979885067469304,0.6527640463348907,0.9502373350489988,1.4557133475477817
cvae,3,0,42,subject24,88,90,120,9.020562075079396e-17,axis_balanced,0.0418826962568108,0.0187353310983462,0.0283067710402342,0.1394932059169361,1.2900814964337803,0.6008917142698702,0.6820921031293349,1.135133147838674
cvae,3,0,42,subject27,87,90,120,7.806255641895632e-17,raw_rms,0.1440672818636754,0.1038712523571052,0.1130540730031968,0.2570296916631437,1.714800601851486,0.6439936517249081,1.0204015187387827,1.584490027200863
cvae,3,0,42,subject27,87,90,120,7.806255641895632e-17,axis_balanced,0.1288070156524807,0.084448138847583,0.0931867536361217,0.27776617391065,1.248560456510211,0.4474271354747183,0.7350763223021014,1.642896158996232
cvae,3,0,42,subject34,90,90,120,5.551115123125783e-17,raw_rms,0.0328318464756044,0.006906337850588,0.0159451799972443,0.1088387430277844,1.4777961620536937,0.8647568818662528,0.6159346063886586,0.7122633185172175
cvae,3,0,42,subject34,90,90,120,5.551115123125783e-17,axis_balanced,0.035604067955263,0.0118236023572664,0.0200573395520946,0.0980804192109189,1.0453501828354332,0.543099275726661,0.5028560418888864,0.9259007779306472
cvae,3,0,42,subject35,85,86,120,8.326672684688674e-17,raw_rms,0.0698672552968131,0.0360369869608199,0.0472895115340137,0.2171607491758217,1.9024141132595216,0.8815464293616184,0.9922279994537114,1.1255538748789946
cvae,3,0,42,subject35,85,86,120,8.326672684688674e-17,axis_balanced,0.1127966476006212,0.0574847315323041,0.0676775935466522,0.320801038527961,1.3480989945712785,0.5898240134266413,0.6677849683208006,1.1321766376401623
cvae,3,1,42,subject08,89,90,120,7.806255641895632e-17,raw_rms,0.2468987409037778,0.166446929986455,0.1782351897379651,0.450377315069604,1.43666446191063,0.5973954376251124,0.648470950024473,1.0854969910758046
cvae,3,1,42,subject08,89,90,120,7.806255641895632e-17,axis_balanced,0.4844977663250691,0.2628941726069815,0.2757953938273693,0.7267964901979101,2.66116345915288,1.4715404849726217,0.6834355823690287,0.4644354602189176
cvae,3,1,42,subject18,88,90,120,5.551115123125783e-17,raw_rms,0.1060713794127472,0.0692498332569971,0.0809539585993288,0.1863784611941315,2.334255860826981,1.4401307269673116,0.8827458711775821,0.6129623197725291
cvae,3,1,42,subject18,88,90,120,5.551115123125783e-17,axis_balanced,0.1371606121899813,0.085031447969377,0.0962069574442114,0.3029182576446796,2.1439939250431044,1.2853000539149289,0.7877803482593477,0.6129155179444886
cvae,3,1,42,subject23,90,90,120,5.551115123125783e-17,raw_rms,0.1151021555120728,0.0926095765718115,0.1015911218260607,0.2210701190865855,1.006909791999981,0.2356683002136246,0.7310803672965774,3.1021582734456867
cvae,3,1,42,subject23,90,90,120,5.551115123125783e-17,axis_balanced,0.1126390841197613,0.0792094885101628,0.0882112381893416,0.2301085594420323,1.1462391625131108,0.3307994204602921,0.7726037062593851,2.3355654770626346
cvae,3,1,42,subject25,88,90,120,8.326672684688674e-17,raw_rms,0.0694239597740256,0.0406760234101791,0.0544944416353587,0.1630077760680698,2.498550922014047,1.6061325253211065,0.8911187683182811,0.5548226900766635
cvae,3,1,42,subject25,88,90,120,8.326672684688674e-17,axis_balanced,0.1305444215666129,0.0771302885480313,0.0903975850250941,0.2963538102580815,2.373110121810604,1.5721578624455026,0.7367345538196204,0.4686135988110154
cvae,3,1,42,subject26,89,90,120,8.326672684688674e-17,raw_rms,0.0721949635700924,0.0418012984840215,0.0545141507736873,0.2343583127191942,1.975385969268239,1.1825538414212335,0.7573591222520879,0.6404436700673755
cvae,3,1,42,subject26,89,90,120,8.326672684688674e-17,axis_balanced,0.1388003612465975,0.0923441109711968,0.1053818147291947,0.2390116959684704,2.559081965560229,1.8621554077772864,0.6660409236455681,0.3576720400799258
cvae,3,1,42,subject41,15,13,120,5.551115123125783e-17,raw_rms,0.2342087528853753,0.0997994600789369,0.1631319045933092,0.3046861735757374,3.695749296395625,2.9751504204848285,0.863821448264119,0.2903454703723354
cvae,3,1,42,subject41,15,13,120,5.551115123125783e-17,axis_balanced,0.2981660777203805,0.1191158961724229,0.1809604291737501,0.4670366894107094,3.543252799517386,2.7458948681214705,0.7970998429950154,0.2902878228329002
cvae,3,1,42,subject43,90,90,120,9.714451465470121e-17,raw_rms,0.0764026285686125,0.045848843829675,0.0561565925252056,0.1941719063917856,1.42040663554624,0.5504616161986677,0.8454035599620879,1.5358083744334543
cvae,3,1,42,subject43,90,90,120,9.714451465470121e-17,axis_balanced,0.0601101831228108,0.0283114062485632,0.0382675159251478,0.1964056147823819,1.381723087086509,0.6051540348171935,0.7509759534165993,1.240966613803469
cvae,3,2,42,subject01,90,90,120,8.326672684688674e-17,raw_rms,0.0440434705371874,0.0182063010328593,0.0283492066571698,0.1814079670945396,1.674844050129405,0.823065887139866,0.8349725939374205,1.0144662863369664
cvae,3,2,42,subject01,90,90,120,8.326672684688674e-17,axis_balanced,0.0378922987314069,0.0139768254793174,0.0234946529109555,0.1532870914672134,1.2458546712319285,0.5714328371225053,0.6627974676753791,1.1598869099174411
cvae,3,2,42,subject04,90,90,120,8.326672684688674e-17,raw_rms,0.0847255725175757,0.0511246468205723,0.0600263654138781,0.2336972040812272,1.1848354430265189,0.3809203994400054,0.759865320276098,1.994813933286805
cvae,3,2,42,subject04,90,90,120,8.326672684688674e-17,axis_balanced,0.0504383397312924,0.0242619839674792,0.0336536201229779,0.1754702842987089,1.1346478901898245,0.4720884376380369,0.642368126687178,1.3606944705129578
cvae,3,2,42,subject10,90,90,120,5.551115123125783e-17,raw_rms,0.050626182761323,0.0319129227502517,0.0412286578704974,0.1166443784355685,1.368732072978364,0.5924001386842762,0.7757730222218079,1.3095422697651689
cvae,3,2,42,subject10,90,90,120,5.551115123125783e-17,axis_balanced,0.0389903241193143,0.0205427791285093,0.0294888807553908,0.0950948110605015,1.1261760819271047,0.4675875652174602,0.6602429354725887,1.4120198751768145
cvae,3,2,42,subject12,90,90,120,8.326672684688674e-17,raw_rms,0.035703064877479,0.0158352815912066,0.0245016534388258,0.1169329118748182,1.1290815903018558,0.5407962786171991,0.5855000201801585,1.0826628128382567
cvae,3,2,42,subject12,90,90,120,8.326672684688674e-17,axis_balanced,0.0325108439152083,0.0121813971445201,0.0204557176497865,0.1170653535459233,0.908271026603134,0.4171997651433619,0.4860529587277082,1.165036510892297
cvae,3,2,42,subject15,88,89,120,8.326672684688674e-17,raw_rms,0.0458330830760633,0.0169027136278684,0.0276241317180295,0.208577424311156,1.943120304805549,1.071336514279215,0.8473782227077746,0.7909542999921763
cvae,3,2,42,subject15,88,89,120,8.326672684688674e-17,axis_balanced,0.0470251954330411,0.0184712339178187,0.0286911986755664,0.1860209830252099,1.422129317480718,0.7051915086229502,0.6960579860460397,0.9870481671074772
cvae,3,2,42,subject21,88,90,120,5.551115123125783e-17,raw_rms,0.1098185316818185,0.0435491364921103,0.0563076846431691,0.2887069478059705,3.5581209197111106,2.625740783351889,0.8855831921753751,0.3372698469667229
cvae,3,2,42,subject21,88,90,120,5.551115123125783e-17,axis_balanced,0.0931395609286624,0.0458847032557746,0.0582250746687297,0.2535971791773336,2.3413323568353945,1.568628415097138,0.7319209583836099,0.4665993241862098
cvae,3,2,42,subject36,90,90,120,8.326672684688674e-17,raw_rms,0.0631986008235545,0.0396092925614721,0.0478770727053969,0.1711850453074641,1.0862874631493158,0.4932706942456473,0.5739763710840691,1.163613362358459
cvae,3,2,42,subject36,90,90,120,8.326672684688674e-17,axis_balanced,0.0780939478237088,0.0444497369733947,0.0528012929756587,0.2074043052112696,0.9749395870158516,0.4567171125964465,0.4843165343028306,1.060430014433838
cvae,3,3,42,subject02,30,30,120,5.551115123125783e-17,raw_rms,0.2844515743298874,0.1720252931866254,0.2005764615267025,0.4976143295609458,1.921425655365244,1.2155304917108936,0.5029843620776369,0.4137982267887596
cvae,3,3,42,subject02,30,30,120,5.551115123125783e-17,axis_balanced,0.2026015747535411,0.1075959271996334,0.1347704739371392,0.3964163044922258,1.7486741036873112,1.078646874154883,0.5534483081045222,0.5130949909238346
cvae,3,3,42,subject11,90,90,120,8.326672684688674e-17,raw_rms,0.0886017584496412,0.0483354081222417,0.0607419377651138,0.2167030082187354,2.219460448429926,1.298472046196939,0.8959216897229281,0.6899814996764618
cvae,3,3,42,subject11,90,90,120,8.326672684688674e-17,axis_balanced,0.08548059226733,0.0449769095061823,0.0570816655670786,0.2522850595589385,1.9367573098173831,1.0934115999325662,0.7985011526573328,0.730284142500938
cvae,3,3,42,subject22,90,90,120,8.326672684688674e-17,raw_rms,0.0561307882596101,0.0236568666076251,0.0349981309060811,0.2054604373203967,1.375264056613796,0.7235093348904216,0.6227694686010549,0.8607621748175175
cvae,3,3,42,subject22,90,90,120,8.326672684688674e-17,axis_balanced,0.0558808229494807,0.0266157602934244,0.0363663155980957,0.1860082395265871,1.1122868737030176,0.5001818099572521,0.5879632681413548,1.1754991013999587
cvae,3,3,42,subject30,90,90,120,5.551115123125783e-17,raw_rms,0.1329813543877427,0.090924270913495,0.1007152475325789,0.3012967208536923,1.2248134566261717,0.4721824043262872,0.6727036734069353,1.4246690839036094
cvae,3,3,42,subject30,90,90,120,5.551115123125783e-17,axis_balanced,0.1120282497866618,0.0695049547688722,0.0784627244095075,0.2546417609524845,1.1187084093488444,0.4262848971161398,0.6376311778170435,1.495786461426812
cvae,3,3,42,subject33,86,88,120,5.551115123125783e-17,raw_rms,0.0429368884088641,0.0225293174764232,0.0348403991906028,0.1367854017823167,1.952076270622879,1.215897084888333,0.7374312120222578,0.6064914713484841
cvae,3,3,42,subject33,86,88,120,5.551115123125783e-17,axis_balanced,0.0395903690045453,0.0151735697328611,0.0270265353760296,0.1273735810902255,1.6665429847327635,1.006945525896083,0.6603186478701238,0.6557640218744749
cvae,3,3,42,subject37,90,90,120,8.326672684688674e-17,raw_rms,0.0865996163279334,0.0700190788385657,0.0821439097893099,0.1618012909595048,2.099051871852183,1.4116381939998472,0.6826072829429182,0.4835568248608836
cvae,3,3,42,subject37,90,90,120,8.326672684688674e-17,axis_balanced,0.1211511880895092,0.073164596627547,0.0848091964126092,0.271926286405706,1.9800255123137247,1.3069941790885131,0.6187659686039406,0.4734267210244676
cvae,3,3,42,subject40,87,90,120,8.326672684688674e-17,raw_rms,0.126022928555437,0.059476034895716,0.0707257878447518,0.3248258309588923,2.0205590146439016,1.1950279657372869,0.739459479284039,0.6187800624630743
cvae,3,3,42,subject40,87,90,120,8.326672684688674e-17,axis_balanced,0.0771318155902787,0.0364443101294469,0.0471240274294345,0.237701620277097,1.751792772608962,0.999503741096462,0.712832842037079,0.7131867673202472
cvae,3,0,43,subject05,90,90,120,8.326672684688674e-17,raw_rms,0.10881916637856,0.0715970683143407,0.07910192798589,0.2060196886543811,1.1289978298132677,0.2455483451079607,0.8508238865926416,3.464995401286692
cvae,3,0,43,subject05,90,90,120,8.326672684688674e-17,axis_balanced,0.1591731887946434,0.1087962014546908,0.1157805435095378,0.2764728291650475,0.9276132652472532,0.2000893401137501,0.6587999140408036,3.2925287957183422
cvae,3,0,43,subject13,90,90,120,8.326672684688674e-17,raw_rms,0.0321731475425753,0.0165316572547558,0.0242315566792348,0.0618467406493547,1.184857071955889,0.5750148228914392,0.6175525546116142,1.0739767568186775
cvae,3,0,43,subject13,90,90,120,8.326672684688674e-17,axis_balanced,0.0307664679911517,0.0130828009595653,0.0198162348257116,0.07944056224368,0.8039136179454525,0.3405845798649649,0.4646747982458886,1.364344793384724
cvae,3,0,43,subject19,88,90,120,8.326672684688674e-17,raw_rms,0.0511966301347156,0.0214884122174576,0.0291935101424105,0.170918555322384,1.0570533671933022,0.479171776175523,0.55864796905279,1.1658615904125258
cvae,3,0,43,subject19,88,90,120,8.326672684688674e-17,axis_balanced,0.0569294198650689,0.0329569278754364,0.0398553902548448,0.1334979122067547,0.7908255747936,0.3048617399402978,0.4754919276864637,1.5596969556743363
cvae,3,0,43,subject24,88,90,120,9.020562075079396e-17,raw_rms,0.0712691382713808,0.0522293639188093,0.0619424498782816,0.0890330554178111,1.6804688569119348,0.6527640463348907,1.0356613708922806,1.5865784531290656
cvae,3,0,43,subject24,88,90,120,9.020562075079396e-17,axis_balanced,0.0430093526409554,0.0240952578030724,0.0337666839040213,0.0896438582108002,1.317739900638498,0.6008917142698702,0.7215012500739915,1.20071758844382
cvae,3,0,43,subject27,87,90,120,7.806255641895632e-17,raw_rms,0.1485369397685927,0.1045356025350346,0.1137706696629624,0.2645089887367887,1.7506009332791534,0.6439936517249081,1.0525691712109435,1.6344402905085853
cvae,3,0,43,subject27,87,90,120,7.806255641895632e-17,axis_balanced,0.1293857592779719,0.0833434089989992,0.0920440430736144,0.2760692443355008,1.232678181732722,0.4474271354747183,0.7200083003762167,1.609219118130354
cvae,3,0,43,subject34,90,90,120,8.326672684688674e-17,raw_rms,0.0355050776346212,0.008966666735571,0.0182982510705882,0.1108389646660115,1.5791751082579153,0.8647568818662528,0.7177223799347321,0.8299701280038362
cvae,3,0,43,subject34,90,90,120,8.326672684688674e-17,axis_balanced,0.0385205534097539,0.01312816547265,0.0216039316023777,0.1081657599524571,1.118267244155359,0.543099275726661,0.5742883091088086,1.0574278677510978
cvae,3,0,43,subject35,85,86,120,8.326672684688674e-17,raw_rms,0.0739449693329055,0.0338008953077691,0.0451780050743969,0.2418121658507594,1.9383296005714223,0.8815464293616184,1.0170358865875633,1.1536952027859282
cvae,3,0,43,subject35,85,86,120,8.326672684688674e-17,axis_balanced,0.1406195733000546,0.0717879511335013,0.0820345538892288,0.3677287437535554,1.3879766657494628,0.5898240134266413,0.6754151012783481,1.1451129250476884
cvae,3,1,43,subject08,89,90,120,6.938893903907227e-17,raw_rms,0.2011904287749464,0.1464825791451323,0.1587627383212566,0.3621792285425735,1.662296514584378,0.5973954376251124,0.9482672374349196,1.587335921420264
cvae,3,1,43,subject08,89,90,120,6.938893903907227e-17,axis_balanced,0.3922301254047193,0.2316215615750227,0.2446424596992401,0.6159930604341662,2.593827587418939,1.4715404849726217,0.7655698505307188,0.5202506205902737
cvae,3,1,43,subject18,88,90,120,8.326672684688674e-17,raw_rms,0.0924383724949842,0.0581259793031555,0.0696434802860956,0.1693283034697076,2.236701847597934,1.4401307269673116,0.7904878979461029,0.5489000985422663
cvae,3,1,43,subject18,88,90,120,8.326672684688674e-17,axis_balanced,0.1221231396753199,0.0749795070829371,0.0861963711496149,0.2711901285635555,2.170950083905008,1.2853000539149289,0.8333314849108511,0.6483555978797207
cvae,3,1,43,subject23,90,90,120,8.326672684688674e-17,raw_rms,0.1189301601532393,0.0787901781559763,0.0878235567589582,0.2824987335391701,1.114025461543959,0.2356683002136246,0.8079026859308972,3.4281347351279887
cvae,3,1,43,subject23,90,90,120,8.326672684688674e-17,axis_balanced,0.1195154059322052,0.0770632941778349,0.0862513047136478,0.2661504276008054,1.2851693334079024,0.3307994204602921,0.8946649532286497,2.704554173594877
cvae,3,1,43,subject25,88,90,120,8.326672684688674e-17,raw_rms,0.140386023801887,0.050561013085192,0.0643818130487621,0.4454912990780033,2.651667763607189,1.6061325253211065,0.8721868816940048,0.5430354394445954
cvae,3,1,43,subject25,88,90,120,8.326672684688674e-17,axis_balanced,0.1323462166762923,0.0632659976284337,0.0766550844509049,0.3606134379433937,2.491458681780394,1.5721578624455026,0.8135064084739929,0.5174457526857882
cvae,3,1,43,subject26,89,90,120,7.63278329429795e-17,raw_rms,0.0657317338086407,0.040687180796301,0.053347124907858,0.1891150464411358,1.9570447978230088,1.1825538414212335,0.7581841439377254,0.6411413310589849
cvae,3,1,43,subject26,89,90,120,7.63278329429795e-17,axis_balanced,0.1381631528519655,0.0968650079820583,0.1099414069244461,0.2178647504641068,2.562633881574417,1.8621554077772864,0.6793654184312408,0.3648274551059881
cvae,3,1,43,subject41,15,13,120,6.938893903907227e-17,raw_rms,0.207295709667912,0.0572456890063185,0.1201932315783786,0.3917862050740245,3.631298091697049,2.9751504204848285,0.7376560995414394,0.2479390939236045
cvae,3,1,43,subject41,15,13,120,6.938893903907227e-17,axis_balanced,0.2566324221635108,0.0825354471575181,0.1440626646701006,0.4673015660067867,3.4672399497440427,2.7458948681214705,0.7201986657412103,0.2622819519065982
cvae,3,1,43,subject43,90,90,120,8.326672684688674e-17,raw_rms,0.0445333815088658,0.0219143606642449,0.0319111781616272,0.1545388765354711,1.21542948021696,0.5504616161986677,0.6526405107604355,1.1856240136549143
cvae,3,1,43,subject43,90,90,120,8.326672684688674e-17,axis_balanced,0.0395348830814161,0.0191127498037534,0.0290895199871518,0.1244697220614777,1.3833298681988762,0.6051540348171935,0.7758726608993064,1.282107721769853
cvae,3,2,43,subject01,90,90,120,8.326672684688674e-17,raw_rms,0.0430973552961078,0.0188395726086557,0.0288026266180816,0.1396348667399395,1.601936060643821,0.823065887139866,0.7749755838839503,0.9415717453398192
cvae,3,2,43,subject01,90,90,120,8.326672684688674e-17,axis_balanced,0.0405151483587569,0.0184419422418384,0.0279651934448472,0.120685205020781,1.2403808335778443,0.5714328371225053,0.6662847040237684,1.165989527971296
cvae,3,2,43,subject04,90,90,120,8.326672684688674e-17,raw_rms,0.0830698205591848,0.05307519956377,0.0621246508502867,0.2160164996940745,1.2634771953775483,0.3809203994400054,0.8471860000135761,2.224049962299294
cvae,3,2,43,subject04,90,90,120,8.326672684688674e-17,axis_balanced,0.0518415834581926,0.0276194022667529,0.0371408168192229,0.168166814643336,1.21121696014074,0.4720884376380369,0.7221114676036476,1.529610577239577
cvae,3,2,43,subject10,90,90,120,8.847089727481715e-17,raw_rms,0.0803008664298319,0.0504925355334795,0.0599857476513978,0.1983735360894866,1.465820639747011,0.5924001386842762,0.8477149563078112,1.4309837235868823
cvae,3,2,43,subject10,90,90,120,8.847089727481715e-17,axis_balanced,0.0811705660863006,0.0493225408188987,0.0585845613289838,0.200151165538078,1.25622508717991,0.4675875652174602,0.7601066725588274,1.6255921438058896
cvae,3,2,43,subject12,90,90,120,8.326672684688674e-17,raw_rms,0.0875926245421426,0.0499947121655122,0.0589578987989294,0.2425594538429867,1.2405842990952445,0.5407962786171991,0.6523984329777763,1.2063663504599935
cvae,3,2,43,subject12,90,90,120,8.326672684688674e-17,axis_balanced,0.0886495955653756,0.0512104535882218,0.060044436891335,0.2447195895971831,1.1428508465227074,0.4171997651433619,0.6760325614716998,1.6204049425564642
cvae,3,2,43,subject15,88,89,120,9.714451465470121e-17,raw_rms,0.0507518305420584,0.0260952770736581,0.0369844135867439,0.1463782277676219,1.9983968280445847,1.071336514279215,0.9253827399584528,0.863764771969003
cvae,3,2,43,subject15,88,89,120,9.714451465470121e-17,axis_balanced,0.0538795523604749,0.0287563423513129,0.0393035409060656,0.1533164917599501,1.5258296796697908,0.7051915086229502,0.8118208986535957,1.1512062875499791
cvae,3,2,43,subject21,88,90,120,5.551115123125783e-17,raw_rms,0.251042631674098,0.0659122944231968,0.0778251903909916,0.6972707552578132,3.688661362107186,2.625740783351889,0.6110006422288679,0.2326964817330121
cvae,3,2,43,subject21,88,90,120,5.551115123125783e-17,axis_balanced,0.1916876818197402,0.0669154717785777,0.0785728384302272,0.522154815272204,2.421996226623648,1.568628415097138,0.6031778470857992,0.3845256411783457
cvae,3,2,43,subject36,90,90,120,8.326672684688674e-17,raw_rms,0.0968825507334596,0.0640887679204689,0.0727574007084927,0.2364443485261648,1.201554826288429,0.4932706942456473,0.6633872143708615,1.3448745731496805
cvae,3,2,43,subject36,90,90,120,8.326672684688674e-17,axis_balanced,0.0893641326400207,0.0550142768081987,0.063987136239165,0.2214284728308229,1.1205968899667065,0.4567171125964465,0.6251332874364448,1.3687538088567532
cvae,3,3,43,subject02,30,30,120,8.326672684688674e-17,raw_rms,0.3430684803611905,0.1548533570311129,0.1839704561376092,0.6359777293409085,2.283321435193014,1.2155304917108936,0.70975558418978,0.5839060303545154
cvae,3,3,43,subject02,30,30,120,8.326672684688674e-17,axis_balanced,0.2592610762837394,0.1261124438167921,0.1535412681260183,0.5011032268783182,1.896954206698464,1.078646874154883,0.6082263371706356,0.5638790152218995
cvae,3,3,43,subject11,90,90,120,8.847089727481715e-17,raw_rms,0.0906238909465459,0.0673806363275348,0.0793209054383188,0.1358259513347149,1.9829135304613912,1.298472046196939,0.6861380797194332,0.5284196003518483
cvae,3,3,43,subject11,90,90,120,8.847089727481715e-17,axis_balanced,0.0639091110649138,0.041087546890037,0.0525594690611811,0.1246758891937731,1.7085980330737025,1.0934115999325662,0.6169324775515024,0.5642271195856623
cvae,3,3,43,subject22,90,90,120,8.326672684688674e-17,raw_rms,0.0242401461394068,0.0035810546161579,0.0151368079523414,0.1106814428840007,1.5155128206764144,0.7235093348904216,0.7944121982490777,1.0979985467214388
cvae,3,3,43,subject22,90,90,120,8.326672684688674e-17,axis_balanced,0.0342169248775594,0.011104771061583,0.0208187216484347,0.1444785022206878,1.0957904810021348,0.5001818099572521,0.5851686142256886,1.1699118252135154
cvae,3,3,43,subject30,90,90,120,5.551115123125783e-17,raw_rms,0.1154243174055267,0.0824498773219699,0.0920949785114799,0.2562429610132882,1.2893919461864785,0.4721824043262872,0.7631551844879139,1.6162296127421103
cvae,3,3,43,subject30,90,90,120,5.551115123125783e-17,axis_balanced,0.0973339909531397,0.0603088617927416,0.0689978486971154,0.225741198100585,1.057477526711533,0.4262848971161398,0.5898857545536318,1.3837829079666395
cvae,3,3,43,subject33,86,88,120,5.551115123125783e-17,raw_rms,0.065816474643211,0.0398002534997306,0.0522163117045527,0.1797750773901751,2.069491343380559,1.215897084888333,0.8421097738183452,0.6925831012216662
cvae,3,3,43,subject33,86,88,120,5.551115123125783e-17,axis_balanced,0.0617164410992159,0.0326140981840178,0.0444004174268768,0.1823928733659062,1.6713063587357937,1.006945525896083,0.6479356995421643,0.6434664863976278
cvae,3,3,43,subject37,90,90,120,5.551115123125783e-17,raw_rms,0.1018122507685219,0.0798520055581628,0.0918916942550016,0.1994339679146174,2.1220196192150427,1.4116381939998472,0.6920595493908378,0.4902527803033591
cvae,3,3,43,subject37,90,90,120,5.551115123125783e-17,axis_balanced,0.1635419251887842,0.1026927479409501,0.114041292473812,0.3196425996591696,1.9433375077335304,1.3069941790885131,0.5533049694187288,0.4233415712720304
cvae,3,3,43,subject40,87,90,120,8.847089727481715e-17,raw_rms,0.1050885819542168,0.0594380452918444,0.0703815788816191,0.2455752317315106,1.936580391442244,1.1950279657372869,0.700359650191426,0.5860613059036913
cvae,3,3,43,subject40,87,90,120,8.847089727481715e-17,axis_balanced,0.0848464532075256,0.0430817129790908,0.0532574121464106,0.2383193175690261,1.611249718756263,0.999503741096462,0.5708122463763318,0.571095657681228
cvae,3,0,44,subject05,90,90,120,8.326672684688674e-17,raw_rms,0.0984578724208262,0.0598850247196747,0.0669966896535072,0.2134259992528166,0.9689380089499416,0.2455483451079607,0.6862863747535077,2.7949134597171352
cvae,3,0,44,subject05,90,90,120,8.326672684688674e-17,axis_balanced,0.1629029014499902,0.1064386820289078,0.1131414914858428,0.3069444803536819,0.8730449396672837,0.2000893401137501,0.5858459500074902,2.9279218456837257
cvae,3,0,44,subject13,90,90,120,8.326672684688674e-17,raw_rms,0.0249587464605173,0.0099348432890769,0.0174668875154631,0.0611658022915377,1.0893620800864203,0.5750148228914392,0.521339551676669,0.9066541085934684
cvae,3,0,44,subject13,90,90,120,8.326672684688674e-17,axis_balanced,0.0239615292680577,0.0069923060580019,0.0135126912267531,0.0706470693787109,0.7489501891409625,0.3405845798649649,0.4105803771164448,1.2055166363645466
cvae,3,0,44,subject19,88,90,120,8.326672684688674e-17,raw_rms,0.0340330575463271,0.0123313016771922,0.0198676554705707,0.0823366231937452,1.0014051158342654,0.479171776175523,0.5251544379692655,1.095962792635138
cvae,3,0,44,subject19,88,90,120,8.326672684688674e-17,axis_balanced,0.0440024121140861,0.0224437676063398,0.029197627090568,0.0908680483168805,0.7618414680370941,0.3048617399402978,0.4559093229155098,1.4954625759362006
cvae,3,0,44,subject24,88,90,120,8.326672684688674e-17,raw_rms,0.0622495821035686,0.0365340469064142,0.0459997004173674,0.1508815036730018,1.5774482400453818,0.6527640463348907,0.9168119994030556,1.4045075009120511
cvae,3,0,44,subject24,88,90,120,8.326672684688674e-17,axis_balanced,0.0439288086189537,0.019213930484077,0.0285716350655793,0.1416123090766389,1.2479939375262934,0.6008917142698702,0.6390501698595674,1.0635030483588257
cvae,3,0,44,subject27,87,90,120,9.714451465470121e-17,raw_rms,0.1303168242085133,0.0811423781513241,0.0900272592390364,0.2812094710750883,1.6883291008337593,0.6439936517249081,0.9805836983250614,1.5226605040261063
cvae,3,0,44,subject27,87,90,120,9.714451465470121e-17,axis_balanced,0.1254358470224956,0.07569481129461,0.0841234714621994,0.2890262774037676,1.2030519671626518,0.4474271354747183,0.6827496355708635,1.525945972960422
cvae,3,0,44,subject34,90,90,120,5.551115123125783e-17,raw_rms,0.0443723033902809,0.0205760177777172,0.0299282024176947,0.1065416319021692,1.5704164512081762,0.8647568818662528,0.7098321275415735,0.8208458844636977
cvae,3,0,44,subject34,90,90,120,5.551115123125783e-17,axis_balanced,0.0441517611050856,0.0201747465720956,0.0283470282670101,0.1095653468581523,1.030723848653487,0.543099275726661,0.4857019604285468,0.8943152424180328
cvae,3,0,44,subject35,85,86,120,8.673617379884034e-17,raw_rms,0.0619228423011817,0.0246990786254953,0.0358092720124681,0.2263016653459559,1.704993165211964,0.8815464293616184,0.7890603347781084,0.8950865303254818
cvae,3,0,44,subject35,85,86,120,8.673617379884034e-17,axis_balanced,0.0982575148318097,0.0479630143473562,0.0579704618725905,0.2977074001061277,1.2232974526352864,0.5898240134266413,0.5563383145124069,0.9432276439209454
cvae,3,1,44,subject08,89,90,120,9.020562075079396e-17,raw_rms,0.2261023659434656,0.1594512362362581,0.1709984710450369,0.4106657177262116,1.3913939547545378,0.5973954376251124,0.6373007520993927,1.066798826976182
cvae,3,1,44,subject08,89,90,120,9.020562075079396e-17,axis_balanced,0.4435552048768588,0.2676727835023679,0.280196888982981,0.646959367435778,2.4809388245572386,1.4715404849726217,0.6122948231644478,0.4160910484062147
cvae,3,1,44,subject18,88,90,120,5.551115123125783e-17,raw_rms,0.1186892571862707,0.0783967887077169,0.090137425637898,0.2155303856726234,2.330061452604264,1.4401307269673116,0.8667013421955849,0.6018212971684324
cvae,3,1,44,subject18,88,90,120,5.551115123125783e-17,axis_balanced,0.1631797525212994,0.0985801245832607,0.1099467457363881,0.3522481769874398,2.236393593634592,1.2853000539149289,0.8483655864593489,0.6600525565024993
cvae,3,1,44,subject23,90,90,120,8.326672684688674e-17,raw_rms,0.1437978585294881,0.0997312965082741,0.1088976758707385,0.3123857505862185,1.1588300043744124,0.2356683002136246,0.8351550087332904,3.543773209957611
cvae,3,1,44,subject23,90,90,120,8.326672684688674e-17,axis_balanced,0.1256602547517591,0.0867014568531608,0.0959339816752203,0.2624442984994916,1.2813193701476602,0.3307994204602921,0.8927581401566757,2.698789915999381
cvae,3,1,44,subject25,88,90,120,5.551115123125783e-17,raw_rms,0.0605996686674321,0.0204413163476311,0.0344623936018917,0.2468786698107151,2.568720164426915,1.6061325253211065,0.9272112387693908,0.5772943540782963
cvae,3,1,44,subject25,88,90,120,5.551115123125783e-17,axis_balanced,0.0955867212968502,0.0478431985100989,0.0613334042125497,0.2756908490694872,2.443115190298122,1.5721578624455026,0.8192473656663566,0.5210973943748953
cvae,3,1,44,subject26,89,90,120,5.551115123125783e-17,raw_rms,0.0806986851137291,0.0469637989589113,0.0595319401587147,0.2595293250279765,1.9023991445166704,1.1825538414212335,0.6712228433675921,0.5676044674303317
cvae,3,1,44,subject26,89,90,120,5.551115123125783e-17,axis_balanced,0.1447463111685438,0.1002414343137987,0.1132561410536916,0.2534005877277719,2.5750143990292376,1.8621554077772864,0.6749624359998061,0.3624630002312523
cvae,3,1,44,subject41,15,13,120,5.551115123125783e-17,raw_rms,0.2235379872032712,0.0905106968577674,0.1535378301964454,0.3402734584778469,3.601427254363853,2.9751504204848285,0.7455615448610702,0.2505962521180942
cvae,3,1,44,subject41,15,13,120,5.551115123125783e-17,axis_balanced,0.2639625108528409,0.1062036128772025,0.1678524855996013,0.4271772815955444,3.45463660869932,2.7458948681214705,0.7436813373072412,0.2708338712967589
cvae,3,1,44,subject43,90,90,120,8.326672684688674e-17,raw_rms,0.0539737729184829,0.0357487640444141,0.0459332675326561,0.1436367532735077,1.218344631580261,0.5504616161986677,0.658858223869537,1.1969194662825458
cvae,3,1,44,subject43,90,90,120,8.326672684688674e-17,axis_balanced,0.0428634965514336,0.0199375526233538,0.0298951378088963,0.1502504675296218,1.3667240511930037,0.6051540348171935,0.7519852911964349,1.242634516059364
cvae,3,2,44,subject01,90,90,120,8.326672684688674e-17,raw_rms,0.0647956682603589,0.0228731341426988,0.0330535218241098,0.283154478175806,1.7118372940807276,0.823065887139866,0.8246118907095381,1.001878347279152
cvae,3,2,44,subject01,90,90,120,8.326672684688674e-17,axis_balanced,0.0513761515494961,0.020385985728976,0.0300268337456152,0.2097981455848193,1.2920669039322894,0.5714328371225053,0.6887072860484984,1.2052287535951518
cvae,3,2,44,subject04,90,90,120,8.326672684688674e-17,raw_rms,0.0866716258719804,0.0543931586864746,0.0635681281137091,0.2050203963898333,1.38818136027431,0.3809203994400054,0.9776067698633212,2.566433226733223
cvae,3,2,44,subject04,90,90,120,8.326672684688674e-17,axis_balanced,0.0530262024634002,0.0276521879960569,0.0373572836944202,0.1640738461225517,1.2699818586563028,0.4720884376380369,0.7827414666773306,1.6580399015776783
cvae,3,2,44,subject10,90,90,120,8.326672684688674e-17,raw_rms,0.0610516216045269,0.0426728371515562,0.0522926281590571,0.1078506553429658,1.4514882437204752,0.5924001386842762,0.8612153596048239,1.4537730553500336
cvae,3,2,44,subject10,90,90,120,8.326672684688674e-17,axis_balanced,0.0636183541274575,0.0437410659314647,0.0531141275706681,0.1136179207557192,1.2576554866243892,0.4675875652174602,0.7889287128215607,1.68723202135338
cvae,3,2,44,subject12,90,90,120,5.551115123125783e-17,raw_rms,0.0646516530332739,0.0378513815311355,0.0470586178096362,0.1777758969214503,1.4131121975982892,0.5407962786171991,0.8538357952891314,1.5788492433275716
cvae,3,2,44,subject12,90,90,120,5.551115123125783e-17,axis_balanced,0.0517937903012744,0.0300469522956607,0.0389190345587848,0.1445013908631437,1.104924305783752,0.4171997651433619,0.6771221260084483,1.623016556051439
cvae,3,2,44,subject15,88,89,120,6.938893903907227e-17,raw_rms,0.050538848164946,0.0291770278632522,0.0403561410926431,0.126441852467462,2.1376712891864527,1.071336514279215,1.0713123244803229,0.999977420914372
cvae,3,2,44,subject15,88,89,120,6.938893903907227e-17,axis_balanced,0.0578433151534947,0.0336678106494124,0.0443736371384219,0.1593228535169927,1.5884501853227435,0.7051915086229502,0.8730740219938323,1.238066555422245
cvae,3,2,44,subject21,88,90,120,1.1102230246251563e-16,raw_rms,0.1093258202117961,0.0534038110445098,0.0663289534317402,0.2386434208893231,3.680890155858431,2.625740783351889,1.0360069792594102,0.3945579799148701
cvae,3,2,44,subject21,88,90,120,1.1102230246251563e-16,axis_balanced,0.0953910494795553,0.0516344002482638,0.0641143104706336,0.2437772923066866,2.422671984751221,1.568628415097138,0.8188693169968673,0.5220288687338094
cvae,3,2,44,subject36,90,90,120,8.326672684688674e-17,raw_rms,0.0899069446377252,0.0598002399585029,0.0684824306811828,0.2189102730010549,1.2147571415640237,0.4932706942456473,0.6847517901021157,1.3881866449603255
cvae,3,2,44,subject36,90,90,120,8.326672684688674e-17,axis_balanced,0.092624873562162,0.0552765543479509,0.0640063844927429,0.2321226988093993,1.0657822171450897,0.4567171125964465,0.5649668489046947,1.2370170359784554
cvae,3,3,44,subject02,30,30,120,5.551115123125783e-17,raw_rms,0.3529334309800284,0.1801579387363017,0.2089791450622249,0.6154085086269194,2.1671399184603666,1.2155304917108936,0.618554094772531,0.5088758356870987
cvae,3,3,44,subject02,30,30,120,5.551115123125783e-17,axis_balanced,0.2634457339948983,0.1490096778881658,0.1760734815034206,0.4643623052703017,1.777131139230905,1.078646874154883,0.5231665314204058,0.4850211352351115
cvae,3,3,44,subject11,90,90,120,8.326672684688674e-17,raw_rms,0.1983028354785045,0.1244085840856207,0.1367362507938849,0.3500794071310374,2.1761770535748823,1.298472046196939,0.7760439158931337,0.5976593167069468
cvae,3,3,44,subject11,90,90,120,8.326672684688674e-17,axis_balanced,0.1296478293636087,0.0848455016075118,0.096770905310169,0.2879733256426791,1.895519779374588,1.0934115999325662,0.7374741790964832,0.674470784050549
cvae,3,3,44,subject22,90,90,120,8.326672684688674e-17,raw_rms,0.0541882997284852,0.022367276606396,0.0343180787766715,0.2053664722400855,1.754607510869891,0.7235093348904216,1.005339610758681,1.389532328440439
cvae,3,3,44,subject22,90,90,120,8.326672684688674e-17,axis_balanced,0.0656386527316637,0.0325919383518638,0.0427165121645857,0.2029470533757111,1.286106872517625,0.5001818099572521,0.7566001328598461,1.5126502359702136
cvae,3,3,44,subject30,90,90,120,5.551115123125783e-17,raw_rms,0.1158694496638219,0.0839759039721601,0.0941737242216516,0.2386584203717055,1.4296392300248406,0.4721824043262872,0.9133567615899996,1.9343303630578583
cvae,3,3,44,subject30,90,90,120,5.551115123125783e-17,axis_balanced,0.1109287712347826,0.0777083020733145,0.0872045246588874,0.2118084819961217,1.2959680646107454,0.4262848971161398,0.8365278991320505,1.962368136406534
cvae,3,3,44,subject33,86,88,120,8.326672684688674e-17,raw_rms,0.0626372215310364,0.0439770016868077,0.0568021908337844,0.1386540596395766,2.133314677136337,1.215897084888333,0.919673603013525,0.7563745439014578
cvae,3,3,44,subject33,86,88,120,8.326672684688674e-17,axis_balanced,0.0468930735621628,0.0233788037622429,0.035684724810074,0.1395388307910581,1.8594973011790357,1.006945525896083,0.8516200868356543,0.8457459365319643
cvae,3,3,44,subject37,90,90,120,6.591949208711867e-17,raw_rms,0.0885633449786773,0.0630813532434656,0.0756418889943558,0.1719986639210986,2.2574722013195894,1.4116381939998472,0.8389263889929272,0.5942927816481409
cvae,3,3,44,subject37,90,90,120,6.591949208711867e-17,axis_balanced,0.122362852864269,0.0708389775892233,0.0828380760922088,0.2767262585479066,2.07655884826654,1.3069941790885131,0.7134548617346534,0.5458745518149215
cvae,3,3,44,subject40,87,90,120,8.847089727481715e-17,raw_rms,0.2502520624669491,0.1331780516903474,0.1445187180032779,0.4825396964383189,2.29810346718302,1.1950279657372869,0.8909334769564434,0.7455335795483006
cvae,3,3,44,subject40,87,90,120,8.847089727481715e-17,axis_balanced,0.1421769481086754,0.0798433233555803,0.0905599576115252,0.3393793088363615,1.87757026997256,0.999503741096462,0.780497960403172,0.780885481776147
cvae,8,0,42,subject05,90,90,120,8.326672684688674e-17,raw_rms,0.0439450631737965,0.0199195185787102,0.0266720496928274,0.1493967260059375,0.795497022085428,0.2455483451079607,0.5348143968220015,2.17804113722232
cvae,8,0,42,subject05,90,90,120,8.326672684688674e-17,axis_balanced,0.0446089933957261,0.0229380596044512,0.0292547534560776,0.1106675385122831,0.6607019996003071,0.2000893401137501,0.4543750288702608,2.27086074956292
cvae,8,0,42,subject13,90,90,120,5.551115123125783e-17,raw_rms,0.0219523438569881,0.0050682696648669,0.0124307039536306,0.066986101760238,1.0483824474878731,0.5750148228914392,0.4792634020387402,0.8334800825286263
cvae,8,0,42,subject13,90,90,120,5.551115123125783e-17,axis_balanced,0.0251366294444378,0.0079239780054038,0.0144333490967234,0.0694653571658616,0.7394105443587804,0.3405845798649649,0.4011275311837769,1.177761868557925
cvae,8,0,42,subject19,88,90,120,8.326672684688674e-17,raw_rms,0.0119687553695211,-0.0026285808848267,0.0042292811203825,0.0489967598330692,0.8243952472714106,0.479171776175523,0.3510725238334213,0.7326652805711615
cvae,8,0,42,subject19,88,90,120,8.326672684688674e-17,axis_balanced,0.0161981221820022,0.0012549919055064,0.0073995384245371,0.0447472137110749,0.6268937675035235,0.3048617399402978,0.3261348575741086,1.069779558556534
cvae,8,0,42,subject24,88,90,120,8.326672684688674e-17,raw_rms,0.0364457635782442,0.0200043439551458,0.0292692202086157,0.0865673257122382,1.5297070362167675,0.6527640463348907,0.8840692657301583,1.3543473644021748
cvae,8,0,42,subject24,88,90,120,8.326672684688674e-17,axis_balanced,0.0268525643513639,0.0085463279105018,0.0178923281765501,0.0989825992859336,1.2412808182657866,0.6008917142698702,0.642623317953797,1.0694494576857894
cvae,8,0,42,subject27,87,90,120,8.847089727481715e-17,raw_rms,0.0620416379036186,0.0405573020922978,0.0492447725457543,0.1323020973621874,1.429095045750412,0.6439936517249081,0.7812635637763722,1.2131541385288391
cvae,8,0,42,subject27,87,90,120,8.847089727481715e-17,axis_balanced,0.0541950399510751,0.0307927894739199,0.039154821525154,0.1386049990133093,1.0684955214931997,0.4474271354747183,0.6119278516471136,1.3676592301400332
cvae,8,0,42,subject34,90,90,120,8.326672684688674e-17,raw_rms,0.0258858355825148,0.0036908978025924,0.0126608457310783,0.0975715657974053,1.44867532965569,0.8647568818662528,0.5889142660192876,0.6810171487139108
cvae,8,0,42,subject34,90,90,120,8.326672684688674e-17,axis_balanced,0.030221515479894,0.0062909355718028,0.0146172408441276,0.1013951947577871,1.0414725944898913,0.543099275726661,0.4982790954355197,0.9174733197145728
cvae,8,0,42,subject35,85,86,120,5.551115123125783e-17,raw_rms,0.0380414367744925,0.0143039989532169,0.0258067241607722,0.1333759451080671,1.975386594513928,0.8815464293616184,1.0954301468522392,1.2426233155359805
cvae,8,0,42,subject35,85,86,120,5.551115123125783e-17,axis_balanced,0.0512358291448977,0.0202001837711509,0.0305556989010845,0.1982640097485961,1.3474222011374537,0.5898240134266413,0.7312416694890715,1.2397624593831815
cvae,8,1,42,subject08,89,90,120,5.551115123125783e-17,raw_rms,0.0827946404869275,0.0561423195445863,0.0681223718479712,0.2046389696001287,1.3804423927193,0.5973954376251124,0.7540916715629331,1.2622990134654382
cvae,8,1,42,subject08,89,90,120,5.551115123125783e-17,axis_balanced,0.1725746222704474,0.1171141821999189,0.1300875854754465,0.3180665612406927,2.2616297632912445,1.4715404849726217,0.7112000579215193,0.4833030862448554
cvae,8,1,42,subject18,88,90,120,8.326672684688674e-17,raw_rms,0.0394188233378383,0.0147699902396981,0.0256623838398145,0.1096237962533577,1.966410087452699,1.4401307269673116,0.534719431565293,0.3712992310714235
cvae,8,1,42,subject18,88,90,120,8.326672684688674e-17,axis_balanced,0.0442252387423987,0.017003926490979,0.027812574695515,0.1665061288839613,1.965581009522686,1.2853000539149289,0.6724414551549583,0.523178578501379
cvae,8,1,42,subject23,90,90,120,8.326672684688674e-17,raw_rms,0.1012300321690384,0.059688212124775,0.0683256577750923,0.2857061254102992,0.8705786683441231,0.2356683002136246,0.5605723509605779,2.378649782140576
cvae,8,1,42,subject23,90,90,120,8.326672684688674e-17,axis_balanced,0.0918537257160455,0.0514084813158968,0.0599540600452399,0.2619609107927149,0.9784132049861272,0.3307994204602921,0.5875621662440793,1.7761886203624957
cvae,8,1,42,subject25,88,90,120,5.551115123125783e-17,raw_rms,0.0419043671347443,0.020871488623857,0.0349797191155647,0.0860493331511918,2.5736482336864324,1.6061325253211065,0.9861752647841078,0.6140061602867712
cvae,8,1,42,subject25,88,90,120,5.551115123125783e-17,axis_balanced,0.0435943728497874,0.0212474541572423,0.0351358391808727,0.1043043435093837,2.538051167545527,1.5721578624455026,0.9806544501367463,0.6237633469016473
cvae,8,1,42,subject26,89,90,120,7.63278329429795e-17,raw_rms,0.0587812137754164,0.0356479083225572,0.0481803022980714,0.1897741731487238,1.865737321633281,1.1825538414212335,0.665857543406388,0.5630674224576006
cvae,8,1,42,subject26,89,90,120,7.63278329429795e-17,axis_balanced,0.1155583806339883,0.082083425498988,0.0952036745532119,0.1790101527216066,2.524792934419604,1.8621554077772864,0.656756478158193,0.3526861804418963
cvae,8,1,42,subject41,15,13,120,5.551115123125783e-17,raw_rms,0.2127613077990338,0.0758053766031895,0.1390480198921364,0.3040388747949792,3.635423064413647,2.9751504204848285,0.8033856112889745,0.2700319304050702
cvae,8,1,42,subject41,15,13,120,5.551115123125783e-17,axis_balanced,0.2524361462346192,0.0911483385011016,0.1529303927361667,0.4094354575779448,3.421417337642395,2.7458948681214705,0.7251506800961884,0.2640853765068874
cvae,8,1,42,subject43,90,90,120,8.326672684688674e-17,raw_rms,0.0227733570558622,0.0035277565985133,0.0131999889741721,0.1050806887617561,1.1218809571518382,0.5504616161986677,0.5712540806546323,1.037772778054084
cvae,8,1,42,subject43,90,90,120,8.326672684688674e-17,axis_balanced,0.0229659311476166,0.0016732103348762,0.0112663762203462,0.1299562946190702,1.261097983847115,0.6051540348171935,0.6512059605771365,1.076099510389705
cvae,8,2,42,subject01,90,90,120,8.326672684688674e-17,raw_rms,0.0419870627017679,0.0171392401465779,0.0275002832918711,0.1571876733311533,1.7921019785589845,0.823065887139866,0.9614856839955968,1.1681758398914286
cvae,8,2,42,subject01,90,90,120,8.326672684688674e-17,axis_balanced,0.0410999125536231,0.0207189454137074,0.0305967508493544,0.1234677805480501,1.3169528566603612,0.5714328371225053,0.7428151063363361,1.2999167322564793
cvae,8,2,42,subject04,90,90,120,8.673617379884034e-17,raw_rms,0.0566405205321229,0.0335774977219573,0.0423183899796666,0.1718433901894737,1.1446656121169096,0.3809203994400054,0.7446529520750514,1.954878114088331
cvae,8,2,42,subject04,90,90,120,8.673617379884034e-17,axis_balanced,0.0404035749409169,0.0132335913802836,0.0224363037393675,0.1772344719628636,1.1144742783900514,0.4720884376380369,0.6213975224721947,1.3162735473488492
cvae,8,2,42,subject10,90,90,120,8.847089727481715e-17,raw_rms,0.0191600244123077,0.0029126726610135,0.0116501508497195,0.069286789882829,1.2371356566211589,0.5924001386842762,0.6519499991069986,1.1005230359246418
cvae,8,2,42,subject10,90,90,120,8.847089727481715e-17,axis_balanced,0.02366543502248,0.0053478098166095,0.0138134225717454,0.0664501475284931,0.9997344913787892,0.4675875652174602,0.5374050972565471,1.1493143471568088
cvae,8,2,42,subject12,90,90,120,6.938893903907227e-17,raw_rms,0.025190705374984,0.0105876217031444,0.0184247266995465,0.0656657064126425,0.9072754843582348,0.5407962786171991,0.3712699848227448,0.6865246665011671
cvae,8,2,42,subject12,90,90,120,6.938893903907227e-17,axis_balanced,0.0202504915478153,0.0055859819697592,0.0132861067442524,0.0589457727072675,0.7856653491450794,0.4171997651433619,0.3727326381455778,0.8934152635908029
cvae,8,2,42,subject15,88,89,120,8.326672684688674e-17,raw_rms,0.0342563882870874,0.0087719150769788,0.0191211762882209,0.1546983200280123,1.7776237316786545,1.071336514279215,0.7002283725422881,0.6536026385821406
cvae,8,2,42,subject15,88,89,120,8.326672684688674e-17,axis_balanced,0.0491541694970467,0.0220520084402515,0.032096408261224,0.172214242657724,1.3704805614376383,0.7051915086229502,0.6489628311301533,0.9202646702275294
cvae,8,2,42,subject21,88,90,120,5.551115123125783e-17,raw_rms,0.0987952937479972,0.0235880048800305,0.0362810614179684,0.3696038999383532,3.6295788184888496,2.625740783351889,0.903938712484154,0.3442604533606059
cvae,8,2,42,subject21,88,90,120,5.551115123125783e-17,axis_balanced,0.0754493009605217,0.0235817081194821,0.0359307012775899,0.2873271210881935,2.3822503229927783,1.568628415097138,0.7547841055411783,0.4811745715408566
cvae,8,2,42,subject36,90,90,120,8.326672684688674e-17,raw_rms,0.0179675188258408,0.0023615122997442,0.009974607107396,0.0949021574544389,0.9201756428523874,0.4932706942456473,0.4269371239753122,0.8655229855652012
cvae,8,2,42,subject36,90,90,120,8.326672684688674e-17,axis_balanced,0.0279029250163027,0.007749717635421,0.0156162311588718,0.1210540660424459,0.8545389393209687,0.4567171125964465,0.3915049153648925,0.8572153408905104
cvae,8,3,42,subject02,30,30,120,6.938893903907227e-17,raw_rms,0.1213422023767818,0.072837342205151,0.1026831876426201,0.2374256466804708,2.1417233128806643,1.2155304917108936,0.9179894788489008,0.7552171542458016
cvae,8,3,42,subject02,30,30,120,6.938893903907227e-17,axis_balanced,0.0996933490854057,0.0450886889323056,0.0732372635618776,0.2294186533337678,1.888973725710349,1.078646874154883,0.8003181467527556,0.7419649246930816
cvae,8,3,42,subject11,90,90,120,8.847089727481715e-17,raw_rms,0.0504544690947644,0.0264286875446582,0.0379705311287331,0.1225078871490336,1.813703247803873,1.298472046196939,0.518975280376316,0.3996815194415076
cvae,8,3,42,subject11,90,90,120,8.847089727481715e-17,axis_balanced,0.043277815405208,0.022629036531325,0.0339574118372026,0.1101389762697923,1.6636169942610253,1.0934115999325662,0.5750156148017437,0.5258912698906858
cvae,8,3,42,subject22,90,90,120,7.63278329429795e-17,raw_rms,0.031503579406078,0.0151190938487297,0.0273470966449594,0.0635305519402831,1.7139405686658629,0.7235093348904216,1.0027906843920984,1.3860093243219525
cvae,8,3,42,subject22,90,90,120,7.63278329429795e-17,axis_balanced,0.040204837631717,0.0245077270498075,0.0351481987043045,0.0696282660133983,1.3426396170198427,0.5001818099572521,0.8502527266898319,1.6998873404902477
cvae,8,3,42,subject30,90,90,120,6.591949208711867e-17,raw_rms,0.0383391907837357,0.0170937881659891,0.0261839540974102,0.1351276903452359,0.957043240521654,0.4721824043262872,0.4758129223426989,1.0076888041213474
cvae,8,3,42,subject30,90,90,120,6.591949208711867e-17,axis_balanced,0.052574944860003,0.0252863581159257,0.033964520978192,0.163090540100077,0.9989942255444691,0.4262848971161398,0.5554762719479398,1.3030634575744826
cvae,8,3,42,subject33,86,88,120,6.938893903907227e-17,raw_rms,0.0437778647518213,0.0044912822664725,0.0163497265563454,0.2630188802412164,1.768576525755519,1.215897084888333,0.5014966606710445,0.4124499243429813
cvae,8,3,42,subject33,86,88,120,6.938893903907227e-17,axis_balanced,0.0410654009868509,0.008435951171454,0.0201321005519107,0.2054619655063477,1.6604656954588577,1.006945525896083,0.6279812905082186,0.6236497152607898
cvae,8,3,42,subject37,90,90,120,8.326672684688674e-17,raw_rms,0.0669289017935375,0.0393978206053704,0.0517763110458516,0.197704982337078,2.119482382990304,1.4116381939998472,0.6901934095177537,0.4889308127616645
cvae,8,3,42,subject37,90,90,120,8.326672684688674e-17,axis_balanced,0.1145453196468935,0.0542166568784769,0.0660600561458338,0.3189173007989905,2.047764212077168,1.3069941790885131,0.6590762478505907,0.5042686940734693
cvae,8,3,42,subject40,87,90,120,5.551115123125783e-17,raw_rms,0.0893405377563283,0.0398209263663877,0.0505370669410212,0.2551743341550474,1.822629681529028,1.1950279657372869,0.5806042320892049,0.485849912082178
cvae,8,3,42,subject40,87,90,120,5.551115123125783e-17,axis_balanced,0.0558880599360716,0.0232439331136309,0.0335357575830647,0.1889823364398595,1.5954601946870424,0.999503741096462,0.5761489686328799,0.5764350296486543
cvae,8,0,43,subject05,90,90,120,7.63278329429795e-17,raw_rms,0.0393893294647367,0.0164458400152269,0.0231775188681648,0.1257303249224009,0.7924328473353153,0.2455483451079607,0.5382904563709978,2.192197451521518
cvae,8,0,43,subject05,90,90,120,7.63278329429795e-17,axis_balanced,0.050329957425904,0.0278116876185943,0.0341671465988451,0.1123566516551669,0.6869283913528081,0.2000893401137501,0.4804419317224035,2.401137069317505
cvae,8,0,43,subject13,90,90,120,8.326672684688674e-17,raw_rms,0.0246658297454499,0.0068997387400084,0.0143126591121454,0.0799330593828642,1.095373637528495,0.5750148228914392,0.5247313353705217,0.9125527107839256
cvae,8,0,43,subject13,90,90,120,8.326672684688674e-17,axis_balanced,0.0271211019481927,0.0085334280023956,0.0151363930919561,0.0577070014397313,0.7564788504794162,0.3405845798649649,0.4198471721434254,1.2327251348545682
cvae,8,0,43,subject19,88,90,120,8.326672684688674e-17,raw_rms,0.0229077544840643,0.0052566627728209,0.0120516236980769,0.073299860580595,0.8259793640317762,0.479171776175523,0.3496727890502655,0.7297441260859627
cvae,8,0,43,subject19,88,90,120,8.326672684688674e-17,axis_balanced,0.0324632170999316,0.0116724693053791,0.0179647838364258,0.1049575155487794,0.6699430873534163,0.3048617399402978,0.3604564235384364,1.1823603172015809
cvae,8,0,43,subject24,88,90,120,8.326672684688674e-17,raw_rms,0.0284276525648965,0.0126776458001927,0.0217819957698952,0.0653154529698821,1.4377430598547651,0.6527640463348907,0.7945874006434073,1.2172658790030175
cvae,8,0,43,subject24,88,90,120,8.326672684688674e-17,axis_balanced,0.0204560539538174,0.0033755565011168,0.0127698560472455,0.0854938552020372,1.2352064758859866,0.6008917142698702,0.6390071969161092,1.063431533071732
cvae,8,0,43,subject27,87,90,120,8.326672684688674e-17,raw_rms,0.0519779921222818,0.029180465167504,0.0372925496132157,0.1506396248517306,1.3043422888395282,0.6439936517249081,0.6502304123277131,1.00968450633962
cvae,8,0,43,subject27,87,90,120,8.326672684688674e-17,axis_balanced,0.0441663478082499,0.0197684957082446,0.0276192858014123,0.1649743956320337,0.986099742279866,0.4474271354747183,0.5207671948309701,1.163915090394413
cvae,8,0,43,subject34,90,90,120,8.326672684688674e-17,raw_rms,0.0385904774839783,0.0054440140118081,0.0140790651813078,0.2101554033546587,1.3821047865748295,0.8647568818662528,0.4868480883508553,0.5629883942642661
cvae,8,0,43,subject34,90,90,120,8.326672684688674e-17,axis_balanced,0.0339938550969116,0.0081744354551016,0.0160594531470874,0.1530962164633743,0.975907564246707,0.543099275726661,0.4188950656352355,0.7713047767827687
cvae,8,0,43,subject35,85,86,120,8.326672684688674e-17,raw_rms,0.0304677502772188,0.014955970785754,0.0262058504664732,0.0707843717106951,1.8111074427772795,0.8815464293616184,0.9426565976606528,1.0693215538780958
cvae,8,0,43,subject35,85,86,120,8.326672684688674e-17,axis_balanced,0.024552893381271,0.006139235721944,0.0163937045058161,0.0868900765138305,1.2379590864245882,0.5898240134266413,0.6528843089366143,1.1069137472779689
cvae,8,1,43,subject08,89,90,120,9.714451465470121e-17,raw_rms,0.073918364648996,0.0488365093215819,0.0608579683154826,0.1967447679152324,1.366875898894396,0.5973954376251124,0.7436064046910807,1.2447473781306664
cvae,8,1,43,subject08,89,90,120,9.714451465470121e-17,axis_balanced,0.1748021994973791,0.1120892469509987,0.1252006499482064,0.3425731839929241,2.296717211684532,1.4715404849726217,0.7302562589787122,0.4962529175623046
cvae,8,1,43,subject18,88,90,120,8.326672684688674e-17,raw_rms,0.0409383678713483,0.017134252038254,0.0279939962034605,0.1055152472376427,1.9665787079289845,1.4401307269673116,0.5357808061350361,0.3720362298381801
cvae,8,1,43,subject18,88,90,120,8.326672684688674e-17,axis_balanced,0.0442335580657284,0.0197662651928005,0.0306089316929507,0.1264725548546219,1.973982591574939,1.2853000539149289,0.6927411854508108,0.5389723460609624
cvae,8,1,43,subject23,90,90,120,5.551115123125783e-17,raw_rms,0.0602722235805109,0.0389529950629188,0.047274820827164,0.1809718944643429,0.7318200709318373,0.2356683002136246,0.4699356108920065,1.994055248270672
cvae,8,1,43,subject23,90,90,120,5.551115123125783e-17,axis_balanced,0.0524429359937289,0.0259550892436082,0.034035686382678,0.1722551449650788,0.8263523892584287,0.3307994204602921,0.4735025374259715,1.431388654693272
cvae,8,1,43,subject25,88,90,120,6.938893903907227e-17,raw_rms,0.0562842105320346,0.0212001009069051,0.0350979289561174,0.2081284604746174,2.4710348775669218,1.6061325253211065,0.8464848535808002,0.5270330064522954
cvae,8,1,43,subject25,88,90,120,6.938893903907227e-17,axis_balanced,0.0581454187616694,0.027461215369655,0.0410469431230994,0.1746846062447951,2.4165767470030963,1.5721578624455026,0.8383589179084372,0.5332536496076571
cvae,8,1,43,subject26,89,90,120,8.326672684688674e-17,raw_rms,0.0503176293323174,0.0324961779289652,0.0449005588884934,0.1502930413071898,1.822041379194475,1.1825538414212335,0.6353334722367525,0.5372554297174217
cvae,8,1,43,subject26,89,90,120,8.326672684688674e-17,axis_balanced,0.1099251332466546,0.0789953258917465,0.0920568682248984,0.1495001822147601,2.507570016814239,1.8621554077772864,0.6491646254084138,0.3486092635970015
cvae,8,1,43,subject41,15,13,120,5.551115123125783e-17,raw_rms,0.2191615868321476,0.084533125268728,0.1473861452594909,0.3057166265961278,3.4482881365505405,2.9751504204848285,0.6136465058229321,0.2062573043694821
cvae,8,1,43,subject41,15,13,120,5.551115123125783e-17,axis_balanced,0.2600907920444224,0.1198218799299487,0.1810930146015618,0.3613064263545854,3.225246596406699,2.7458948681214705,0.5647382286285345,0.2056663695266981
cvae,8,1,43,subject43,90,90,120,9.194034422677078e-17,raw_rms,0.0123148655568759,-0.0025948853328088,0.0066294241350353,0.0466810973043596,0.9856399442031808,0.5504616161986677,0.4428054890813032,0.8044257329678911
cvae,8,1,43,subject43,90,90,120,9.194034422677078e-17,axis_balanced,0.0139017885932061,-0.0022790647366091,0.0068377752950206,0.0670727073523928,1.1084436929191108,0.6051540348171935,0.5097628676475918,0.8423687826878363
cvae,8,2,43,subject01,90,90,120,8.326672684688674e-17,raw_rms,0.043813466432317,0.0248749202781827,0.0355366598314917,0.083136007187224,1.8311608048790724,0.823065887139866,1.0188186540221331,1.2378336533451817
cvae,8,2,43,subject01,90,90,120,8.326672684688674e-17,axis_balanced,0.0551261448526705,0.035991867778427,0.0462456767978799,0.1170953591266117,1.4165134813480995,0.5714328371225053,0.844758226731842,1.478315861205471
cvae,8,2,43,subject04,90,90,120,8.326672684688674e-17,raw_rms,0.0638981232534496,0.0391287205978785,0.0479949999378119,0.1800109890871237,1.1793169137253712,0.3809203994400054,0.7766974860261256,2.039002078040335
cvae,8,2,43,subject04,90,90,120,8.326672684688674e-17,axis_balanced,0.0522828284859862,0.0224170156117696,0.0318408121123857,0.1994018523901645,1.1576245975477806,0.4720884376380369,0.656491248663511,1.3906107337601452
cvae,8,2,43,subject10,90,90,120,8.847089727481715e-17,raw_rms,0.0351731792401053,0.0171263460065507,0.0261231218488682,0.0918849743717968,1.2291440074615247,0.5924001386842762,0.6402183973362368,1.0807195264305054
cvae,8,2,43,subject10,90,90,120,8.847089727481715e-17,axis_balanced,0.0459227182784484,0.0220793628890951,0.0308842524944576,0.1207734739509264,1.0534991060435852,0.4675875652174602,0.58136543819219,1.2433295524482464
cvae,8,2,43,subject12,90,90,120,8.326672684688674e-17,raw_rms,0.0437764411751341,0.0264024825713442,0.0343811911097868,0.128253341946377,0.9743392000735333,0.5407962786171991,0.4266583354044813,0.7889446585975678
cvae,8,2,43,subject12,90,90,120,8.326672684688674e-17,axis_balanced,0.0276594399162973,0.0117465087936172,0.019586269741022,0.1041694308443254,0.8263147369599826,0.4171997651433619,0.4062849624607335,0.9738379462441024
cvae,8,2,43,subject15,88,89,120,8.326672684688674e-17,raw_rms,0.0378729293240592,0.0026557680826641,0.0125832143080378,0.2437449659940352,1.7294976675092766,1.071336514279215,0.6159196978559128,0.5749077807455276
cvae,8,2,43,subject15,88,89,120,8.326672684688674e-17,axis_balanced,0.0371307742614562,0.0072378571040014,0.0168890959887701,0.1941376161905786,1.2834060494794164,0.7051915086229502,0.5530574389242281,0.7842655961700402
cvae,8,2,43,subject21,88,90,120,8.326672684688674e-17,raw_rms,0.0960404436975457,0.0427258260899021,0.0557576095504176,0.1989484808467983,3.6879109178869287,2.625740783351889,1.0606028915259718,0.4039252077930019
cvae,8,2,43,subject21,88,90,120,8.326672684688674e-17,axis_balanced,0.0738857207781713,0.0323003585956108,0.0449517828263769,0.2210893007982937,2.4554331600870496,1.568628415097138,0.862541314966007,0.5498697503274501
cvae,8,2,43,subject36,90,90,120,9.714451465470121e-17,raw_rms,0.0208519160771705,0.0030495669780634,0.0106377169106652,0.1255683657287096,0.9079816927363809,0.4932706942456473,0.407822893624107,0.8267730039137751
cvae,8,2,43,subject36,90,90,120,9.714451465470121e-17,axis_balanced,0.0251944406311089,0.0063211125942681,0.0141201823458207,0.1087109531037103,0.8432735769067983,0.4567171125964465,0.3830047336840735,0.8386038602904181
cvae,8,3,43,subject02,30,30,120,1.1102230246251563e-16,raw_rms,0.0890755640405376,0.0574304305421382,0.0870690071013609,0.1317784226830242,2.0339693970412376,1.2155304917108936,0.8486632292798799,0.6981834146220078
cvae,8,3,43,subject02,30,30,120,1.1102230246251563e-16,axis_balanced,0.0688970838188494,0.0248946733121763,0.0529514134917339,0.1476365540417621,1.8167110624962803,1.078646874154883,0.7585437298056142,0.703236386236164
cvae,8,3,43,subject11,90,90,120,6.938893903907227e-17,raw_rms,0.0669249164938879,0.0421808990994466,0.0537176146322966,0.1460104241617441,1.8076462167779304,1.298472046196939,0.506503455929813,0.3900765191005057
cvae,8,3,43,subject11,90,90,120,6.938893903907227e-17,axis_balanced,0.052051730022158,0.0276455655791648,0.0389688148214412,0.1487586525166083,1.6574181647288355,1.0934115999325662,0.5586821302938564,0.5109531765789863
cvae,8,3,43,subject22,90,90,120,8.326672684688674e-17,raw_rms,0.044918337921334,0.0265126559987308,0.0388421322670379,0.1230982287515841,1.876591620529099,0.7235093348904216,1.1555980883967667,1.597212409943248
cvae,8,3,43,subject22,90,90,120,8.326672684688674e-17,axis_balanced,0.0381945400180725,0.0192718445702786,0.0299315235702927,0.095324447810475,1.3408872125572635,0.5001818099572521,0.8442113222680647,1.6878089235996303
cvae,8,3,43,subject30,90,90,120,8.326672684688674e-17,raw_rms,0.0353625538013507,0.0183063490676738,0.0275697188268448,0.1108453982212364,0.9890840135108544,0.4721824043262872,0.5141459274321918,1.0888714249438802
cvae,8,3,43,subject30,90,90,120,8.326672684688674e-17,axis_balanced,0.0400101210474116,0.0163648440732757,0.0248928883747889,0.133124387432336,0.9421179402899558,0.4262848971161398,0.5070730482367333,1.189516803591057
cvae,8,3,43,subject33,86,88,120,9.020562075079396e-17,raw_rms,0.0508707855381583,0.0123645581793828,0.0240451239652561,0.2617421075430831,1.8824483059252997,1.215897084888333,0.6170009773151073,0.5074450666782971
cvae,8,3,43,subject33,86,88,120,9.020562075079396e-17,axis_balanced,0.0660552159792653,0.0311102081118896,0.0423291657997881,0.2301000924483181,1.5973169703393304,1.006945525896083,0.553480290446517,0.5496625946611894
cvae,8,3,43,subject37,90,90,120,8.326672684688674e-17,raw_rms,0.0680071708072996,0.0282409470311892,0.0402076439552201,0.2623815630387142,2.096314850068969,1.4116381939998472,0.6368243095146587,0.451124312321297
cvae,8,3,43,subject37,90,90,120,8.326672684688674e-17,axis_balanced,0.0958032377409807,0.042757844035635,0.054366918529765,0.2924394189624378,1.9577631643056,1.3069941790885131,0.5846423485708502,0.4473182497098608
cvae,8,3,43,subject40,87,90,120,8.326672684688674e-17,raw_rms,0.0866828705186488,0.0304703240221212,0.0415554170727572,0.271787773617304,1.9624821418292635,1.1950279657372869,0.7128037015586397,0.5964744943176847
cvae,8,3,43,subject40,87,90,120,8.326672684688674e-17,axis_balanced,0.0594893628891657,0.0214259067272015,0.0318432177518359,0.209393336682364,1.6260610738916583,0.999503741096462,0.5988074223242184,0.5991047333823112
cvae,8,0,44,subject05,90,90,120,8.326672684688674e-17,raw_rms,0.0525094796601435,0.0311195280869904,0.0378490169280092,0.0910812566411709,0.7372796140155076,0.2455483451079607,0.4902491985296026,1.9965485750435568
cvae,8,0,44,subject05,90,90,120,8.326672684688674e-17,axis_balanced,0.0541562935972754,0.0319013809852244,0.0382210389963808,0.0790443558717033,0.6579746916123973,0.2000893401137501,0.4576745104473555,2.2873507913373543
cvae,8,0,44,subject13,90,90,120,6.938893903907227e-17,raw_rms,0.0280846988447289,0.0118772309068551,0.0194843222721954,0.0424429224472923,1.1544290136368276,0.5750148228914392,0.5889094211770125,1.0241638958378585
cvae,8,0,44,subject13,90,90,120,6.938893903907227e-17,axis_balanced,0.0270419060007802,0.0100108013316262,0.0166994351409677,0.0409300899306281,0.7841055124740788,0.3405845798649649,0.4493747228137768,1.319421809971388
cvae,8,0,44,subject19,88,90,120,8.326672684688674e-17,raw_rms,0.0167053017681324,0.000354243821979,0.0072828286061894,0.0626217605217292,0.8305771726395689,0.479171776175523,0.3557728158853109,0.7424744811242588
cvae,8,0,44,subject19,88,90,120,8.326672684688674e-17,axis_balanced,0.0210511589554759,0.0054781442521039,0.0117356496070906,0.0489031760832451,0.6479635008167399,0.3048617399402978,0.3469891693224368,1.1381853603223184
cvae,8,0,44,subject24,88,90,120,8.326672684688674e-17,raw_rms,0.0341692347984443,0.0158568298823393,0.024780500323414,0.1152892997000744,1.3622729158848064,0.6527640463348907,0.7093816948968881,1.086735243584403
cvae,8,0,44,subject24,88,90,120,8.326672684688674e-17,axis_balanced,0.021298943960847,0.0035545151540388,0.012659880774873,0.095918883330656,1.1648002039402232,0.6008917142698702,0.5661021500107073,0.94210343821859
cvae,8,0,44,subject27,87,90,120,8.326672684688674e-17,raw_rms,0.0530117340884519,0.0312656328294849,0.0397105400008166,0.1294183837425978,1.3622464033859092,0.6439936517249081,0.7146142372735668,1.1096603753150434
cvae,8,0,44,subject27,87,90,120,8.326672684688674e-17,axis_balanced,0.0428180788920332,0.0209354995380917,0.0291150772114237,0.1281038961171884,1.0491877971348436,0.4474271354747183,0.5952821506649824,1.3304560753414978
cvae,8,0,44,subject34,90,90,120,5.551115123125783e-17,raw_rms,0.0492368852639232,0.0123676023018932,0.0211091899591926,0.2218727743828301,1.419945077553077,0.8647568818662528,0.5199015907290795,0.6012112787204044
cvae,8,0,44,subject34,90,90,120,5.551115123125783e-17,axis_balanced,0.0520069525301888,0.0206288797710738,0.0286317538290943,0.1713164692079515,1.006270790965314,0.543099275726661,0.4435528931230962,0.8167068397018707
cvae,8,0,44,subject35,85,86,120,8.326672684688674e-17,raw_rms,0.0385586121531658,0.0194315086397307,0.030782644856622,0.0966300362843426,1.860483351232904,0.8815464293616184,0.9880841322708604,1.1208531954311158
cvae,8,0,44,subject35,85,86,120,8.326672684688674e-17,axis_balanced,0.0391239816893707,0.015192748471172,0.0255595227907791,0.1486158414967933,1.2931658342085794,0.5898240134266413,0.6938960381837779,1.176445892991911
cvae,8,1,44,subject08,89,90,120,8.847089727481715e-17,raw_rms,0.0733350951151861,0.0510891339331943,0.063090946083987,0.1878692932365256,1.3646076517492436,0.5973954376251124,0.7447614149926015,1.2466807881113526
cvae,8,1,44,subject08,89,90,120,8.847089727481715e-17,axis_balanced,0.1666396135832264,0.110088482924027,0.1231119274774178,0.321604927172027,2.278796480769484,1.4715404849726217,0.7262286216288064,0.4935158964670401
cvae,8,1,44,subject18,88,90,120,8.326672684688674e-17,raw_rms,0.0399800001628337,0.0055631240919861,0.0160948357295934,0.2257885134059031,1.9080480199074084,1.4401307269673116,0.4365764295891509,0.3031505553030675
cvae,8,1,44,subject18,88,90,120,8.326672684688674e-17,axis_balanced,0.0432696263375212,0.0090069782226397,0.0194250690923339,0.2232966680547532,1.8737474254551496,1.2853000539149289,0.5575130231455785,0.4337609894650164
cvae,8,1,44,subject23,90,90,120,8.326672684688674e-17,raw_rms,0.1167777465111024,0.0676211341967865,0.0762810914570821,0.3171749808981903,0.8589276674365289,0.2356683002136246,0.5296920356815233,2.2476168207662086
cvae,8,1,44,subject23,90,90,120,8.326672684688674e-17,axis_balanced,0.0854665709061945,0.0463182862729592,0.0548860944331652,0.2532301416566523,0.9662604910279202,0.3307994204602921,0.5798431412172156,1.752854162834961
cvae,8,1,44,subject25,88,90,120,8.326672684688674e-17,raw_rms,0.0388883409114821,0.0160484749061844,0.0302923284706658,0.0717124891708837,2.555982951050658,1.6061325253211065,0.970642347806198,0.6043351544805695
cvae,8,1,44,subject25,88,90,120,8.326672684688674e-17,axis_balanced,0.0404382662608242,0.0178578524105362,0.0318036239292288,0.0785733588013323,2.471567735095148,1.5721578624455026,0.9183574997951206,0.5841382228414449
cvae,8,1,44,subject26,89,90,120,8.326672684688674e-17,raw_rms,0.0454410657826582,0.0260071328828258,0.038629560258921,0.155625886406234,1.9005159432461587,1.1825538414212335,0.712822358755061,0.6027821599212487
cvae,8,1,44,subject26,89,90,120,8.326672684688674e-17,axis_balanced,0.1101058651737141,0.0738871706051012,0.0870449781640725,0.1890551948068592,2.54817337162346,1.8621554077772864,0.6766050885425392,0.3633451245350953
cvae,8,1,44,subject41,15,13,120,2.220446049250313e-16,raw_rms,0.2181258402072157,0.0821379081505639,0.1451875994484246,0.322562592207223,3.5113234685044445,2.9751504204848285,0.666538635409262,0.2240352725764512
cvae,8,1,44,subject41,15,13,120,2.220446049250313e-16,axis_balanced,0.2396036976444673,0.0918982798738777,0.1535378796405916,0.3846076721195395,3.3409399194665044,2.7458948681214705,0.6638769802235425,0.2417707203326818
cvae,8,1,44,subject43,90,90,120,8.326672684688674e-17,raw_rms,0.0177597502620872,0.0013309516574528,0.010588968224779,0.0725854868752422,0.968117104023328,0.5504616161986677,0.4220199076635929,0.7666654590340795
cvae,8,1,44,subject43,90,90,120,8.326672684688674e-17,axis_balanced,0.016475715634216,5.180061498410993e-05,0.0093126068791455,0.0669616432654163,1.121814621188598,0.6051540348171935,0.5232611681574361,0.864674344137033
cvae,8,2,44,subject01,90,90,120,8.326672684688674e-17,raw_rms,0.0341430598426542,0.0139764615202964,0.0243763567145609,0.0770515402952378,1.7552491986421384,0.823065887139866,0.9432519813420304,1.1460224461735478
cvae,8,2,44,subject01,90,90,120,8.326672684688674e-17,axis_balanced,0.0410391401481908,0.0217737546374808,0.0317137728671996,0.1008434086379167,1.3332222558079485,0.5714328371225053,0.7643387691081023,1.3375828609307612
cvae,8,2,44,subject04,90,90,120,8.326672684688674e-17,raw_rms,0.0364284347183774,0.0137903277794895,0.0221753134262656,0.1447609197048006,1.0512920634545313,0.3809203994400054,0.6591412326286515,1.7303910045186897
cvae,8,2,44,subject04,90,90,120,8.326672684688674e-17,axis_balanced,0.024526963406901,0.0033096434575043,0.0122344031065095,0.1300403804029904,1.0256001351527175,0.4720884376380369,0.5463999570395225,1.1574101661402314
cvae,8,2,44,subject10,90,90,120,8.847089727481715e-17,raw_rms,0.0267209394264843,0.0096221990589564,0.0184116405943006,0.0795118114898287,1.219114949802736,0.5924001386842762,0.6322436034103103,1.067257689734048
cvae,8,2,44,subject10,90,90,120,8.847089727481715e-17,axis_balanced,0.0283305039517881,0.0092682535780659,0.017795872049467,0.0834683856955442,1.006414234404229,0.4675875652174602,0.5415681833621385,1.1582176765335328
cvae,8,2,44,subject12,90,90,120,5.551115123125783e-17,raw_rms,0.0205837080858383,0.0065457762666922,0.0145294325070528,0.0522170660104279,0.9068169834396688,0.5407962786171991,0.3724063163495026,0.6886258857064163
cvae,8,2,44,subject12,90,90,120,5.551115123125783e-17,axis_balanced,0.0171248368841581,0.0025845766404102,0.0104951125745738,0.0551402211724016,0.8204517539882835,0.4171997651433619,0.4082491742521185,0.9785460308488724
cvae,8,2,44,subject15,88,89,120,5.551115123125783e-17,raw_rms,0.0417787159986433,0.0044446676305197,0.0146312398848343,0.2552379084492244,1.7853656457090767,1.071336514279215,0.6664741819611556,0.6220960203242517
cvae,8,2,44,subject15,88,89,120,5.551115123125783e-17,axis_balanced,0.0359860186545102,0.0068932773107018,0.0168238555822477,0.1877232051334889,1.3699819770680488,0.7051915086229502,0.6428308908871216,0.9115692447040348
cvae,8,2,44,subject21,88,90,120,8.326672684688674e-17,raw_rms,0.1095125990957628,0.0324257085233986,0.0452621897675395,0.3654058840694756,3.5508824333931206,2.625740783351889,0.8276925252316992,0.3152224813963198
cvae,8,2,44,subject21,88,90,120,8.326672684688674e-17,axis_balanced,0.08852435924364,0.0303120787262775,0.0428621771601283,0.3152824377780452,2.450562308076661,1.568628415097138,0.806682435650871,0.5142597366508351
cvae,8,2,44,subject36,90,90,120,7.112366251504909e-17,raw_rms,0.0179154779514946,0.0043364486146355,0.0121076811902287,0.0619330558149233,0.9244027217496524,0.4932706942456473,0.4364138920266041,0.8847350899165142
cvae,8,2,44,subject36,90,90,120,7.112366251504909e-17,axis_balanced,0.0223352977508488,0.0057532473498,0.0137617602856825,0.0751702640803088,0.8726301659845388,0.4567171125964465,0.4188273472644644,0.9170388752972756
cvae,8,3,44,subject02,30,30,120,5.551115123125783e-17,raw_rms,0.0799675535804591,0.0471214972863683,0.0768860132477574,0.1299802026182033,2.0425920604921046,1.2155304917108936,0.8578330071585594,0.7057272631237207
cvae,8,3,44,subject02,30,30,120,5.551115123125783e-17,axis_balanced,0.0648674098946966,0.0234513773678036,0.0515196185580109,0.122525913857667,1.7793401366246848,1.078646874154883,0.7276997230672014,0.6746412941096708
cvae,8,3,44,subject11,90,90,120,8.847089727481715e-17,raw_rms,0.0634559624948545,0.0460379413948287,0.0578466304500662,0.0834812971151018,1.8684084458355816,1.298472046196939,0.5822467964879885,0.4484091884714161
cvae,8,3,44,subject11,90,90,120,8.847089727481715e-17,axis_balanced,0.0453368472704289,0.0280976862300283,0.0396440224814959,0.0767237253947029,1.6876278919436063,1.0934115999325662,0.6055248199155902,0.5537940332377438
cvae,8,3,44,subject22,90,90,120,9.020562075079396e-17,raw_rms,0.0300270691781547,0.0112647413992897,0.0236388799511929,0.0858138132296174,1.750968966020198,0.7235093348904216,1.036774399864197,1.4329799905362943
cvae,8,3,44,subject22,90,90,120,9.020562075079396e-17,axis_balanced,0.0383474271639594,0.0215024964674585,0.03227161900744,0.0724788047725626,1.3610696093149035,0.5001818099572521,0.8684291071084878,1.7362268875445666
cvae,8,3,44,subject30,90,90,120,5.551115123125783e-17,raw_rms,0.0344435633419288,0.0203421911078198,0.0297797749079344,0.0674270449557321,1.0101285719112931,0.4721824043262872,0.5431726712800584,1.150345007148372
cvae,8,3,44,subject30,90,90,120,5.551115123125783e-17,axis_balanced,0.0377503384678455,0.0158366823734643,0.0245246832147592,0.1006705027178131,0.9773051736350424,0.4262848971161398,0.5502072859747474,1.2907032120934965
cvae,8,3,44,subject33,86,88,120,9.367506770274757e-17,raw_rms,0.0404551260547174,0.0020449452701889,0.0140975417382707,0.2605016274185037,1.890944577593665,1.215897084888333,0.6262219231723557,0.515028723199766
cvae,8,3,44,subject33,86,88,120,9.367506770274757e-17,axis_balanced,0.0391280361025401,0.0075751648400564,0.0193507357680903,0.1984651346164374,1.6765352083952052,1.006945525896083,0.6470358006404119,0.6425727946550168
cvae,8,3,44,subject37,90,90,120,5.551115123125783e-17,raw_rms,0.0374952606424123,0.0082775699645805,0.0205916776658201,0.1837668796695796,2.126482048610844,1.4116381939998472,0.7026135704568637,0.4977292152077742
cvae,8,3,44,subject37,90,90,120,5.551115123125783e-17,axis_balanced,0.0472723072040397,0.0141235878752078,0.0262646701532188,0.1913251281300867,2.037555710819034,1.3069941790885131,0.714431984492727,0.5466221624574992
cvae,8,3,44,subject40,87,90,120,8.847089727481715e-17,raw_rms,0.1495966686022327,0.0745084795265161,0.0856164119055955,0.3588138327488408,1.946465210429153,1.1950279657372869,0.6413122352552729,0.5366503995240042
cvae,8,3,44,subject40,87,90,120,8.847089727481715e-17,axis_balanced,0.101311168123878,0.051661781119755,0.0623146272977002,0.2847066250136535,1.731004503303767,0.999503741096462,0.6671077280711941,0.6674389505929941
context_resample,0,0,42,subject05,90,90,120,0.0,raw_rms,0.0195242348245432,0.0022961104718965,0.0076279879562426,0.0632915088227712,0.4757113340469997,0.2455483451079607,0.2308088962644908,0.9399733325957076
context_resample,0,0,42,subject05,90,90,120,0.0,axis_balanced,0.0210833472603015,0.0033353851102979,0.0078919379842545,0.070584151166157,0.3774326698889207,0.2000893401137501,0.1760515182549342,0.8798645552774051
context_resample,0,0,43,subject05,90,90,120,0.0,raw_rms,0.0143696269421508,-0.0002504840575106,0.0048820484887686,0.0559101425459668,0.4472006070181962,0.2455483451079607,0.2029458482181873,0.8265005741698552
context_resample,0,0,43,subject05,90,90,120,0.0,axis_balanced,0.0181545088269488,0.0027326954949395,0.0071451356417742,0.0651369115294437,0.3580080793598018,0.2000893401137501,0.15720921367322,0.7856950979189947
context_resample,0,0,44,subject05,90,90,120,0.0,raw_rms,0.0119442371924703,-0.0016319597558311,0.003799535287845,0.0416046779047532,0.4869737542358593,0.2455483451079607,0.2444599410251943,0.9955674550268794
context_resample,0,0,44,subject05,90,90,120,0.0,axis_balanced,0.0146732539214631,0.0009252836974988,0.005574183131122,0.0599199507135394,0.3853485451141712,0.2000893401137501,0.185437330484431,0.9267726625466928
context_mean_only,0,0,-1,subject05,90,90,120,0.0,raw_rms,0.2617393187228425,0.0466558911109971,0.049758197905481,0.0446398164189695,0.2448127433722359,0.2455483451079607,4.4379235107225686e-29,1.8073522380170543e-28
context_mean_only,0,0,-1,subject05,90,90,120,0.0,axis_balanced,0.2514099061586738,0.0341689008895775,0.0368862868274753,0.067022223470511,0.2023581036625285,0.2000893401137501,1.3481301614209188e-29,6.737641098993633e-29
context_resample,0,0,42,subject13,90,90,120,0.0,raw_rms,0.0173689725092188,0.0005475721499719,0.0069732402683841,0.0781148084209584,0.9039914269911068,0.5750148228914392,0.3320306565304609,0.5774297345255517
context_resample,0,0,42,subject13,90,90,120,0.0,axis_balanced,0.0133627430259775,-0.0004141165137041,0.0048043252700007,0.0531116404362255,0.545735175725087,0.3405845798649649,0.2078460732301572,0.6102627233228354
context_resample,0,0,43,subject13,90,90,120,0.0,raw_rms,0.0150288929847524,-0.0001554663553648,0.0061533267878253,0.0562835516800072,1.1323161837957545,0.5750148228914392,0.5652328500527211,0.982988311867284
context_resample,0,0,43,subject13,90,90,120,0.0,axis_balanced,0.013544527520807,-0.0005365983178571,0.0046292887462995,0.0438380401080144,0.6447649540303483,0.3405845798649649,0.308614662367545,0.9061322226916574
context_resample,0,0,44,subject13,90,90,120,0.0,raw_rms,0.0218640855190819,0.0021080632429035,0.0086636781966262,0.1208377429498202,0.9158238370346732,0.5750148228914392,0.3353912345644131,0.5832740674021438
context_resample,0,0,44,subject13,90,90,120,0.0,axis_balanced,0.0146770710824283,-0.0009237657049792,0.0044238163489902,0.0822318087421492,0.5608937482498225,0.3405845798649649,0.2191576851685339,0.6434750664737249
context_mean_only,0,0,-1,subject13,90,90,120,0.0,raw_rms,0.2724918810717793,0.0566915314117799,0.0604983833714585,0.0450440987238622,0.5706547401336015,0.5750148228914392,2.8525385035484786e-29,4.9608086435139227e-29
context_mean_only,0,0,-1,subject13,90,90,120,0.0,axis_balanced,0.2469498185727603,0.0350746168252829,0.0382639156117863,0.0366995167284133,0.3381471612834533,0.3405845798649649,1.1377617067630217e-29,3.340614267428436e-29
context_resample,0,0,42,subject19,88,90,120,0.0,raw_rms,0.0155910503912233,-0.0029459115209951,0.0040504305251833,0.1172836053189318,1.0549971458206764,0.479171776175523,0.572162073695739,1.1940646384943867
context_resample,0,0,42,subject19,88,90,120,0.0,axis_balanced,0.0132542752699946,-0.0021508830638174,0.0035943791350288,0.079950943500255,0.6306196445105897,0.3048617399402978,0.3254653148266025,1.06758334086245
context_resample,0,0,43,subject19,88,90,120,0.0,raw_rms,0.0177107976281598,0.0012158681198126,0.0076959350179035,0.0895774919935149,0.8931974783421197,0.479171776175523,0.4147822244784639,0.8656232380567572
context_resample,0,0,43,subject19,88,90,120,0.0,axis_balanced,0.0152418477108072,-0.0001502328097664,0.0052372066649921,0.0694768476409088,0.5667080084254481,0.3048617399402978,0.2625948794551618,0.8613572811943762
context_resample,0,0,44,subject19,88,90,120,0.0,raw_rms,0.022341650719323,0.0059388923828644,0.0120838737546415,0.0774474686819594,0.8437017348747277,0.479171776175523,0.3669135924104433,0.7657245494276379
context_resample,0,0,44,subject19,88,90,120,0.0,axis_balanced,0.0178312516014104,0.0017058177025015,0.0068281251933228,0.056920234593206,0.5339909894304713,0.3048617399402978,0.2312033839159977,0.7583876676728118
context_mean_only,0,0,-1,subject19,88,90,120,0.0,raw_rms,0.3195461085528033,0.0885878341468004,0.0924831543852116,0.0594969017980295,0.4773875266526925,0.479171776175523,4.7449416886486716e-29,9.902381410107462e-29
context_mean_only,0,0,-1,subject19,88,90,120,0.0,axis_balanced,0.2669378130963323,0.0443776431031537,0.0476136728847083,0.0415380905045771,0.3031998002370609,0.3048617399402978,1.2829389961471748e-29,4.2082650200658744e-29
context_resample,0,0,42,subject24,88,90,120,0.0,raw_rms,0.0171991388594419,-0.0003274332479412,0.0076774326686526,0.0605389230091947,1.372475863439909,0.6527640463348907,0.7293779392478024,1.1173684325034134
context_resample,0,0,42,subject24,88,90,120,0.0,axis_balanced,0.0177161872452648,0.0003387059234265,0.00873971521428,0.0705010450592169,1.1771469755677362,0.6008917142698702,0.5828182573577372,0.9699222730436652
context_resample,0,0,43,subject24,88,90,120,0.0,raw_rms,0.0133031252703015,-0.002388567279592,0.0055640352248058,0.0452307858736171,1.1862664894191666,0.6527640463348907,0.5432365239748198,0.8322096276977249
context_resample,0,0,43,subject24,88,90,120,0.0,axis_balanced,0.016289232560343,0.0004483299796795,0.0087580788128915,0.0675627735522558,1.059927161074231,0.6008917142698702,0.4650224803737335,0.7738873233403987
context_resample,0,0,44,subject24,88,90,120,0.0,raw_rms,0.0208302852356101,0.0020172985955178,0.0103772694128843,0.0761990359803043,1.2511264430289,0.6527640463348907,0.6048494495373248,0.9265973714903654
context_resample,0,0,44,subject24,88,90,120,0.0,axis_balanced,0.0179828230022667,-0.00157263758445,0.0071314881396413,0.0859384787088586,1.1293421605796508,0.6008917142698702,0.5321764021411626,0.8856444339356517
context_mean_only,0,0,-1,subject24,88,90,120,0.0,raw_rms,0.3590010630453987,0.1021688918233905,0.1069166159356513,0.0430150062351552,0.6473614032481356,0.6527640463348907,3.7523560590157874e-29,5.748411053096967e-29
context_mean_only,0,0,-1,subject24,88,90,120,0.0,axis_balanced,0.3755775029999784,0.1154098264222551,0.1204797658806271,0.0615501029085061,0.5980035548349195,0.6008917142698702,1.7429791360707477e-29,2.9006543020627296e-29
context_resample,0,0,42,subject27,87,90,120,0.0,raw_rms,0.0242113142612695,0.0076134126363169,0.015038973260228,0.1019060695412165,1.4354288512872988,0.6439936517249081,0.7948294160392104,1.234219334166254
context_resample,0,0,42,subject27,87,90,120,0.0,axis_balanced,0.0215204644291409,0.0037721387668725,0.010969029873314,0.0943199673999593,0.9622193749077842,0.4474271354747183,0.5151603991251653,1.151383897578278
context_resample,0,0,43,subject27,87,90,120,0.0,raw_rms,0.0128363667045587,-0.0022913593181106,0.0049775813300141,0.0751000924973876,1.3490942582873022,0.6439936517249081,0.712554017837086,1.106461245275543
context_resample,0,0,43,subject27,87,90,120,0.0,axis_balanced,0.013088757901724,-0.0030495030894888,0.0038583258166773,0.0656265116575823,0.8928913857511405,0.4474271354747183,0.4498778055735783,1.0054772496001163
context_resample,0,0,44,subject27,87,90,120,0.0,raw_rms,0.0179416455955567,0.0012747193325088,0.0080971538420313,0.0851481980889639,1.082922300237291,0.6439936517249081,0.4425215978760517,0.6871521119669076
context_resample,0,0,44,subject27,87,90,120,0.0,axis_balanced,0.0247479886754453,0.0051722114071042,0.0118145875857429,0.1184952825999073,0.7876614837161239,0.4474271354747183,0.3339475249001944,0.7463729810349511
context_mean_only,0,0,-1,subject27,87,90,120,0.0,raw_rms,0.3572930282846648,0.1069833782736053,0.1111766537194123,0.092177023353358,0.6453347703400277,0.6439936517249081,5.794624052229529e-29,8.997952133082193e-29
context_mean_only,0,0,-1,subject27,87,90,120,0.0,axis_balanced,0.3258215975865369,0.0768179294681812,0.0808690313738171,0.0825615482193602,0.4492721321027102,0.4474271354747183,2.175347067489942e-29,4.8619024082701373e-29
context_resample,0,0,42,subject34,90,90,120,0.0,raw_rms,0.0410520153876218,0.0121017091105575,0.0206520257095621,0.1622659679132179,1.711014855757054,0.8647568818662528,0.8365070312737833,0.9673320314820708
context_resample,0,0,42,subject34,90,90,120,0.0,axis_balanced,0.0308953713233514,0.0079484440142594,0.0155719482802654,0.1375339960799914,1.145184009439419,0.543099275726661,0.5941548605364606,1.0940078307810075
context_resample,0,0,43,subject34,90,90,120,0.0,raw_rms,0.0534599071989962,0.0223547134644739,0.030708467861958,0.1897445780136037,1.7201599393259568,0.8647568818662528,0.8359749200396545,0.9667167010403164
context_resample,0,0,43,subject34,90,90,120,0.0,axis_balanced,0.0342214797656227,0.0113390517946576,0.0189407973701805,0.140730044302129,1.162987384770659,0.543099275726661,0.6112110252823686,1.1254130738152337
context_resample,0,0,44,subject34,90,90,120,0.0,raw_rms,0.0265116687401434,0.0049627258547599,0.0139618929379403,0.0880788789758207,2.046706917685848,0.8647568818662528,1.1937484605342572,1.380444013302328
context_resample,0,0,44,subject34,90,90,120,0.0,axis_balanced,0.0208557430492666,0.0009431758563964,0.0089739302206977,0.0948880430294486,1.3144065508793108,0.543099275726661,0.7747945924433488,1.4266168766413507
context_mean_only,0,0,-1,subject34,90,90,120,0.0,raw_rms,0.3794488394997404,0.1355508441387911,0.1407392986930262,0.1359574267955767,0.8736328939686134,0.8647568818662528,3.8262760842982336e-29,4.424684167925504e-29
context_mean_only,0,0,-1,subject34,90,90,120,0.0,axis_balanced,0.3429664056708833,0.0962792559976739,0.1007846095278504,0.1061261207504686,0.548327592835241,0.543099275726661,1.4797422528266959e-29,2.72462571570698e-29
context_resample,0,0,42,subject35,85,86,120,0.0,raw_rms,0.0251079654971582,0.0013408078788264,0.0127940619589017,0.1142917077572301,1.861518530822356,0.8815464293616184,0.9853714758403076,1.1177760388115634
context_resample,0,0,42,subject35,85,86,120,0.0,axis_balanced,0.0313757680814743,0.0083702832615919,0.0186962253706282,0.1284810604469734,1.2708627443955125,0.5898240134266413,0.677031697649816,1.1478537364332335
context_resample,0,0,43,subject35,85,86,120,0.0,raw_rms,0.0691015788078535,0.0273327124129292,0.0381263951360906,0.2437587603186766,1.6378507015737045,0.8815464293616184,0.7130788022080192,0.8088953439745687
context_resample,0,0,43,subject35,85,86,120,0.0,axis_balanced,0.0690014269711315,0.0326113416461371,0.042191992027986,0.2217275688281487,1.1055068927689755,0.5898240134266413,0.4773561512517661,0.8093196282031959
context_resample,0,0,44,subject35,85,86,120,0.0,raw_rms,0.0326729536065806,0.0107012230014353,0.0215847030106611,0.102568424468228,1.577752617068203,0.8815464293616184,0.7017846513125928,0.7960835957566046
context_resample,0,0,44,subject35,85,86,120,0.0,axis_balanced,0.0373106800522584,0.0127870085607784,0.0225203774854083,0.1412490963255292,1.0882672430511455,0.5898240134266413,0.4894289154680681,0.8297880458014623
context_mean_only,0,0,-1,subject35,85,86,120,0.0,raw_rms,0.5243763811269178,0.265560631950124,0.2721721265542227,0.0890534495517287,0.8792264063623828,0.8815464293616184,4.725919888148171e-29,5.360942692003753e-29
context_mean_only,0,0,-1,subject35,85,86,120,0.0,axis_balanced,0.4363644172400497,0.1632561462316171,0.1691928869989467,0.0991611733476096,0.5927985329655411,0.5898240134266413,2.0622211573620345e-29,3.4963329915670186e-29
context_resample,0,1,42,subject08,89,90,120,0.0,raw_rms,0.0263886260298067,0.0040125733934471,0.0164752270205191,0.1184091969511244,1.346251543385746,0.5973954376251124,0.7477039612666356,1.251606413733356
context_resample,0,1,42,subject08,89,90,120,0.0,axis_balanced,0.0466035036683403,0.0039486131962011,0.0187700319059871,0.2216148527320215,3.341020750398291,1.4715404849726217,1.8521521737552236,1.2586484657876629
context_resample,0,1,43,subject08,89,90,120,0.0,raw_rms,0.0223365200634098,-0.0018323747943791,0.0103265985792779,0.1271308792988155,1.308365074720727,0.5973954376251124,0.707339600378872,1.184039173768772
context_resample,0,1,43,subject08,89,90,120,0.0,axis_balanced,0.0433649385142431,-0.0009159746223884,0.0136145083794815,0.2397923713949536,3.133574792752577,1.4715404849726217,1.634505253344977,1.110744332239957
context_resample,0,1,44,subject08,89,90,120,0.0,raw_rms,0.0297479318467399,0.0024820868405325,0.0148132391565748,0.1533772741641842,1.343108897252857,0.5973954376251124,0.7349511917469913,1.230259130650074
context_resample,0,1,44,subject08,89,90,120,0.0,axis_balanced,0.0579733333826137,0.0040898417089299,0.0188050203310456,0.2908946253594309,3.2858433712449697,1.4715404849726217,1.7607062047486128,1.1965054463189786
context_mean_only,0,1,-1,subject08,89,90,120,0.0,raw_rms,0.4279020200237519,0.2475667228304503,0.2544041791478535,0.1036861303259422,0.6015085241623573,0.5973954376251124,4.9980971113758034e-29,8.366480218270921e-29
context_mean_only,0,1,-1,subject08,89,90,120,0.0,axis_balanced,0.6695555488846354,0.4002667223063491,0.4084850042836362,0.1961746782080453,1.4936745395096227,1.4715404849726217,2.7594499603246435e-29,1.8752117175872227e-29
context_resample,0,1,42,subject18,88,90,120,0.0,raw_rms,0.0191536828387108,-0.0012950532745883,0.0096578501239125,0.0821044334790541,2.5094844407381034,1.4401307269673116,1.087678011726791,0.7552633878017933
context_resample,0,1,42,subject18,88,90,120,0.0,axis_balanced,0.0244941627653683,0.0026479758193419,0.0131581255948285,0.0961178868758528,2.269794077986188,1.2853000539149289,0.9978519202728864,0.7763571760800159
context_resample,0,1,43,subject18,88,90,120,0.0,raw_rms,0.0214828554640409,-0.0013909192503234,0.0098142410013662,0.0960555352118392,2.547437236859249,1.4401307269673116,1.1234433242712236,0.7800981558368789
context_resample,0,1,43,subject18,88,90,120,0.0,axis_balanced,0.0238605887710097,0.0012856990322007,0.0121948623229632,0.1018906881565307,2.331834522625591,1.2853000539149289,1.0592610434498997,0.824135220584072
context_resample,0,1,44,subject18,88,90,120,0.0,raw_rms,0.031694985916483,0.0081252810687136,0.0192825057868704,0.0898525513525908,2.389130352037231,1.4401307269673116,0.964969004982059,0.6700565350856249
context_resample,0,1,44,subject18,88,90,120,0.0,axis_balanced,0.0304769250267469,0.0086248329653869,0.0194327991734023,0.0948975240891959,2.1802617305465044,1.2853000539149289,0.907802267156452,0.7062959846545976
context_mean_only,0,1,-1,subject18,88,90,120,0.0,raw_rms,0.4969199793249403,0.305417529873931,0.3117601823890605,0.0709644229511064,1.429165223770236,1.4401307269673116,3.311183782950694e-29,2.299224452993601e-29
context_mean_only,0,1,-1,subject18,88,90,120,0.0,axis_balanced,0.4899712610358191,0.2206936363244644,0.226891841125608,0.0728845707063142,1.2763311028518072,1.2853000539149289,2.53045065003762e-29,1.9687625798583408e-29
context_resample,0,1,42,subject23,90,90,120,0.0,raw_rms,0.0126433197389623,-0.0015807518235568,0.0053779873199175,0.0851254469309948,0.4776113619258664,0.2356683002136246,0.2393095025204172,1.0154505391836408
context_resample,0,1,42,subject23,90,90,120,0.0,axis_balanced,0.0160662056103011,-0.0009089322978255,0.0065646417754958,0.0929131338610736,0.7278651149349727,0.3307994204602921,0.3954034216608608,1.19529659728749
context_resample,0,1,43,subject23,90,90,120,0.0,raw_rms,0.0361711356148829,0.0161163562380006,0.023281963974443,0.1605046082279211,0.5011944910693743,0.2356683002136246,0.2444198301805629,1.0371349475470626
context_resample,0,1,43,subject23,90,90,120,0.0,axis_balanced,0.0371350834683131,0.0147637492185113,0.0226008505643546,0.1513798278285913,0.8102354933838553,0.3307994204602921,0.4640629611089492,1.40285300519338
context_resample,0,1,44,subject23,90,90,120,0.0,raw_rms,0.0362147538675245,0.014465768201691,0.021687893768953,0.16502534330349,0.5179722940030056,0.2356683002136246,0.2598546217068771,1.1026286584633085
context_resample,0,1,44,subject23,90,90,120,0.0,axis_balanced,0.0310781135354496,0.0081808167084909,0.0158236634478536,0.1431245360155686,0.7691457228850545,0.3307994204602921,0.4250795483004867,1.285006931720159
context_mean_only,0,1,-1,subject23,90,90,120,0.0,raw_rms,0.2921239962474665,0.0988858194262223,0.1028846989123282,0.1419559816451499,0.2532012642694229,0.2356683002136246,4.9628434232040366e-29,2.105859557142561e-28
context_mean_only,0,1,-1,subject23,90,90,120,0.0,axis_balanced,0.3456350224855808,0.0935081745663177,0.0976513012252815,0.1392461170619199,0.3465133524608885,0.3307994204602921,1.5593318992052678e-29,4.713828993519789e-29
context_resample,0,1,42,subject25,88,90,120,0.0,raw_rms,0.0320319583262707,0.0141573280824598,0.0287807319289301,0.0926176086948096,3.0789317146235207,1.6061325253211065,1.4945214300605871,0.9305094109602162
context_resample,0,1,42,subject25,88,90,120,0.0,axis_balanced,0.0295257419555217,0.0046690862657012,0.0195378936592141,0.105455062605016,3.163786305678338,1.5721578624455026,1.6114044642329213,1.024963524799202
context_resample,0,1,43,subject25,88,90,120,0.0,raw_rms,0.0234335495858264,0.0014183773977084,0.0162346331394414,0.08178627947862,3.146220616410941,1.6061325253211065,1.5642806849010675,0.9739424737621376
context_resample,0,1,43,subject25,88,90,120,0.0,axis_balanced,0.0315590653571882,0.0052869944601547,0.0202280039586022,0.1168784894849086,3.279975292031773,1.5721578624455026,1.7260086745974808,1.0978596461761556
context_resample,0,1,44,subject25,88,90,120,0.0,raw_rms,0.0274480149510933,0.0062685267905171,0.0210974996889621,0.0775116850964573,2.9376455356210758,1.6061325253211065,1.3546395286603252,0.843417032719326
context_resample,0,1,44,subject25,88,90,120,0.0,axis_balanced,0.0296843468930134,0.0043982713131265,0.01936431536627,0.0963317095284875,3.065838788366348,1.5721578624455026,1.5144903008611792,0.9633194840277546
context_mean_only,0,1,-1,subject25,88,90,120,0.0,raw_rms,0.6627644574526705,0.4940263121290215,0.5025094939488218,0.068284269502876,1.5929493498346357,1.6061325253211065,4.931729739566634e-29,3.0705621496461865e-29
context_mean_only,0,1,-1,subject25,88,90,120,0.0,axis_balanced,0.6701060863108315,0.415761461738982,0.4242809320806344,0.063066990295161,1.5586668870165536,1.5721578624455026,3.2331850053107235e-29,2.0565269446170517e-29
context_resample,0,1,42,subject26,89,90,120,0.0,raw_rms,0.0389212242742036,0.0192229636492019,0.0327987559587692,0.1197738017786398,2.3420318208381685,1.1825538414212335,1.168005078606382,0.9876971666699198
context_resample,0,1,42,subject26,89,90,120,0.0,axis_balanced,0.0620229432721584,0.0293700439531414,0.0441386308539708,0.1912532302445374,3.428280423246642,1.8621554077772864,1.5632650417133007,0.8394922546122248
context_resample,0,1,43,subject26,89,90,120,0.0,raw_rms,0.0335814185862983,0.0164707589374862,0.0301963449644613,0.0931471068428141,2.3489662882261597,1.1825538414212335,1.180714840758294,0.9984448905423796
context_resample,0,1,43,subject26,89,90,120,0.0,axis_balanced,0.0417803899846549,0.0194947058152201,0.0345286749607636,0.0959368469999598,3.65543450496704,1.8621554077772864,1.8199319336666528,0.9773254831823986
context_resample,0,1,44,subject26,89,90,120,0.0,raw_rms,0.0280687596264974,0.0093371014681689,0.0230526557575113,0.075700404090185,2.2931538543825143,1.1825538414212335,1.127403982092873,0.9533637645943632
context_resample,0,1,44,subject26,89,90,120,0.0,axis_balanced,0.0370264339928092,0.0151634429016481,0.0301323007983675,0.0818957865006792,3.560337728625939,1.8621554077772864,1.726553966363756,0.9271803841681576
context_mean_only,0,1,-1,subject26,89,90,120,0.0,raw_rms,0.5540386272151099,0.3867307577553587,0.3944372337584056,0.1307568458127958,1.1865117070212423,1.1825538414212335,3.5961264794779645e-29,3.0409832969262665e-29
context_mean_only,0,1,-1,subject26,89,90,120,0.0,axis_balanced,0.6989954702653174,0.4267445415228722,0.4353060412630688,0.1317148989755455,1.8588136067474543,1.8621554077772864,1.923840084544611e-29,1.0331254182705152e-29
context_resample,0,1,42,subject41,15,13,120,0.0,raw_rms,0.1173937495843211,0.0068427598109356,0.0713251340761375,0.2709996356561887,4.663041703159303,2.9751504204848285,1.8587981897156631,0.6247745246483217
context_resample,0,1,42,subject41,15,13,120,0.0,axis_balanced,0.1338376024125884,0.0115385365305622,0.0746498653785038,0.3063744787396296,4.713594038207284,2.7458948681214705,2.102578014480024,0.7657168666178563
context_resample,0,1,43,subject41,15,13,120,0.0,raw_rms,0.1619605260462087,0.0506154720232181,0.1152125036250985,0.2973537964545638,4.682992081868781,2.9751504204848285,1.8638118713654004,0.6264597105855491
context_resample,0,1,43,subject41,15,13,120,0.0,axis_balanced,0.1659405567229424,0.0387454132317234,0.1020064823737078,0.335668692987891,4.7764626362343945,2.7458948681214705,2.147008718141763,0.7818976403894811
context_resample,0,1,44,subject41,15,13,120,0.0,raw_rms,0.1857283598695194,0.071057452024262,0.1354532811566787,0.2816475345332987,4.387849989523866,2.9751504204848285,1.575359959646753,0.5295059869241949
context_resample,0,1,44,subject41,15,13,120,0.0,axis_balanced,0.1765702939160287,0.0527650587902729,0.1157744616373818,0.3192454425820664,4.50834961179911,2.7458948681214705,1.887488846956044,0.6873856930463321
context_mean_only,0,1,-1,subject41,15,13,120,0.0,raw_rms,0.9361829781882688,0.6677828393060816,0.7257676661708499,0.2548853265165612,2.811259225505604,2.9751504204848285,4.294731242056049e-29,1.4435341529239997e-29
context_mean_only,0,1,-1,subject41,15,13,120,0.0,axis_balanced,0.8774305976867534,0.4927933850758494,0.5497081287944909,0.2924435826727046,2.620195435004727,2.7458948681214705,2.4312026229940425e-29,8.85395377375567e-30
context_resample,0,1,42,subject43,90,90,120,0.0,raw_rms,0.016467088503705,-0.0004739968461617,0.0084377338968855,0.0777075157210412,0.9028643639863816,0.5504616161986677,0.3554425512283999,0.6457172321714013
context_resample,0,1,42,subject43,90,90,120,0.0,axis_balanced,0.0190922655881194,-0.0006277625844077,0.008221690093622,0.0995766869777068,1.0498328439894098,0.6051540348171935,0.4451972029945724,0.735675840166973
context_resample,0,1,43,subject43,90,90,120,0.0,raw_rms,0.0139658888499587,-0.0029626725915923,0.0059308621845348,0.0624366255097955,0.952129761376144,0.5504616161986677,0.4072800535990697,0.7398881985843638
context_resample,0,1,43,subject43,90,90,120,0.0,axis_balanced,0.0157238655866528,-0.0028449265505585,0.0059619847442626,0.0609710813664508,1.067985176541325,0.6051540348171935,0.4697522043845327,0.7762522884383257
context_resample,0,1,44,subject43,90,90,120,0.0,raw_rms,0.0138114897166171,-0.004654550405378,0.0046656504737765,0.0726856973893155,1.0884569303289162,0.5504616161986677,0.5433563129800968,0.9870921005035044
context_resample,0,1,44,subject43,90,90,120,0.0,axis_balanced,0.0155469046524522,-0.0029692359462498,0.0061937763117267,0.0685372683332524,1.159545753693128,0.6051540348171935,0.5610940794408817,0.9271921645707584
context_mean_only,0,1,-1,subject43,90,90,120,0.0,raw_rms,0.3630538689359203,0.1675471437834141,0.1728054230181748,0.0981290973195449,0.5539746957594313,0.5504616161986677,5.588925390604878e-29,1.015316095825249e-28
context_mean_only,0,1,-1,subject43,90,90,120,0.0,axis_balanced,0.3918141849423847,0.1309273412678608,0.1361490501823086,0.0935022804139856,0.6071727775396181,0.6051540348171935,2.4693820274921619e-29,4.0805842569290954e-29
context_resample,0,2,42,subject01,90,90,120,0.0,raw_rms,0.0700237634805155,0.026754289756387,0.0348222830156459,0.2810338680124094,1.2284604374949382,0.823065887139866,0.338379521252604,0.4111208185634623
context_resample,0,2,42,subject01,90,90,120,0.0,axis_balanced,0.0506226875321426,0.0193443700212563,0.0269586396439547,0.2016253257779009,0.8876086563246967,0.5714328371225053,0.2842409757508762,0.4974179943564215
context_resample,0,2,43,subject01,90,90,120,0.0,raw_rms,0.0451285056318847,0.0125986896996579,0.0210347405453954,0.2310112449416627,1.2702676030666893,0.823065887139866,0.4063670895742213,0.4937236446359563
context_resample,0,2,43,subject01,90,90,120,0.0,axis_balanced,0.0323940609096419,0.0073947963630329,0.0153549780829,0.1620520268009684,0.9273470177063252,0.5714328371225053,0.338826125989234,0.5929412941955166
context_resample,0,2,44,subject01,90,90,120,0.0,raw_rms,0.046421792574171,0.0130986764429028,0.0215992932119786,0.2320395718825616,1.2874066838661196,0.823065887139866,0.423170027224122,0.5141387024246961
context_resample,0,2,44,subject01,90,90,120,0.0,axis_balanced,0.039581237884586,0.0117028878852907,0.019732289438392,0.1825589480369174,0.9430915586376156,0.5714328371225053,0.3475766780698185,0.6082546460229135
context_mean_only,0,2,-1,subject01,90,90,120,0.0,raw_rms,0.396495806966369,0.1493178799298744,0.1546598947325885,0.1648412370154379,0.8410933440368693,0.823065887139866,3.720356049523633e-29,4.520119358186233e-29
context_mean_only,0,2,-1,subject01,90,90,120,0.0,axis_balanced,0.359447424566921,0.1031497551222997,0.1081190574893948,0.1169852958516377,0.5787691428221948,0.5714328371225053,1.9556638139594642e-29,3.4223861264385186e-29
context_resample,0,2,42,subject04,90,90,120,0.0,raw_rms,0.0195602947148679,0.0025615238290022,0.0100079956357577,0.0851828116594559,0.7429258957878855,0.3809203994400054,0.3619984878941207,0.9503258119709472
context_resample,0,2,42,subject04,90,90,120,0.0,axis_balanced,0.0195515720887846,0.0006166683451924,0.0091083706204107,0.0813579559875574,0.9352164147340633,0.4720884376380369,0.4656345753059699,0.9863291243387424
context_resample,0,2,43,subject04,90,90,120,0.0,raw_rms,0.0173537211256341,0.000424502012063,0.0077480355308752,0.0950796669530248,0.7200304895350981,0.3809203994400054,0.3371116597410366,0.8849924032333987
context_resample,0,2,43,subject04,90,90,120,0.0,axis_balanced,0.0215807834671691,0.0005716694927111,0.0089200193548049,0.1226162105685247,0.9008448996681366,0.4720884376380369,0.4224878864075115,0.8949337724120338
context_resample,0,2,44,subject04,90,90,120,0.0,raw_rms,0.0144689509684722,-0.0014995061177198,0.0055966931899082,0.0706685048280338,0.6824600515799472,0.3809203994400054,0.3033056101996423,0.7962440726344263
context_resample,0,2,44,subject04,90,90,120,0.0,axis_balanced,0.0186014804224426,-3.328435741911662e-05,0.0081035348383888,0.0940968436746868,0.8573633547980518,0.4720884376380369,0.3848734066440438,0.8152570068643299
context_mean_only,0,2,-1,subject04,90,90,120,0.0,raw_rms,0.325648607450086,0.0908063045369174,0.0950413457666885,0.0953404516667662,0.3857777522813616,0.3809203994400054,3.769103190399255e-29,9.89472655163716e-29
context_mean_only,0,2,-1,subject04,90,90,120,0.0,axis_balanced,0.3538660731655011,0.110904155982759,0.1157497453625007,0.1228086424387316,0.481924973210814,0.4720884376380369,1.632784774370835e-29,3.4586417378489906e-29
context_resample,0,2,42,subject10,90,90,120,0.0,raw_rms,0.0197098678284803,0.0019637542643953,0.0106417875970927,0.0842244541765143,1.3611605994752956,0.5924001386842762,0.7747047991995087,1.3077390577931534
context_resample,0,2,42,subject10,90,90,120,0.0,axis_balanced,0.0201177331688954,0.0033926343690322,0.0115161125700127,0.0759154271727304,0.992127318625002,0.4675875652174602,0.5283751449237265,1.1300025582972806
context_resample,0,2,43,subject10,90,90,120,0.0,raw_rms,0.0130571335826555,-0.0033794925327002,0.0047686123556496,0.0590520726098811,1.3429809023834849,0.5924001386842762,0.7600092506045489,1.2829322631364224
context_resample,0,2,43,subject10,90,90,120,0.0,axis_balanced,0.011687437555408,-0.0032236719526428,0.0043640201687,0.0481190717425098,0.9390521315085408,0.4675875652174602,0.4783306271768319,1.022975508243842
context_resample,0,2,44,subject10,90,90,120,0.0,raw_rms,0.0180499534676846,-0.0020042780359104,0.0064353178015168,0.1060250587807346,1.349743167601508,0.5924001386842762,0.7590090147135453,1.2812438167204152
context_resample,0,2,44,subject10,90,90,120,0.0,axis_balanced,0.0187864106054441,-0.0006612460272954,0.0073199246252122,0.0789113232502802,0.9788482691481074,0.4675875652174602,0.5145167640855551,1.1003645142835858
context_mean_only,0,2,-1,subject10,90,90,120,0.0,raw_rms,0.3758653284154092,0.1389261597943825,0.1435998659408053,0.068650844287121,0.5905308533424521,0.5924001386842762,3.4685860763521306e-29,5.855140554247469e-29
context_mean_only,0,2,-1,subject10,90,90,120,0.0,axis_balanced,0.3295171370515752,0.0928200245188528,0.0972517773730379,0.0501927239350757,0.4649114573621778,0.4675875652174602,1.2203037584528869e-29,2.609786592347387e-29
context_resample,0,2,42,subject12,90,90,120,0.0,raw_rms,0.0162013447137094,-0.0020432926184252,0.0063995573041417,0.0870704549084476,1.6266725132076802,0.5407962786171991,1.0934156148027308,2.021862313103492
context_resample,0,2,42,subject12,90,90,120,0.0,axis_balanced,0.0140382154792321,-0.0028260376505089,0.0049525235412501,0.0731002991773702,1.071530792251532,0.4171997651433619,0.6591155559472806,1.5798560090770648
context_resample,0,2,43,subject12,90,90,120,0.0,raw_rms,0.0194659393534253,-0.0010320405886636,0.0073375109070907,0.1297934380723812,1.5266344658007411,0.5407962786171991,0.9831939813348743,1.818048718546795
context_resample,0,2,43,subject12,90,90,120,0.0,axis_balanced,0.0143667059066657,-0.003490572280105,0.004377896926113,0.0925485094223585,1.0132946314255176,0.4171997651433619,0.5971413707212361,1.4313080222277714
context_resample,0,2,44,subject12,90,90,120,0.0,raw_rms,0.0161877574659974,-0.00247323831616,0.0054873695670023,0.0917340275324928,1.6380502592973072,0.5407962786171991,1.10404809722316,2.041523103757629
context_resample,0,2,44,subject12,90,90,120,0.0,axis_balanced,0.0149855506623591,-0.0017040569973492,0.0057622109147117,0.0689584666171665,1.0864454827543426,0.4171997651433619,0.67474890800554,1.617328110847993
context_mean_only,0,2,-1,subject12,90,90,120,0.0,raw_rms,0.3872662382910568,0.1451097890058197,0.1497205351884221,0.0865167245540475,0.542272574704569,0.5407962786171991,4.8299530435790705e-29,8.931187647831315e-29
context_mean_only,0,2,-1,subject12,90,90,120,0.0,axis_balanced,0.3427082581519243,0.0951789325525303,0.0995796683656278,0.0675050061310042,0.4171211380500714,0.4171997651433619,1.2423577491617785e-29,2.9778486302236245e-29
context_resample,0,2,42,subject15,88,89,120,0.0,raw_rms,0.0460047505079875,0.0097466997059316,0.0187979717497088,0.2323511325654192,1.5594148774904573,1.071336514279215,0.4498777848718937,0.4199220122489405
context_resample,0,2,42,subject15,88,89,120,0.0,axis_balanced,0.0355238067584394,0.0075691803241539,0.0161473996720153,0.1690953024923793,1.080216706176048,0.7051915086229502,0.3573332534369705,0.5067180320062936
context_resample,0,2,43,subject15,88,89,120,0.0,raw_rms,0.0556086992926315,0.0130367739839813,0.02203639648196,0.2680425242032584,1.556654031738925,1.071336514279215,0.4290839108601086,0.4005127288588611
context_resample,0,2,43,subject15,88,89,120,0.0,axis_balanced,0.041722787394165,0.0109632408178517,0.0193914609325598,0.1935331665854029,1.055781426847223,0.7051915086229502,0.323756300926978,0.4591040830301363
context_resample,0,2,44,subject15,88,89,120,0.0,raw_rms,0.0217198332464494,-0.0022908610825083,0.0072855043143376,0.1546658796040786,1.7017917843219807,1.071336514279215,0.6237693021716453,0.5822347076364809
context_resample,0,2,44,subject15,88,89,120,0.0,axis_balanced,0.0193998906628785,-0.0016001565883327,0.0073756437116889,0.1116203354741195,1.1520633918348289,0.7051915086229502,0.4460533956478092,0.6325280298947896
context_mean_only,0,2,-1,subject15,88,89,120,0.0,raw_rms,0.4042544337855611,0.1595025610586644,0.1653062328830665,0.2185697975119898,1.107071781739161,1.071336514279215,5.726217279006201e-29,5.344928696711831e-29
context_mean_only,0,2,-1,subject15,88,89,120,0.0,axis_balanced,0.3794020897536018,0.122826592174934,0.1283001566026325,0.1578047948814316,0.7221703618136338,0.7051915086229502,1.92609327470734e-29,2.7313052570194484e-29
context_resample,0,2,42,subject21,88,90,120,0.0,raw_rms,0.0270946103609408,0.002214371939897,0.0155705484559208,0.128965346213874,5.042308666521752,2.625740783351889,2.4495234153666514,0.9328885131759702
context_resample,0,2,42,subject21,88,90,120,0.0,axis_balanced,0.0308092004959421,0.0056076105559896,0.0183309951166935,0.131318264718115,3.0153763061093835,1.568628415097138,1.459091706530278,0.93017039120761
context_resample,0,2,43,subject21,88,90,120,0.0,raw_rms,0.0289785065424259,-0.0010328951308852,0.0125020924783584,0.1315696739632156,5.282192653903106,2.625740783351889,2.690739014155189,1.0247542450554947
context_resample,0,2,43,subject21,88,90,120,0.0,axis_balanced,0.0304594599402709,0.0038318320062149,0.016736579769444,0.1245489775556231,3.19791241157547,1.568628415097138,1.6449083226356689,1.048628411167604
context_resample,0,2,44,subject21,88,90,120,0.0,raw_rms,0.0311120590503997,-0.0005394798171132,0.0127748265103038,0.1572048642825814,5.199901723210555,2.625740783351889,2.600291564467925,0.9903077946439643
context_resample,0,2,44,subject21,88,90,120,0.0,axis_balanced,0.0379104495176756,0.0082960898086822,0.0209263471095786,0.1562489171260433,3.0844208409208544,1.568628415097138,1.5214869643692563,0.969947343632072
context_mean_only,0,2,-1,subject21,88,90,120,0.0,raw_rms,0.8024034036388215,0.512914777555299,0.5206284648726728,0.132781378870368,2.6141967803338075,2.625740783351889,5.298651394916915e-29,2.0179643887592445e-29
context_mean_only,0,2,-1,subject21,88,90,120,0.0,axis_balanced,0.6438860183404653,0.3624404110548802,0.3698330863406878,0.1277067262670008,1.5675082184187823,1.568628415097138,2.3605246433276087e-29,1.5048335352139036e-29
context_resample,0,2,42,subject36,90,90,120,0.0,raw_rms,0.0171994302001184,-0.0002902506909137,0.0070505009745902,0.091211294676106,0.8775898622537793,0.4932706942456473,0.3846861713175719,0.7798682869369883
context_resample,0,2,42,subject36,90,90,120,0.0,axis_balanced,0.0226515898647912,0.0016703182928756,0.009650329396188,0.1242101958798948,0.8928914998653648,0.4567171125964465,0.4293991755557662,0.9401863072627664
context_resample,0,2,43,subject36,90,90,120,0.0,raw_rms,0.0236329987830419,0.0045385550216767,0.0112090413218297,0.1068034147176244,0.7155686102845094,0.4932706942456473,0.2181899819850105,0.4423331540477703
context_resample,0,2,43,subject36,90,90,120,0.0,axis_balanced,0.0172321198237271,-0.0007664657049231,0.0068263964025692,0.0834901405133081,0.8100023167528007,0.4567171125964465,0.3543420858936073,0.7758458707167004
context_resample,0,2,44,subject36,90,90,120,0.0,raw_rms,0.0127198734977475,-0.0025495235487007,0.0048188165977964,0.0567823154167328,0.9179356261507592,0.4932706942456473,0.4305090615656922,0.8727643190400036
context_resample,0,2,44,subject36,90,90,120,0.0,axis_balanced,0.0138883693327088,-0.0025395593813044,0.0054983595305078,0.0550736156668348,0.9188769244749152,0.4567171125964465,0.4681021949447952,1.024928083564954
context_mean_only,0,2,-1,subject36,90,90,120,0.0,raw_rms,0.3111066471307688,0.0764614427042751,0.0807301272229272,0.064836289411941,0.491993653178738,0.4932706942456473,2.5306593107850065e-29,5.130366227523635e-29
context_mean_only,0,2,-1,subject36,90,90,120,0.0,axis_balanced,0.3336059669540244,0.0916621910882375,0.0961762672278532,0.0800239338542886,0.4580463080015571,0.4567171125964465,1.0566541736248792e-29,2.313585684621664e-29
context_resample,0,3,42,subject02,30,30,120,0.0,raw_rms,0.0475439330908122,-0.0053780902227507,0.0246002434195468,0.1624571420915282,2.6039482013466944,1.2155304917108936,1.4143291458920506,1.163548883007733
context_resample,0,3,42,subject02,30,30,120,0.0,axis_balanced,0.0536254444225399,-0.0027204416185062,0.0257084633288937,0.1506330618510137,2.142136337266123,1.078646874154883,1.0858023928676888,1.0066337917294872
context_resample,0,3,43,subject02,30,30,120,0.0,raw_rms,0.0514867922889372,0.0021427904346446,0.0320301661552576,0.0833525568031373,2.620821848213896,1.2155304917108936,1.4509526630262974,1.1936785402923464
context_resample,0,3,43,subject02,30,30,120,0.0,axis_balanced,0.0490102132376855,-0.0010325648693463,0.0273891431233488,0.0866157680871816,2.192587889781232,1.078646874154883,1.1519935665379957,1.067998799366641
context_resample,0,3,44,subject02,30,30,120,0.0,raw_rms,0.0873813821831865,0.0159132886559411,0.045482992607657,0.2560572437126718,2.5037277045510664,1.2155304917108936,1.2737642862246776,1.0479081313968672
context_resample,0,3,44,subject02,30,30,120,0.0,axis_balanced,0.0768448267210992,0.0139666928322927,0.0423620706455055,0.1949810525983321,2.258824395784723,1.078646874154883,1.1880149309875454,1.101393754947236
context_mean_only,0,3,-1,subject02,30,30,120,0.0,raw_rms,0.6793185536233057,0.5215076304892187,0.545670931237841,0.1717031141113801,1.2044947680494102,1.2155304917108936,4.6975889521586146e-29,3.864640981195483e-29
context_mean_only,0,3,-1,subject02,30,30,120,0.0,axis_balanced,0.5986301084948031,0.3312709472373674,0.354244268363769,0.1617405276281784,1.0688519766271616,1.078646874154883,2.1394605217814985e-29,1.983467039162154e-29
context_resample,0,3,42,subject11,90,90,120,0.0,raw_rms,0.0204342544904063,-0.001874215997458,0.0105284210490327,0.1031833218990285,2.61237897772035,1.298472046196939,1.3287606058338746,1.0233263085837287
context_resample,0,3,42,subject11,90,90,120,0.0,axis_balanced,0.022510692461779,-0.0011511642929917,0.0110215164235684,0.0988455294305557,2.1389333746986567,1.0934115999325662,1.056706239181222,0.966430426791148
context_resample,0,3,43,subject11,90,90,120,0.0,raw_rms,0.034359469947806,-0.0017090449526513,0.010186447885424,0.2281482440576995,2.165467802103529,1.298472046196939,0.8363411110789354,0.6440963542715248
context_resample,0,3,43,subject11,90,90,120,0.0,axis_balanced,0.031733516399572,-0.0002381375571105,0.0114436849189784,0.1742644147626381,1.8525318574467544,1.0934115999325662,0.7471272494507409,0.6832991798301924
context_resample,0,3,44,subject11,90,90,120,0.0,raw_rms,0.041739193847101,-0.0011307737295686,0.0114640493234036,0.2591144404824455,3.5590740506652576,1.298472046196939,2.2264428689563904,1.7146636891239675
context_resample,0,3,44,subject11,90,90,120,0.0,axis_balanced,0.0339069065549637,-0.0008490906166327,0.0114035164219045,0.1968862921289351,2.659420792220005,1.0934115999325662,1.5523300820532977,1.419712468890063
context_mean_only,0,3,-1,subject11,90,90,120,0.0,raw_rms,0.5269742494692624,0.3280523189811106,0.3350597538737698,0.1572003026535495,1.3087565141713406,1.298472046196939,4.129439853966511e-29,3.180230075850397e-29
context_mean_only,0,3,-1,subject11,90,90,120,0.0,axis_balanced,0.5205746117731485,0.2591727264618191,0.2661452186279309,0.1256768144069255,1.0970572438350108,1.0934115999325662,2.20936969535932e-29,2.0206203185475424e-29
context_resample,0,3,42,subject22,90,90,120,0.0,raw_rms,0.0118668722548005,-0.0040163125631499,0.0070540475560595,0.0301613244218431,1.321453563060817,0.7235093348904216,0.610158166678396,0.8433314364503768
context_resample,0,3,42,subject22,90,90,120,0.0,axis_balanced,0.0109055427285166,-0.0054163898795513,0.0037002718530922,0.0330016053796082,0.9203349724478832,0.5001818099572521,0.4281898812092685,0.8560684788714399
context_resample,0,3,43,subject22,90,90,120,0.0,raw_rms,0.0142752435253402,-0.0033973350797155,0.0078244664780547,0.0513930335413396,1.3743166560970972,0.7235093348904216,0.6617193982386433,0.9145969047363616
context_resample,0,3,43,subject22,90,90,120,0.0,axis_balanced,0.0127754014871079,-0.0053400252656923,0.0039608128406032,0.0458516439505476,0.9566081191948194,0.5001818099572521,0.4637460621688648,0.9271549923186904
context_resample,0,3,44,subject22,90,90,120,0.0,raw_rms,0.0107611536594667,-0.0071794086294537,0.0041052878914762,0.0555845334139827,1.363462114407695,0.7235093348904216,0.6503214774174626,0.8988432436963048
context_resample,0,3,44,subject22,90,90,120,0.0,axis_balanced,0.0133561555737489,-0.0042168308315289,0.0052485142243754,0.0480811480206856,0.9846324299072456,0.5001818099572521,0.4917946878869224,0.9832318530914858
context_mean_only,0,3,-1,subject22,90,90,120,0.0,raw_rms,0.4874730718479734,0.3286738212696345,0.335190177618103,0.0435374984532232,0.7173658560520922,0.7235093348904216,4.1460240721803457e-29,5.730436184086384e-29
context_mean_only,0,3,-1,subject22,90,90,120,0.0,axis_balanced,0.4013859947216576,0.1503240641043002,0.1557116757261594,0.0439432945163602,0.4965552474240121,0.5001818099572521,2.373079390111663e-29,4.744433609679803e-29
context_resample,0,3,42,subject30,90,90,120,0.0,raw_rms,0.0102579587891813,-0.004328273262721,0.0043583345139717,0.041768364933343,0.9865615936802892,0.4721824043262872,0.522233005919978,1.1059984470728073
context_resample,0,3,42,subject30,90,90,120,0.0,axis_balanced,0.0127642142780686,-0.0031920460080665,0.0047636813634825,0.0408634817703851,0.9628189721733528,0.4262848971161398,0.5441352098537751,1.2764590383917056
context_resample,0,3,43,subject30,90,90,120,0.0,raw_rms,0.0151750145989504,-0.0009421748087756,0.0078649888347221,0.0429462114397868,0.9609736297301268,0.4721824043262872,0.4963293978009981,1.0511391217746964
context_resample,0,3,43,subject30,90,90,120,0.0,axis_balanced,0.0129316599713544,-0.0042356126184213,0.0036662528056981,0.037469357365267,0.8777305209775782,0.4262848971161398,0.458599835270842,1.0758059653844552
context_resample,0,3,44,subject30,90,90,120,0.0,raw_rms,0.0172235571978008,0.0019418500116856,0.0111507987602756,0.0472697809621167,1.103044804803927,0.4721824043262872,0.6392011154063335,1.3537165077515958
context_resample,0,3,44,subject30,90,90,120,0.0,axis_balanced,0.0167856778928536,-0.003037381015702,0.0052063487176301,0.0738452096864332,1.014912319831856,0.4262848971161398,0.5928512335249704,1.3907394738487535
context_mean_only,0,3,-1,subject30,90,90,120,0.0,raw_rms,0.362577737850187,0.1699814279757838,0.1748318033666773,0.0748991098041679,0.4725458098165631,0.4721824043262872,4.3240275981965953e-29,9.157536491361096e-29
context_mean_only,0,3,-1,subject30,90,90,120,0.0,axis_balanced,0.3429228239616796,0.0993809109896901,0.1038193092565002,0.0597214673119542,0.4251150519171866,0.4262848971161398,1.5275515001081166e-29,3.5834051603567377e-29
context_resample,0,3,42,subject33,86,88,120,0.0,raw_rms,0.0494614855771476,0.0035485922739314,0.0156790118965962,0.2893428105012566,1.945971464840179,1.215897084888333,0.665719795251788,0.5475132751987206
context_resample,0,3,42,subject33,86,88,120,0.0,axis_balanced,0.0438021562399215,0.0097761558623884,0.0214779698178632,0.2102882114077518,1.6970954695607336,1.006945525896083,0.6628955038001877,0.6583231036358946
context_resample,0,3,43,subject33,86,88,120,0.0,raw_rms,0.0274569680662852,0.0018440681274082,0.014400452861952,0.1416811649180005,2.27075416628579,1.215897084888333,1.0574123104872726,0.8696560947708699
context_resample,0,3,43,subject33,86,88,120,0.0,axis_balanced,0.0427999709148523,0.0127016087823921,0.0248026646723055,0.1733457264226505,1.8938933411239396,1.006945525896083,0.8756386257006388,0.8695988046835064
context_resample,0,3,44,subject33,86,88,120,0.0,raw_rms,0.0402731139770689,0.0029976750905716,0.0156065225788443,0.2561496708576022,2.0706625944720987,1.215897084888333,0.8097175139814295,0.6659424749388172
context_resample,0,3,44,subject33,86,88,120,0.0,axis_balanced,0.041182800315646,0.0028411286164045,0.0150934109598018,0.2279476746141064,1.87620555326283,1.006945525896083,0.8357066700494539,0.829942284420755
context_mean_only,0,3,-1,subject33,86,88,120,0.0,raw_rms,0.4784410574417581,0.2766029560970933,0.2838665710124171,0.1703307725711085,1.2310926446447272,1.215897084888333,3.213337547811713e-29,2.642770994147768e-29
context_mean_only,0,3,-1,subject33,86,88,120,0.0,axis_balanced,0.5133450709190401,0.2481736599741661,0.2553471796532687,0.1488822216702696,1.017668879031285,1.006945525896083,1.6714634668964307e-29,1.6599343498835162e-29
context_resample,0,3,42,subject37,90,90,120,0.0,raw_rms,0.0350562647436218,0.0104419034903967,0.02248095372589,0.1305421291992788,2.190860100876217,1.4116381939998472,0.7844022133136562,0.555668029278146
context_resample,0,3,42,subject37,90,90,120,0.0,axis_balanced,0.0553261714364192,0.0200155531458056,0.0317111502893522,0.1854150847653611,2.010859235310903,1.3069941790885131,0.6897564303622907,0.5277425419318401
context_resample,0,3,43,subject37,90,90,120,0.0,raw_rms,0.0279335919121757,0.0040007487124026,0.0164543354149178,0.1023426676281602,2.354685812789552,1.4116381939998472,0.956227024532447,0.6773881782151259
context_resample,0,3,43,subject37,90,90,120,0.0,axis_balanced,0.0474110842928043,0.0152765004512216,0.0271604812530323,0.1544857677264793,2.0522172724448366,1.3069941790885131,0.7420632589630703,0.5677632470257664
context_resample,0,3,44,subject37,90,90,120,0.0,raw_rms,0.026321129586055,0.0010343717893005,0.0136419481414229,0.1541048059878726,2.414950075253673,1.4116381939998472,1.003611891274776,0.7109554668757316
context_resample,0,3,44,subject37,90,90,120,0.0,axis_balanced,0.0485371339807703,0.0105572202667438,0.022739408347862,0.1988725589019584,2.150197452093646,1.3069941790885131,0.8250505571761488,0.6312580196428511
context_mean_only,0,3,-1,subject37,90,90,120,0.0,raw_rms,0.5846180354832542,0.4080223660931918,0.4152734387910395,0.0921939672192565,1.4044530527692525,1.4116381939998472,5.093717127271655e-29,3.6083729874428466e-29
context_mean_only,0,3,-1,subject37,90,90,120,0.0,axis_balanced,0.5704440004043885,0.3093722860033874,0.3165340119329529,0.1472504279332374,1.314154710069607,1.3069941790885131,1.7928894540463338e-29,1.371765446803045e-29
context_resample,0,3,42,subject40,87,90,120,0.0,raw_rms,0.0796438151017533,0.0244737474289746,0.0357805429386384,0.3360362719997898,2.856118664093119,1.1950279657372869,1.574569825981016,1.317600818663324
context_resample,0,3,42,subject40,87,90,120,0.0,axis_balanced,0.0677002524455616,0.029842689905187,0.0412103563902985,0.2372009627187543,2.639624291449323,0.999503741096462,1.6083648915241522,1.6091634532150585
context_resample,0,3,43,subject40,87,90,120,0.0,raw_rms,0.0442482550788978,0.0177320188792798,0.0282673710704345,0.1868430919746602,2.3517292081576286,1.1950279657372869,1.1446073847830749,0.9578080326152832
context_resample,0,3,43,subject40,87,90,120,0.0,axis_balanced,0.0357638310731573,0.0102939628251987,0.020876391203785,0.1515901777783516,2.195017941371621,0.999503741096462,1.19358677183151,1.1941793939881984
context_resample,0,3,44,subject40,87,90,120,0.0,raw_rms,0.0479661157082489,0.0120126507523835,0.0230282545584346,0.2289254475752835,2.415799672178308,1.1950279657372869,1.1915727069596662,0.9971086377250687
context_resample,0,3,44,subject40,87,90,120,0.0,axis_balanced,0.0477271627641988,0.014786108822073,0.0258371008105326,0.192354243681417,2.278250423149664,0.999503741096462,1.2633802932244498,1.2640075682343257
context_mean_only,0,3,-1,subject40,87,90,120,0.0,raw_rms,0.6082948061976845,0.3907202432678114,0.3968088406333176,0.2901110099928509,1.2659142753481671,1.1950279657372869,4.058299037345346e-29,3.395986666171054e-29
context_mean_only,0,3,-1,subject40,87,90,120,0.0,axis_balanced,0.5362019608718498,0.2524512361525268,0.2583499456259717,0.2368411984688173,1.044491897265314,0.999503741096462,1.9996653615478335e-29,2.0006582059954958e-29
spline_pca,3,0,-1,subject05,90,90,120,8.326672684688674e-17,raw_rms,0.1770600561396331,0.1360703910700524,0.1442821055611547,0.1887025186682635,1.3875361363785692,0.2455483451079607,1.1184276964684094,4.554816673582826
spline_pca,3,0,-1,subject05,90,90,120,8.326672684688674e-17,axis_balanced,0.2053337330799352,0.1451928322737548,0.1524275547387696,0.30996003354232,1.016544666491841,0.2000893401137501,0.7286756156719537,3.641751305980138
spline_pca,3,0,-1,subject13,90,90,120,8.326672684688674e-17,raw_rms,0.102529251183612,0.0846703978906061,0.0934266199650307,0.1059049880040356,1.4906253942862282,0.5750148228914392,0.9184374035277344,1.597241265728435
spline_pca,3,0,-1,subject13,90,90,120,8.326672684688674e-17,axis_balanced,0.0764477353804139,0.0519964334016176,0.0594173264076547,0.1101432890524092,0.9585710863309304,0.3405845798649649,0.6147622542376071,1.805020810047678
spline_pca,3,0,-1,subject19,88,90,120,8.326672684688674e-17,raw_rms,0.1179402732779608,0.0929190348944852,0.1015922808303844,0.1239692930686713,1.3400049809302716,0.479171776175523,0.8579384369517954,1.7904611239822446
spline_pca,3,0,-1,subject19,88,90,120,8.326672684688674e-17,axis_balanced,0.0873564055093982,0.0578411985985687,0.0652303833793059,0.1187314051614483,0.8926770074784626,0.3048617399402978,0.5819550994614011,1.908914839806948
spline_pca,3,0,-1,subject24,88,90,120,8.847089727481715e-17,raw_rms,0.0929610423782707,0.0758241669015939,0.0857837855640231,0.0907433318697311,1.6813359920900504,0.6527640463348907,1.0362257418398368,1.587443039576075
spline_pca,3,0,-1,subject24,88,90,120,8.847089727481715e-17,axis_balanced,0.0532622338976651,0.0346782771504581,0.0443352392158176,0.0988936362285521,1.2995122792109088,0.6008917142698702,0.701361870511797,1.1672017667343038
spline_pca,3,0,-1,subject27,87,90,120,8.326672684688674e-17,raw_rms,0.1084155617918323,0.0856784776561614,0.0946093281075921,0.1465344693462631,1.480694472106771,0.6439936517249081,0.8292947442296849,1.287737452082728
spline_pca,3,0,-1,subject27,87,90,120,8.326672684688674e-17,axis_balanced,0.0846002896645531,0.0552238852364674,0.0634286200915021,0.1662675392184599,1.0445210828203717,0.4474271354747183,0.5792475280984306,1.2946186812828226
spline_pca,3,0,-1,subject34,90,90,120,5.551115123125783e-17,raw_rms,0.0880275479239598,0.0648148081727314,0.0747800262811106,0.1443565834322887,1.7212471268390368,0.8647568818662528,0.8523628553859373,0.9856676174076028
spline_pca,3,0,-1,subject34,90,90,120,5.551115123125783e-17,axis_balanced,0.0813154632675613,0.0468933544898333,0.055477432848948,0.1662274618931676,1.133619728218548,0.543099275726661,0.5737041880350309,1.0563523349712092
spline_pca,3,0,-1,subject35,85,86,120,8.326672684688674e-17,raw_rms,0.050846385158618,0.0215303036141979,0.032986352784315,0.168721175873596,1.7934790528939926,0.8815464293616184,0.9012265494660532,1.0223245417926388
spline_pca,3,0,-1,subject35,85,86,120,8.326672684688674e-17,axis_balanced,0.0651685763119733,0.0277138483056603,0.0379269016271701,0.2246415899231696,1.252937772451613,0.5898240134266413,0.6247142862479367,1.0591537001326834
spline_pca,3,1,-1,subject08,89,90,120,1.1102230246251563e-16,raw_rms,0.2217611792216647,0.1615016686378356,0.1734032703579747,0.4041488331902128,1.4546197713232183,0.5973954376251124,0.7064125526862038,1.1824873579458164
spline_pca,3,1,-1,subject08,89,90,120,1.1102230246251563e-16,axis_balanced,0.6578785852945832,0.3509025875546716,0.3636874035414666,0.8716931528068759,2.8829898404489582,1.4715404849726217,0.6735638850342598,0.4577270499267246
spline_pca,3,1,-1,subject18,88,90,120,8.326672684688674e-17,raw_rms,0.0965638670672583,0.0741608911336521,0.0854663576128351,0.116443746301749,2.0830124101251744,1.4401307269673116,0.6507468802960695,0.4518665341350225
spline_pca,3,1,-1,subject18,88,90,120,8.326672684688674e-17,axis_balanced,0.1053550041763129,0.0729658506085622,0.0835499714364281,0.176622719675977,1.90446548524217,1.2853000539149289,0.6073118903512619,0.4725059245904758
spline_pca,3,1,-1,subject23,90,90,120,5.551115123125783e-17,raw_rms,0.1721893391162916,0.1448192550725595,0.1541382431811753,0.2703963191580572,1.1751300260774258,0.2356683002136246,0.8762683291952423,3.718227391638746
spline_pca,3,1,-1,subject23,90,90,120,5.551115123125783e-17,axis_balanced,0.1820745547108142,0.1218706281618398,0.1308850427462335,0.3456834916850128,1.2415622362222556,0.3307994204602921,0.8016214673492236,2.42328558566942
spline_pca,3,1,-1,subject25,88,90,120,5.551115123125783e-17,raw_rms,0.114024140346346,0.0822125995867842,0.0957104502661075,0.1481724750821403,2.278330466553003,1.6061325253211065,0.6737029672012854,0.4194566491744479
spline_pca,3,1,-1,subject25,88,90,120,5.551115123125783e-17,axis_balanced,0.1731115197669405,0.1219422699020538,0.1348369637831281,0.2978697877042961,2.2538075674307594,1.5721578624455026,0.615521057397069,0.3915135191574347
spline_pca,3,1,-1,subject26,89,90,120,8.326672684688674e-17,raw_rms,0.0717808304741201,0.0613727908990408,0.0741434123048238,0.1690564531189113,1.8985202200492963,1.1825538414212335,0.7064125526862041,0.5973618519028389
spline_pca,3,1,-1,subject26,89,90,120,8.326672684688674e-17,axis_balanced,0.1277806007299542,0.0939406562197728,0.1070686899694773,0.1808199740736386,2.542111507818282,1.8621554077772864,0.67356388503426,0.3617119614298155
spline_pca,3,1,-1,subject41,15,13,120,5.551115123125783e-17,raw_rms,0.2620632912852858,0.1469934776360772,0.2102984131233553,0.2934875310222125,3.70139371981628,2.9751504204848285,0.8762683291952423,0.2945290843655717
spline_pca,3,1,-1,subject41,15,13,120,5.551115123125783e-17,axis_balanced,0.281445754592329,0.1444763294690672,0.2062623611131389,0.3578414858762253,3.457664003427032,2.7458948681214705,0.8016214673492235,0.2919345080016232
spline_pca,3,1,-1,subject43,90,90,120,8.326672684688674e-17,raw_rms,0.0886473759839303,0.0822727303191999,0.0925456784134837,0.1346633049506062,1.230568357526844,0.5504616161986677,0.6737029672012853,1.2238872745636429
spline_pca,3,1,-1,subject43,90,90,120,8.326672684688674e-17,axis_balanced,0.0571654316735038,0.0345563059300139,0.0441532383838835,0.1402659446579453,1.2284963515798817,0.6051540348171935,0.615521057397069,1.0171312128539425
spline_pca,3,2,-1,subject01,90,90,120,5.551115123125783e-17,raw_rms,0.0659564936223733,0.0287777441210671,0.0391941105161971,0.246134425560215,1.773189613885927,0.823065887139866,0.9062387373014932,1.101052481291201
spline_pca,3,2,-1,subject01,90,90,120,5.551115123125783e-17,axis_balanced,0.047747986145638,0.0200343673538851,0.0296707950055923,0.1836152962423035,1.2812866346244476,0.5714328371225053,0.6882236714960661,1.2043824344461376
spline_pca,3,2,-1,subject04,90,90,120,8.326672684688674e-17,raw_rms,0.0920299786952487,0.0752817952760235,0.0844338272920307,0.1244753462100368,1.216318417336916,0.3809203994400054,0.8310618705534141,2.1817205688515653
spline_pca,3,2,-1,subject04,90,90,120,8.326672684688674e-17,axis_balanced,0.0451396146020753,0.0258275769645093,0.0349980713676527,0.0965764600120178,1.07173016872939,0.4720884376380369,0.6005648526532109,1.272144803329584
spline_pca,3,2,-1,subject10,90,90,120,8.847089727481715e-17,raw_rms,0.0744540731783103,0.0575344764961318,0.0672825342349702,0.0619647853872436,1.4883442973731855,0.5924001386842762,0.9062387373014932,1.52977468795712
spline_pca,3,2,-1,subject10,90,90,120,8.847089727481715e-17,axis_balanced,0.0560090606896359,0.035892610978492,0.0449914891172891,0.0768699742925223,1.1507896150074872,0.4675875652174602,0.6882236714960662,1.4718605084718093
spline_pca,3,2,-1,subject12,90,90,120,5.551115123125783e-17,raw_rms,0.0901315398290807,0.0709276172845878,0.0803085174290823,0.124870348993816,1.3597633652089425,0.5407962786171991,0.8161848706629546,1.5092279716678458
spline_pca,3,2,-1,subject12,90,90,120,5.551115123125783e-17,axis_balanced,0.0642914115471825,0.0411129062352522,0.0498326162523929,0.1198576630713237,1.020809202131402,0.4171997651433619,0.5988697114660422,1.4354507396720446
spline_pca,3,2,-1,subject15,88,89,120,9.714451465470121e-17,raw_rms,0.0632990377835791,0.0397638389254062,0.0507422853903816,0.1918882525773377,2.0204997426147844,1.071336514279215,0.932147511713819,0.8700791014679071
spline_pca,3,2,-1,subject15,88,89,120,9.714451465470121e-17,axis_balanced,0.0578174137292699,0.0270513810000858,0.037199007953706,0.1938266224217102,1.4115921938309948,0.7051915086229502,0.6824424461299395,0.9677405893082384
spline_pca,3,2,-1,subject21,88,90,120,5.551115123125783e-17,raw_rms,0.1674924506621535,0.1109721569477548,0.1234559982270206,0.1714631456913623,3.4353488261635645,2.625740783351889,0.8161848706629546,0.3108398497817647
spline_pca,3,2,-1,subject21,88,90,120,5.551115123125783e-17,axis_balanced,0.1461258466261595,0.1031793275355065,0.1148909770253573,0.2277749266346083,2.196959758225508,1.568628415097138,0.5988697114660422,0.3817792064087765
spline_pca,3,2,-1,subject36,90,90,120,8.326672684688674e-17,raw_rms,0.0791197379170782,0.0666139043860385,0.0755752407374004,0.1069778952327226,1.2382076695973834,0.4932706942456473,0.7451833520419473,1.5106986097796604
spline_pca,3,2,-1,subject36,90,90,120,8.326672684688674e-17,axis_balanced,0.0787558799571185,0.0474362882764609,0.0561850865099675,0.1828460063872795,1.0432512876799152,0.4567171125964465,0.5628667034784167,1.2324186853400512
spline_pca,3,3,-1,subject02,30,30,120,8.326672684688674e-17,raw_rms,0.077189037002628,0.0334098300428277,0.062977138734953,0.1757251174134133,2.009708917876351,1.2155304917108936,0.8105715552933068,0.6668459251502645
spline_pca,3,3,-1,subject02,30,30,120,8.326672684688674e-17,axis_balanced,0.1095943391894296,0.0474720793968406,0.0750871310786271,0.2575938154168406,1.7564151678574844,1.078646874154883,0.6528086881681602,0.6052107541493912
spline_pca,3,3,-1,subject11,90,90,120,8.326672684688674e-17,raw_rms,0.092431192553382,0.0723548008360093,0.0847662436721713,0.1524243841848098,2.111094564243621,1.298472046196939,0.8105715552933069,0.6242502930019702
spline_pca,3,3,-1,subject11,90,90,120,8.326672684688674e-17,axis_balanced,0.0639455094760375,0.0443084434344022,0.055922666155899,0.1160909850458304,1.7421083147312078,1.0934115999325662,0.6528086881681601,0.5970383780530778
spline_pca,3,3,-1,subject22,90,90,120,5.551115123125783e-17,raw_rms,0.0239666532545548,0.0097185701765725,0.0215103536148838,0.0555336737248391,1.4707365247390844,0.7235093348904216,0.7585030523104334,1.0483666426022156
spline_pca,3,3,-1,subject22,90,90,120,5.551115123125783e-17,axis_balanced,0.0236647742198664,0.0056470286421236,0.0154454610103865,0.0773283173301836,1.099271621487752,0.5001818099572521,0.6036985396997383,1.2069582053600334
spline_pca,3,3,-1,subject30,90,90,120,6.591949208711867e-17,raw_rms,0.0942707764206209,0.0798813327019144,0.0898702795730319,0.1635512880509341,1.2338051280893216,0.4721824043262872,0.7463396683352226,1.58061728157809
spline_pca,3,3,-1,subject30,90,90,120,6.591949208711867e-17,axis_balanced,0.1106946805104486,0.0674858712410482,0.0762765644043677,0.2502280127509588,1.056724165689569,0.4262848971161398,0.5773731519983002,1.3544302317635166
spline_pca,3,3,-1,subject33,86,88,120,8.326672684688674e-17,raw_rms,0.0572847510368565,0.0397659046081072,0.052560514457269,0.1490285783280546,2.07234107966491,1.215897084888333,0.8551779730551651,0.7033308852234841
spline_pca,3,3,-1,subject33,86,88,120,8.326672684688674e-17,axis_balanced,0.060964506532757,0.0289586544191636,0.040861287174879,0.2040734821663915,1.7036929806409993,1.006945525896083,0.6721452417637039,0.6675090404374757
spline_pca,3,3,-1,subject37,90,90,120,1.1102230246251563e-16,raw_rms,0.1234310476671212,0.0949511999284642,0.1073037836536161,0.2752465143092946,2.178240118913127,1.4116381939998472,0.7124633446347063,0.5047067638599069
spline_pca,3,3,-1,subject37,90,90,120,1.1102230246251563e-16,axis_balanced,0.2597266249398033,0.1482865799335659,0.1597843244763263,0.4747538217232817,2.0827218102567384,1.3069941790885131,0.5696053083759243,0.4358131944957568
spline_pca,3,3,-1,subject40,87,90,120,8.847089727481715e-17,raw_rms,0.1237581461202994,0.0803603526028046,0.0917243770581538,0.262552853925968,2.0028660718749456,1.1950279657372869,0.7585030523104334,0.6347157339054118
spline_pca,3,3,-1,subject40,87,90,120,8.847089727481715e-17,axis_balanced,0.0813890754641489,0.0422718971392096,0.0525814273590581,0.2280579913240545,1.6390763099155043,0.999503741096462,0.6036985396997383,0.6039982792235247
spline_pca,8,0,-1,subject05,90,90,120,1.1102230246251563e-16,raw_rms,0.1712960666710348,0.1499607139714286,0.158522227900384,0.091022710256258,1.2751609292357204,0.2455483451079607,1.0326612759237066,4.205531401442246
spline_pca,8,0,-1,subject05,90,90,120,1.1102230246251563e-16,axis_balanced,0.1415187386598724,0.1132773681461836,0.1210802745253594,0.1153706000738746,1.0171085310006671,0.2000893401137501,0.8127045684863836,4.06170847494606
spline_pca,8,0,-1,subject13,90,90,120,9.714451465470121e-17,raw_rms,0.1203297190376018,0.0980353405244738,0.1072268656664772,0.101921772180778,1.669742375320774,0.5750148228914392,1.099894344577358,1.9128104194715936
spline_pca,8,0,-1,subject13,90,90,120,9.714451465470121e-17,axis_balanced,0.0913460565011223,0.0662727402402394,0.0742518660511257,0.0833775480197613,1.05898154089519,0.3405845798649649,0.7212397498750065,2.1176523909595786
spline_pca,8,0,-1,subject19,88,90,120,5.551115123125783e-17,raw_rms,0.121203121993596,0.0862610103690798,0.0952514710585327,0.1688862796332862,1.4148557489957925,0.479171776175523,0.9201534738335712,1.9202998164410137
spline_pca,8,0,-1,subject19,88,90,120,5.551115123125783e-17,axis_balanced,0.1089245230314295,0.0798730348211449,0.0878395072420068,0.1439084609771247,1.020308192184597,0.3048617399402978,0.7039907493473926,2.309213184590686
spline_pca,8,0,-1,subject24,88,90,120,8.326672684688674e-17,raw_rms,0.0883088304368011,0.0692433859372666,0.0792568829419619,0.1143636495525795,1.6049459496891665,0.6527640463348907,0.9543083625513842,1.4619499464003731
spline_pca,8,0,-1,subject24,88,90,120,8.326672684688674e-17,axis_balanced,0.0607295630804529,0.031419557836393,0.0413331594505881,0.1734738406686702,1.340245790610551,0.6008917142698702,0.7219537588712672,1.2014706505788595
spline_pca,8,0,-1,subject27,87,90,120,8.326672684688674e-17,raw_rms,0.1315967945888441,0.096851717365081,0.106102879944581,0.1957056557720155,1.5665118555665931,0.6439936517249081,0.8988635144467524,1.3957645576772175
spline_pca,8,0,-1,subject27,87,90,120,8.326672684688674e-17,axis_balanced,0.0884521952978705,0.0564614709062951,0.0650271048032407,0.1798631068076646,1.114847365946841,0.4474271354747183,0.6454194009055494,1.4425128690971372
spline_pca,8,0,-1,subject34,90,90,120,8.326672684688674e-17,raw_rms,0.0911678602852104,0.0635845226130223,0.0740375549110852,0.1727013375520088,1.9006162782065483,0.8647568818662528,1.0241768613242592,1.1843523686263802
spline_pca,8,0,-1,subject34,90,90,120,8.326672684688674e-17,axis_balanced,0.0915745447711855,0.0559553610110427,0.0652959926565895,0.1759607493410025,1.3012849354735072,0.543099275726661,0.7394197420186509,1.361481730995342
spline_pca,8,0,-1,subject35,85,86,120,8.326672684688674e-17,raw_rms,0.0383336803256502,0.0106880569649806,0.0226583100574534,0.1505183478787357,1.9606302689352824,0.8815464293616184,1.0756422921699005,1.2201765628485826
spline_pca,8,0,-1,subject35,85,86,120,8.326672684688674e-17,axis_balanced,0.0305601719557349,0.0076279112311968,0.0183942982019603,0.1217573545912228,1.3395808748071725,0.5898240134266413,0.7480239597421041,1.2682155061751124
spline_pca,8,1,-1,subject08,89,90,120,9.714451465470121e-17,raw_rms,0.1388388176239856,0.1008323321226063,0.1132092587643757,0.2938164509261978,1.5179564826872565,0.5973954376251124,0.8479368053566396,1.419389489694682
spline_pca,8,1,-1,subject08,89,90,120,9.714451465470121e-17,axis_balanced,0.3780307572831145,0.2258428994990895,0.2390239193898548,0.6034404578137982,2.581878367640408,1.4715404849726217,0.7689559123102075,0.5225516526135631
spline_pca,8,1,-1,subject18,88,90,120,5.551115123125783e-17,raw_rms,0.1127048964165899,0.0841449595713823,0.0957367803305804,0.1538781182325211,2.144403343078843,1.4401307269673116,0.7024493378446472,0.4877677593366089
spline_pca,8,1,-1,subject18,88,90,120,5.551115123125783e-17,axis_balanced,0.0846935478532744,0.0583855572371728,0.0693088782754938,0.1507227849427854,1.9777837696052671,1.2853000539149289,0.6897957675626172,0.5366807271668201
spline_pca,8,1,-1,subject23,90,90,120,8.326672684688674e-17,raw_rms,0.1265827604726319,0.1294228807457148,0.1390701592268228,0.1351809326231164,1.0508772277458636,0.2356683002136246,0.8062725173005953,3.4212175187317904
spline_pca,8,1,-1,subject23,90,90,120,8.326672684688674e-17,axis_balanced,0.1044028044747771,0.0829494935657431,0.0923757658637141,0.1617594883419349,1.2112322008397305,0.3307994204602921,0.8651517957247253,2.615336491584256
spline_pca,8,1,-1,subject25,88,90,120,8.326672684688674e-17,raw_rms,0.0765319672815094,0.048142211272291,0.0620676991075087,0.1260553112425197,2.3894170637272474,1.6061325253211065,0.7918391736420554,0.4930098613648004
spline_pca,8,1,-1,subject25,88,90,120,8.326672684688674e-17,axis_balanced,0.0785097727419377,0.0507930244038806,0.0643988557271298,0.1583621950769,2.370560469960369,1.5721578624455026,0.7974377580293763,0.5072249912543492
spline_pca,8,1,-1,subject26,89,90,120,2.220446049250313e-16,raw_rms,0.0512161921110514,0.0426901547680936,0.0559361010955069,0.0975586860136274,2.0198027168230377,1.1825538414212335,0.8479368053566398,0.717038646069223
spline_pca,8,1,-1,subject26,89,90,120,2.220446049250313e-16,axis_balanced,0.1035866778772744,0.0758000493715617,0.0893242870252363,0.1236658508424883,2.619305981174202,1.8621554077772864,0.7689559123102075,0.4129386350347911
spline_pca,8,1,-1,subject41,15,13,120,2.220446049250313e-16,raw_rms,0.2235885512845858,0.0972853373305901,0.1609185631903604,0.2973927876805302,3.6342887456529698,2.9751504204848285,0.8062725173005953,0.2710022699185763
spline_pca,8,1,-1,subject41,15,13,120,2.220446049250313e-16,axis_balanced,0.2209781483188808,0.0774901531207749,0.1396880424784238,0.3953094992472812,3.548883983580436,2.7458948681214705,0.8651517957247253,0.3150709831496919
spline_pca,8,1,-1,subject43,90,90,120,8.326672684688674e-17,raw_rms,0.0844127814145954,0.0716483263459026,0.0823489115960807,0.152953451343371,1.3529806481582365,0.5504616161986677,0.7918391736420556,1.4385002520434995
spline_pca,8,1,-1,subject43,90,90,120,8.326672684688674e-17,axis_balanced,0.0697256257642588,0.0404550311816501,0.0507631010776947,0.1954180423081058,1.4274107557356668,0.6051540348171935,0.7974377580293763,1.3177434374543473
spline_pca,8,2,-1,subject01,90,90,120,5.551115123125783e-17,raw_rms,0.0631630949986408,0.0340892556888121,0.0449500657999122,0.1847011083628272,1.903306505351375,0.823065887139866,1.064139121315793,1.2928966416208192
spline_pca,8,2,-1,subject01,90,90,120,5.551115123125783e-17,axis_balanced,0.0522067804897674,0.028641666815257,0.038851839220821,0.1322192546352561,1.3768792927155349,0.5714328371225053,0.8009886837403688,1.4017197327577635
spline_pca,8,2,-1,subject04,90,90,120,5.551115123125783e-17,raw_rms,0.1043386584473198,0.0863502029705987,0.0959826571462716,0.0982005836882645,1.3811185513824524,0.3809203994400054,1.0031468028790569,2.633481442195776
spline_pca,8,2,-1,subject04,90,90,120,5.551115123125783e-17,axis_balanced,0.0678086554885046,0.0409562248912064,0.0508425026794968,0.160460046941644,1.2232093625540137,0.4720884376380369,0.7367585801710881,1.560636782076796
spline_pca,8,2,-1,subject10,90,90,120,8.326672684688674e-17,raw_rms,0.1062815435870947,0.086350115447645,0.0965426169024535,0.1040722430678314,1.6519202420031154,0.5924001386842762,1.064139121315793,1.7963181502273975
spline_pca,8,2,-1,subject10,90,90,120,8.326672684688674e-17,axis_balanced,0.0832587259540489,0.0610138681610994,0.0706864910537531,0.0762433208328687,1.2625189698403112,0.4675875652174602,0.8009886837403688,1.713023919632795
spline_pca,8,2,-1,subject12,90,90,120,5.551115123125783e-17,raw_rms,0.0724879475030815,0.0517131161408029,0.0613810971181688,0.0933886326610203,1.3527888123761391,0.5407962786171991,0.8160806163921038,1.5090351924735854
spline_pca,8,2,-1,subject12,90,90,120,5.551115123125783e-17,axis_balanced,0.0564079402102599,0.0360516215557389,0.0453033785155458,0.085782804172415,1.0999623520229138,0.4171997651433619,0.6857540675636031,1.6437067440053763
spline_pca,8,2,-1,subject15,88,89,120,8.326672684688674e-17,raw_rms,0.0568342746364123,0.033163096706695,0.0441871646054439,0.1783679840277562,1.954949713901979,1.071336514279215,0.871094673096931,0.8130915557218688
spline_pca,8,2,-1,subject15,88,89,120,8.326672684688674e-17,axis_balanced,0.0471155064200587,0.0192464320799539,0.0296855953557968,0.1563336952754169,1.4222881662435227,0.7051915086229502,0.7064671597704127,1.0018089428642634
spline_pca,8,2,-1,subject21,88,90,120,8.326672684688674e-17,raw_rms,0.1481033874253567,0.0936629896322468,0.1064339117443842,0.127747474727067,3.422165247647069,2.625740783351889,0.8160806163921039,0.3108001450738546
spline_pca,8,2,-1,subject21,88,90,120,8.326672684688674e-17,axis_balanced,0.0908159486528423,0.0607294133714567,0.0729731098039738,0.1364384641552754,2.249854115319904,1.568628415097138,0.6857540675636032,0.4371679493776974
spline_pca,8,2,-1,subject36,90,90,120,6.938893903907227e-17,raw_rms,0.0839599995877196,0.0683008094782984,0.0775936726188857,0.0993769443242447,1.300445196244221,0.4932706942456473,0.8095255567330769,1.64113855977411
spline_pca,8,2,-1,subject36,90,90,120,6.938893903907227e-17,axis_balanced,0.0619518977458866,0.0382187926621375,0.0474149908018215,0.1268142491668786,1.1016327475824268,0.4567171125964465,0.6392353772557573,1.3996308866591194
spline_pca,8,3,-1,subject02,30,30,120,5.551115123125783e-17,raw_rms,0.1069032387677817,0.0596254662886555,0.0896494999029698,0.2147364484019548,2.188255077915333,1.2155304917108936,0.9752576742748068,0.8023309007264015
spline_pca,8,3,-1,subject02,30,30,120,5.551115123125783e-17,axis_balanced,0.0935283327179348,0.0338484047694395,0.0620060624110616,0.2479267015279838,1.8927813228899948,1.078646874154883,0.7952487682787182,0.7372651674365566
spline_pca,8,3,-1,subject11,90,90,120,8.326672684688674e-17,raw_rms,0.0655258120576682,0.041559628591746,0.054427796350097,0.214261192008033,2.2970829644068598,1.298472046196939,0.9752576742748068,0.7510809933345995
spline_pca,8,3,-1,subject11,90,90,120,8.326672684688674e-17,axis_balanced,0.0478480740593225,0.0225271312177849,0.0346839598991172,0.1755828335983925,1.9007136088197076,1.0934115999325662,0.7952487682787182,0.727309613623784
spline_pca,8,3,-1,subject22,90,90,120,5.551115123125783e-17,raw_rms,0.0271568452906796,0.0121986627372898,0.0244520254785896,0.030835716228241,1.6308447897450682,0.7235093348904216,0.9221078380530068,1.274493352864153
spline_pca,8,3,-1,subject22,90,90,120,5.551115123125783e-17,axis_balanced,0.0243915969551307,0.0064904232454655,0.0168348973948843,0.047678501861936,1.2041449904875834,0.5001818099572521,0.7131907730992177,1.4258630739893767
spline_pca,8,3,-1,subject30,90,90,120,8.326672684688674e-17,raw_rms,0.0653772528906804,0.0527409329523953,0.0629857721973961,0.0751465610213574,1.202309834562966,0.4721824043262872,0.7358590545504433,1.5584211690403236
spline_pca,8,3,-1,subject30,90,90,120,8.326672684688674e-17,axis_balanced,0.0547782944528532,0.0331937401862485,0.0423979446516356,0.0897177528023357,1.0724634015846009,0.4262848971161398,0.6482679611671319,1.5207387490214404
spline_pca,8,3,-1,subject33,86,88,120,8.326672684688674e-17,raw_rms,0.0561415597820886,0.0422075148824977,0.0550516373704176,0.1408271556007417,2.0065107721356408,1.215897084888333,0.7911916757858711,0.6507061211175891
spline_pca,8,3,-1,subject33,86,88,120,8.326672684688674e-17,axis_balanced,0.0498470690097303,0.0247754025720524,0.0368594267938691,0.1599949989703904,1.7000563923405243,1.006945525896083,0.6846605339931223,0.6799380069580638
spline_pca,8,3,-1,subject37,90,90,120,6.938893903907227e-17,raw_rms,0.0798066925563643,0.0627262522244227,0.0754106346554752,0.1225462463753946,2.166695701337869,1.4116381939998472,0.7620754221776908,0.5398518015571441
spline_pca,8,3,-1,subject37,90,90,120,6.938893903907227e-17,axis_balanced,0.0858316436097936,0.0480637486823389,0.0600720592035315,0.2185371811942882,2.0137690583152974,1.3069941790885131,0.6791985249154958,0.5196645369829903
spline_pca,8,3,-1,subject40,87,90,120,8.326672684688674e-17,raw_rms,0.1349713669445955,0.0995255208106092,0.111351124568947,0.2518853701328812,2.1596197229853047,1.1950279657372869,0.9221078380530068,0.7716203005208345
spline_pca,8,3,-1,subject40,87,90,120,8.326672684688674e-17,axis_balanced,0.0838534097166627,0.0483560901627418,0.0592116621637464,0.2122653794265026,1.7407022519329696,0.999503741096462,0.7131907730992177,0.7135448760970549
unconditional_vae,3,0,42,subject05,90,90,120,7.806255641895632e-17,raw_rms,0.0907519235842385,0.053708505612517,0.0608388229692704,0.2090299466960055,0.9601574032949948,0.2455483451079607,0.6793047272439763,2.766480576137888
unconditional_vae,3,0,42,subject05,90,90,120,7.806255641895632e-17,axis_balanced,0.1317577493945163,0.0833542337623469,0.0900020826526808,0.2669551789240634,0.8117889586239811,0.2000893401137501,0.5472179151388287,2.7348679086438934
unconditional_vae,3,0,42,subject13,90,90,120,8.326672684688674e-17,raw_rms,0.0220019926991987,0.005932928893555,0.0134118579738717,0.0610261209680142,1.1519104703074654,0.5750148228914392,0.5844307699798044,1.0163751380199513
unconditional_vae,3,0,42,subject13,90,90,120,8.326672684688674e-17,axis_balanced,0.0225524404660144,0.0071714601238683,0.0137576895024631,0.0543741029350435,0.787671151356841,0.3405845798649649,0.4516782872586514,1.326185370570015
unconditional_vae,3,0,42,subject19,88,90,120,9.714451465470121e-17,raw_rms,0.0494180598418113,0.0201844530834669,0.0276859800944648,0.1609296537424377,0.98706800006655,0.479171776175523,0.4914171441516918,1.0255552780547812
unconditional_vae,3,0,42,subject19,88,90,120,9.714451465470121e-17,axis_balanced,0.0525439609741866,0.0299834845566222,0.0367845020082007,0.1153222835230072,0.7650837874360776,0.3048617399402978,0.4540942901695687,1.4895089500522292
unconditional_vae,3,0,42,subject24,88,90,120,8.326672684688674e-17,raw_rms,0.0595961062355794,0.0406491163147898,0.0503185550731483,0.0995509009457079,1.625767232535233,0.6527640463348907,0.9784999040363752,1.4990101086761918
unconditional_vae,3,0,42,subject24,88,90,120,8.326672684688674e-17,axis_balanced,0.0393377509035339,0.0169676436955826,0.0266426988286362,0.1305607784132536,1.3260814656212248,0.6008917142698702,0.7208271016078772,1.1995956750439432
unconditional_vae,3,0,42,subject27,87,90,120,9.714451465470121e-17,raw_rms,0.1501952025383339,0.1039688176782068,0.1132328074334704,0.2756899604405349,1.7911285835099655,0.6439936517249081,1.0873466848906077,1.688443173280045
unconditional_vae,3,0,42,subject27,87,90,120,9.714451465470121e-17,axis_balanced,0.1412915138743833,0.0907920358406072,0.0996123772699745,0.2997938759748844,1.2914426889120585,0.4474271354747183,0.7654896786369898,1.7108700343460583
unconditional_vae,3,0,42,subject34,90,90,120,5.551115123125783e-17,raw_rms,0.0363598632095735,0.0079877018196401,0.0169944183444827,0.1297510562608145,1.4691868959149674,0.8647568818662528,0.6022216005846369,0.696405675644891
unconditional_vae,3,0,42,subject34,90,90,120,5.551115123125783e-17,axis_balanced,0.0407617252960685,0.0150667668214541,0.0233310221655804,0.1155725557122448,1.0603436538211286,0.543099275726661,0.5142068559908276,0.9468008501812571
unconditional_vae,3,0,42,subject35,85,86,120,8.326672684688674e-17,raw_rms,0.0663872684643203,0.0324231842469182,0.0438068625804071,0.2163412510214796,1.9762440228743288,0.8815464293616184,1.0670365678945914,1.2104144856752443
unconditional_vae,3,0,42,subject35,85,86,120,8.326672684688674e-17,axis_balanced,0.1045605852942466,0.0528316416445937,0.0631476949940886,0.3025440549584401,1.3766620144239372,0.5898240134266413,0.7080640483032353,1.200466634428237
unconditional_vae,3,1,42,subject08,89,90,120,5.551115123125783e-17,raw_rms,0.2712798093605943,0.1967212418850131,0.2078502141881946,0.4470918594850895,1.3426047107532155,0.5973954376251124,0.5565941540117564,0.931701380620586
unconditional_vae,3,1,42,subject08,89,90,120,5.551115123125783e-17,axis_balanced,0.4047559518121839,0.2469237755452311,0.2595065406075202,0.6023239384755359,2.462365017410192,1.4715404849726217,0.6497958205814299,0.4415752248865375
unconditional_vae,3,1,42,subject18,88,90,120,2.220446049250313e-16,raw_rms,0.1000511262315726,0.0581604578348458,0.06976644213317,0.179810685355338,2.2391193324621725,1.4401307269673116,0.789235134906316,0.5480302031804577
unconditional_vae,3,1,42,subject18,88,90,120,2.220446049250313e-16,axis_balanced,0.1228775935786099,0.0746252737074424,0.0859073423474984,0.2711832956768814,2.133145171350985,1.2853000539149289,0.7952126211348374,0.6186980376392879
unconditional_vae,3,1,42,subject23,90,90,120,6.938893903907227e-17,raw_rms,0.1205654123906238,0.0840306918690098,0.0928109026538365,0.2797996913737848,0.9468280971779176,0.2356683002136246,0.6408307223601359,2.719206281792021
unconditional_vae,3,1,42,subject23,90,90,120,6.938893903907227e-17,axis_balanced,0.1162651512645742,0.0730576903761394,0.0818969237185011,0.2756765647442368,1.1096713375594405,0.3307994204602921,0.7124872919659065,2.1538347648085763
unconditional_vae,3,1,42,subject25,88,90,120,8.326672684688674e-17,raw_rms,0.0629426188861614,0.030034316771533,0.0440106026112402,0.1821528407237155,2.5425007004069857,1.6061325253211065,0.9287742198153004,0.5782674873791097
unconditional_vae,3,1,42,subject25,88,90,120,8.326672684688674e-17,axis_balanced,0.1293923707937023,0.0615949353087855,0.0751906111099764,0.3451568796692902,2.503480649445966,1.5721578624455026,0.8366298515407682,0.532153845059417
unconditional_vae,3,1,42,subject26,89,90,120,8.326672684688674e-17,raw_rms,0.0763972928724989,0.0453170757056217,0.0578013272823165,0.2305091401025293,1.920481462650509,1.1825538414212335,0.7037976248928101,0.5951505971575569
unconditional_vae,3,1,42,subject26,89,90,120,8.326672684688674e-17,axis_balanced,0.1404672127804314,0.099336069212903,0.112225794537926,0.2085088166190716,2.5212155659972417,1.8621554077772864,0.6416216947099563,0.3445586184859896
unconditional_vae,3,1,42,subject41,15,13,120,5.551115123125783e-17,raw_rms,0.2332080010678281,0.0930759796539062,0.156298243362207,0.3210347867440674,3.658804721843379,2.9751504204848285,0.8162507815577348,0.2743561387476735
unconditional_vae,3,1,42,subject41,15,13,120,5.551115123125783e-17,axis_balanced,0.290705356592378,0.1090870626528549,0.1709017438981018,0.4745642663913448,3.537598229648696,2.7458948681214705,0.7842502192485983,0.2856082468245122
unconditional_vae,3,1,42,subject43,90,90,120,8.326672684688674e-17,raw_rms,0.0512960529470767,0.0239979463593712,0.0340598679191718,0.1782545250609624,1.3069229602029608,0.5504616161986677,0.7369441093911618,1.3387747441507174
unconditional_vae,3,1,42,subject43,90,90,120,8.326672684688674e-17,axis_balanced,0.0557130928332223,0.0191435527807799,0.0289534470901267,0.2300289356692626,1.3714677706296778,0.6051540348171935,0.7261758234832352,1.1999850975175277
unconditional_vae,3,2,42,subject01,90,90,120,6.938893903907227e-17,raw_rms,0.0363915997686019,0.014698539663092,0.0248495889957711,0.1359252667709662,1.6630306368270895,0.823065887139866,0.837614367795874,1.0176759611634052
unconditional_vae,3,2,42,subject01,90,90,120,6.938893903907227e-17,axis_balanced,0.0318635813355538,0.0116903757695634,0.0212508249341971,0.1175007432496988,1.2561705984180402,0.5714328371225053,0.6829720239096896,1.1951921197753503
unconditional_vae,3,2,42,subject04,90,90,120,8.326672684688674e-17,raw_rms,0.0809112959679254,0.0471673279433739,0.056021048067544,0.2270958382497228,1.1839221890516674,0.3809203994400054,0.7620118172208245,2.000448960835558
unconditional_vae,3,2,42,subject04,90,90,120,8.326672684688674e-17,axis_balanced,0.0472220421291469,0.0208995903394468,0.0302699068264409,0.1716552206315061,1.138978795363858,0.4720884376380369,0.64807086054518,1.3727742704049737
unconditional_vae,3,2,42,subject10,90,90,120,5.551115123125783e-17,raw_rms,0.0513384084336752,0.031366144354696,0.0406709291249628,0.1257469973747616,1.364708741382996,0.5924001386842762,0.7694909436434723,1.2989378181992253
unconditional_vae,3,2,42,subject10,90,90,120,5.551115123125783e-17,axis_balanced,0.0430519107615723,0.0226214147086272,0.0316143815416896,0.1168797796134625,1.1552451175994976,0.4675875652174602,0.6848995834193453,1.4647514912010549
unconditional_vae,3,2,42,subject12,90,90,120,8.326672684688674e-17,raw_rms,0.0356468710606313,0.0159276241375143,0.0245776936364181,0.1132091220492783,1.1128625224114166,0.5407962786171991,0.5700088598513346,1.0540177186663178
unconditional_vae,3,2,42,subject12,90,90,120,8.326672684688674e-17,axis_balanced,0.0321846768735794,0.0129756403146985,0.0213148822727498,0.1033849499992905,0.9199491603241222,0.4171997651433619,0.5008704204105295,1.2005529778724011
unconditional_vae,3,2,42,subject15,88,89,120,5.551115123125783e-17,raw_rms,0.0449537650855516,0.0163348915071975,0.0270109023570449,0.1991479400572562,1.926574041558489,1.071336514279215,0.8345698630333226,0.7789988037463776
unconditional_vae,3,2,42,subject15,88,89,120,5.551115123125783e-17,axis_balanced,0.0553760242270418,0.0244960357946806,0.0347566938213768,0.2047320472695837,1.4424386089038743,0.7051915086229502,0.7091650983515456,1.0056347668399392
unconditional_vae,3,2,42,subject21,88,90,120,7.63278329429795e-17,raw_rms,0.1029488844792507,0.0361552818849645,0.0489508269211309,0.3005627404564174,3.5809089122113,2.625740783351889,0.9015177131107934,0.3433384280835068
unconditional_vae,3,2,42,subject21,88,90,120,7.63278329429795e-17,axis_balanced,0.0885969380910267,0.0409991773739042,0.0534207448483607,0.2575231675325006,2.3639345330575723,1.568628415097138,0.752689553704187,0.4798392955654679
unconditional_vae,3,2,42,subject36,90,90,120,8.326672684688674e-17,raw_rms,0.0568134142077847,0.0352339965095391,0.0434867932722766,0.1571899351531657,1.0752451832304126,0.4932706942456473,0.5674755617777416,1.150434372845877
unconditional_vae,3,2,42,subject36,90,90,120,8.326672684688674e-17,axis_balanced,0.0704006699768481,0.0389967628191862,0.0473623144013413,0.191728189141879,0.9737760992658444,0.4567171125964465,0.4894526952021971,1.0716758398205142
unconditional_vae,3,3,42,subject02,30,30,120,8.326672684688674e-17,raw_rms,0.125566386030437,0.0745538428066165,0.103999136785483,0.227932091152388,2.207892000981885,1.2155304917108936,0.989169231076559,0.8137757446826984
unconditional_vae,3,3,42,subject02,30,30,120,8.326672684688674e-17,axis_balanced,0.1367564498773132,0.0812135549149062,0.1084925526476708,0.2274821004491644,1.710235891079879,1.078646874154883,0.6209705613835916,0.5756940257858908
unconditional_vae,3,3,42,subject11,90,90,120,9.714451465470121e-17,raw_rms,0.0446529197856169,0.0250847803403846,0.0376276233598538,0.1484854396120735,2.2537997506753777,1.298472046196939,0.9556711723175942,0.7359967240855394
unconditional_vae,3,3,42,subject11,90,90,120,9.714451465470121e-17,axis_balanced,0.0430895940585338,0.0209744045983714,0.0331578505113848,0.1433848513077783,1.9449553790837009,1.0934115999325662,0.8502187374893535,0.777583425621046
unconditional_vae,3,3,42,subject22,90,90,120,8.326672684688674e-17,raw_rms,0.0408605940732367,0.016464193983815,0.0284524487343846,0.129576812734048,1.7635265156653293,0.7235093348904216,1.0399321240199868,1.4373444458425526
unconditional_vae,3,3,42,subject22,90,90,120,8.326672684688674e-17,axis_balanced,0.0742557391117417,0.0384471218819216,0.0484806289251981,0.2234729854425252,1.237920500855895,0.5001818099572521,0.6991826131182244,1.3978569376163037
unconditional_vae,3,3,42,subject30,90,90,120,8.326672684688674e-17,raw_rms,0.1071496236232405,0.0698890513806175,0.0801267385069612,0.2551635790040111,1.4508754374122108,0.4721824043262872,0.9265523215411442,1.9622762581827984
unconditional_vae,3,3,42,subject30,90,90,120,8.326672684688674e-17,axis_balanced,0.1045547311896748,0.067145216771753,0.0765879104662263,0.2336324111379029,1.2540415065017902,0.4262848971161398,0.7844460551681206,1.8401919947785552
unconditional_vae,3,3,42,subject33,86,88,120,8.326672684688674e-17,raw_rms,0.0355248787646558,0.0182313877638193,0.0311710386604358,0.0773186153347536,2.2256221937827028,1.215897084888333,1.0261149105331389,0.8439159228902802
unconditional_vae,3,3,42,subject33,86,88,120,8.326672684688674e-17,axis_balanced,0.0352088260207525,0.0147482570304305,0.0272018223038885,0.1104788389131892,1.874614697289533,1.006945525896083,0.8741910860572613,0.8681612496160768
unconditional_vae,3,3,42,subject37,90,90,120,8.326672684688674e-17,raw_rms,0.0646962508058623,0.0350391521752577,0.0477048279452586,0.1676564338755994,2.3534613675355085,1.4116381939998472,0.937209441214788,0.6639161827714684
unconditional_vae,3,3,42,subject37,90,90,120,8.326672684688674e-17,axis_balanced,0.1192825140543836,0.0657141209610627,0.0777141018489846,0.2808715743370945,2.092869151596254,1.3069941790885131,0.7275713836462893,0.5566753052823016
unconditional_vae,3,3,42,subject40,87,90,120,8.326672684688674e-17,raw_rms,0.1334513077632246,0.0648400946611149,0.0764020961940177,0.3478769772165592,2.313002700218975,1.1950279657372869,1.0187237966849243,0.852468583073209
unconditional_vae,3,3,42,subject40,87,90,120,8.326672684688674e-17,axis_balanced,0.0892339252454481,0.0440079291353767,0.0549745497584764,0.2622668060946836,1.8732397483205103,0.999503741096462,0.8229153547242715,0.8233239365582845
unconditional_vae,3,0,43,subject05,90,90,120,8.326672684688674e-17,raw_rms,0.1082670123379672,0.0696397425250021,0.0770212632246964,0.2159095429871062,1.0330781381309015,0.2455483451079607,0.7498902627385047,3.0539414240759752
unconditional_vae,3,0,43,subject05,90,90,120,8.326672684688674e-17,axis_balanced,0.1508138325467323,0.1003918838066268,0.1072260915184761,0.272845179833419,0.8703411136240737,0.2000893401137501,0.6030559625971215,3.013933487182705
unconditional_vae,3,0,43,subject13,90,90,120,7.806255641895632e-17,raw_rms,0.0350000211947731,0.0206987824901496,0.0284755907432991,0.0722071886094031,1.2172280136977245,0.5750148228914392,0.6487949912340442,1.1283100285512715
unconditional_vae,3,0,43,subject13,90,90,120,7.806255641895632e-17,axis_balanced,0.0303860325148221,0.0125009022646469,0.0191590500641969,0.0870480056271472,0.7913457653811462,0.3405845798649649,0.4507241378239948,1.3233838654782846
unconditional_vae,3,0,43,subject19,88,90,120,5.551115123125783e-17,raw_rms,0.0331924718645972,0.0104061090388762,0.0180020144280723,0.1138062809781854,1.031674010644107,0.479171776175523,0.5494532729998921,1.1466728641351045
unconditional_vae,3,0,43,subject19,88,90,120,5.551115123125783e-17,axis_balanced,0.0450724928529902,0.0222384185958706,0.0289518964955082,0.1168215683382,0.747950242381496,0.3048617399402978,0.4364657912049123,1.4316843802386847
unconditional_vae,3,0,43,subject24,88,90,120,9.020562075079396e-17,raw_rms,0.0568471798176555,0.0377694831030172,0.0473653658726126,0.0932157981014002,1.614235210280894,0.6527640463348907,0.9681024330539372,1.4830817329624597
unconditional_vae,3,0,43,subject24,88,90,120,9.020562075079396e-17,axis_balanced,0.0343859018101142,0.017017148649337,0.0265312320540603,0.0825652458187926,1.2733360014101598,0.6008917142698702,0.677953454043197,1.1282456355168131
unconditional_vae,3,0,43,subject27,87,90,120,5.551115123125783e-17,raw_rms,0.143752533676871,0.1019695171536757,0.110985644844482,0.2663730994268846,1.6342564608886898,0.6439936517249081,0.934249075043357,1.4507116219872864
unconditional_vae,3,0,43,subject27,87,90,120,5.551115123125783e-17,axis_balanced,0.1202477346195967,0.0775480967330939,0.0860137177053974,0.2645704867170838,1.1614964253620677,0.4474271354747183,0.6544973042642224,1.462801990249884
unconditional_vae,3,0,43,subject34,90,90,120,8.326672684688674e-17,raw_rms,0.0399520112466337,0.0097103124726731,0.018911036639589,0.1623078848644052,1.5412762579431707,0.8647568818662528,0.6653283392130501,0.7693819536621541
unconditional_vae,3,0,43,subject34,90,90,120,8.326672684688674e-17,axis_balanced,0.0388572798612567,0.0117359353306751,0.0199451075163887,0.1317967677771496,1.0405085352839136,0.543099275726661,0.4901579576044152,0.902519998666154
unconditional_vae,3,0,43,subject35,85,86,120,8.326672684688674e-17,raw_rms,0.0646615791110876,0.0299800082725462,0.0411876085758591,0.2177354827828392,1.8512006946312585,0.8815464293616184,0.9403321660671544,1.066684787944869
unconditional_vae,3,0,43,subject35,85,86,120,8.326672684688674e-17,axis_balanced,0.1043503328123933,0.0530828852981709,0.0631710790309253,0.29822958839133,1.28668611096162,0.5898240134266413,0.6199458442726303,1.051069183621388
unconditional_vae,3,1,43,subject08,89,90,120,4.440892098500626e-16,raw_rms,0.2517419889353607,0.175059002277754,0.1869739549053626,0.4339213806205052,1.5872083570220907,0.5973954376251124,0.8149541666441309,1.3641787588534358
unconditional_vae,3,1,43,subject08,89,90,120,4.440892098500626e-16,axis_balanced,0.4888194244071207,0.2908872948487899,0.3035854513024762,0.6889773505903197,2.6086265773576063,1.4715404849726217,0.6844505068150161,0.4651251622395903
unconditional_vae,3,1,43,subject18,88,90,120,7.806255641895632e-17,raw_rms,0.1016699148997537,0.0661841606715718,0.0779292677548187,0.1932590523487946,2.357070581477408,1.4401307269673116,0.9031182309753296,0.6271085076263557
unconditional_vae,3,1,43,subject18,88,90,120,7.806255641895632e-17,axis_balanced,0.1379847676713113,0.0846233999738166,0.0959715215679316,0.3091830420420589,2.2132573429895768,1.2853000539149289,0.853758904838755,0.6642487116049428
unconditional_vae,3,1,43,subject23,90,90,120,5.551115123125783e-17,raw_rms,0.1457817554329021,0.1084253492710038,0.1177793863979537,0.2912326119814719,1.191912903854596,0.2356683002136246,0.8813916363312211,3.7399668751897135
unconditional_vae,3,1,43,subject23,90,90,120,5.551115123125783e-17,axis_balanced,0.136540578785407,0.1007102282987915,0.1102224183190601,0.2515034716646499,1.3872257427640244,0.3307994204602921,1.0052247480610956,3.03877421146135
unconditional_vae,3,1,43,subject25,88,90,120,8.326672684688674e-17,raw_rms,0.114381514136006,0.0383161353001622,0.0521711159460299,0.3970930303716327,2.5602823974337,1.6061325253211065,0.8211558799571894,0.5112628422695192
unconditional_vae,3,1,43,subject25,88,90,120,8.326672684688674e-17,axis_balanced,0.1193900734214734,0.0553937831583524,0.068794937623708,0.3403085721476236,2.4453064755960137,1.5721578624455026,0.7813180936812059,0.4969717814888258
unconditional_vae,3,1,43,subject26,89,90,120,5.551115123125783e-17,raw_rms,0.0696290867391495,0.0446170005740276,0.0572845064676461,0.2106311000847076,1.8864020090887283,1.1825538414212335,0.6782744818200034,0.5735675265363224
unconditional_vae,3,1,43,subject26,89,90,120,5.551115123125783e-17,axis_balanced,0.1304831419891021,0.0919431838349996,0.1050424719361745,0.2127486143119352,2.558720555298011,1.8621554077772864,0.6776407969119795,0.363901312469311
unconditional_vae,3,1,43,subject41,15,13,120,6.938893903907227e-17,raw_rms,0.2163963226774286,0.0872739210357298,0.1505357088414041,0.3174064527621754,3.6589840289504,2.9751504204848285,0.8187675396939662,0.2752020650977843
unconditional_vae,3,1,43,subject41,15,13,120,6.938893903907227e-17,axis_balanced,0.2551392048838381,0.1048874600878814,0.1667672134922934,0.4037364507056745,3.4986756070655347,2.7458948681214705,0.8077313944324422,0.2941596212622043
unconditional_vae,3,1,43,subject43,90,90,120,5.551115123125783e-17,raw_rms,0.0663772475578059,0.0504725860179787,0.0608106289282354,0.1417872315170137,1.2420971109038486,0.5504616161986677,0.6833426378459566,1.2413992506233724
unconditional_vae,3,1,43,subject43,90,90,120,5.551115123125783e-17,axis_balanced,0.0501510080042113,0.0287373315129273,0.0389293863494969,0.1306517131415143,1.4126035138434632,0.6051540348171935,0.803801891697124,1.3282599891115965
unconditional_vae,3,2,43,subject01,90,90,120,5.551115123125783e-17,raw_rms,0.0420688780080971,0.0137697662466561,0.0237151438902497,0.1835595633326053,1.5870684631641578,0.823065887139866,0.7456675353854232,0.9059633585065708
unconditional_vae,3,2,43,subject01,90,90,120,5.551115123125783e-17,axis_balanced,0.0409389340333008,0.0166042477456169,0.0261104465589419,0.1552391536745087,1.254244397463507,0.5714328371225053,0.6706503723561977,1.1736293905217456
unconditional_vae,3,2,43,subject04,90,90,120,6.938893903907227e-17,raw_rms,0.0586749751888711,0.038728963111994,0.0474299621967579,0.1342558321173015,1.111905883618877,0.3809203994400054,0.7232201390965003,1.8986122564181724
unconditional_vae,3,2,43,subject04,90,90,120,6.938893903907227e-17,axis_balanced,0.0315961614078177,0.0122683605619535,0.0214070716463774,0.1030482666147407,1.075489565267521,0.4720884376380369,0.6030530515583681,1.277415423634555
unconditional_vae,3,2,43,subject10,90,90,120,6.938893903907227e-17,raw_rms,0.0598479465655921,0.0381419704908935,0.0474049611480119,0.140329437541967,1.334611204499886,0.5924001386842762,0.7352278371810992,1.2411000423025629
unconditional_vae,3,2,43,subject10,90,90,120,6.938893903907227e-17,axis_balanced,0.0494019111399726,0.0281465384193428,0.0371136962513931,0.1197133291955203,1.1335746228041683,0.4675875652174602,0.6623709517219547,1.4165709291561397
unconditional_vae,3,2,43,subject12,90,90,120,9.714451465470121e-17,raw_rms,0.0647574671595753,0.0356542084499111,0.0443347518136962,0.1877615361621242,1.17840788355039,0.5407962786171991,0.6134783778266433,1.13439829762751
unconditional_vae,3,2,43,subject12,90,90,120,9.714451465470121e-17,axis_balanced,0.05384922188285,0.0282834569315,0.0367987289681706,0.1614830525744144,0.9828059771659604,0.4171997651433619,0.548737803730976,1.315287901809853
unconditional_vae,3,2,43,subject15,88,89,120,6.938893903907227e-17,raw_rms,0.0565152267970812,0.0232631005769031,0.0339442562357172,0.2263254771843537,1.9692485927705208,1.071336514279215,0.8659425335728393,0.8082824789701462
unconditional_vae,3,2,43,subject15,88,89,120,6.938893903907227e-17,axis_balanced,0.0427849670865059,0.0165526285077917,0.0268018773120589,0.1664497993234147,1.431015190878127,0.7051915086229502,0.7119747697384123,1.0096190340248254
unconditional_vae,3,2,43,subject21,88,90,120,8.326672684688674e-17,raw_rms,0.0917984474605411,0.0333091891003222,0.0462605941674798,0.2711510822599947,3.6910370546893354,2.625740783351889,1.0295276566582967,0.3920903629123866
unconditional_vae,3,2,43,subject21,88,90,120,8.326672684688674e-17,axis_balanced,0.0869891429406211,0.0407067439928612,0.0532997778002094,0.2570531427532844,2.439133172214817,1.568628415097138,0.828764010282887,0.5283367318266803
unconditional_vae,3,2,43,subject36,90,90,120,8.326672684688674e-17,raw_rms,0.0674872171333101,0.0442515853587057,0.052677517822198,0.1700971932807456,1.1398718978401394,0.4932706942456473,0.6283854795873511,1.2739161010737383
unconditional_vae,3,2,43,subject36,90,90,120,8.326672684688674e-17,axis_balanced,0.0888296713822475,0.0524543344196437,0.0610786794934581,0.2235719610961998,1.0419877967656368,0.4567171125964465,0.5449017448388517,1.1930837050117822
unconditional_vae,3,3,43,subject02,30,30,120,8.326672684688674e-17,raw_rms,0.3846024857697642,0.2098547469254635,0.2385327791562927,0.6298234015282119,2.146704350586297,1.2155304917108936,0.5798460754486039,0.4770312874936228
unconditional_vae,3,3,43,subject02,30,30,120,8.326672684688674e-17,axis_balanced,0.268290085468208,0.1521542608531368,0.1792088298057617,0.4644451372994532,1.786318076670148,1.078646874154883,0.532353088496793,0.4935378771795823
unconditional_vae,3,3,43,subject11,90,90,120,9.714451465470121e-17,raw_rms,0.095927914380951,0.079394982592492,0.0919956154829693,0.1560203182722399,2.215655408015389,1.298472046196939,0.9148925942366172,0.7045916752048857
unconditional_vae,3,3,43,subject11,90,90,120,9.714451465470121e-17,axis_balanced,0.0741902164540202,0.0492862443714945,0.0615813372870291,0.1802707452973324,2.012782196300692,1.0934115999325662,0.906576879867326,0.8291268173149409
unconditional_vae,3,3,43,subject22,90,90,120,8.326672684688674e-17,raw_rms,0.034235562505539,0.0164757540180394,0.0279549452672233,0.095467684953737,1.4710012954169391,0.7235093348904216,0.7526892849741025,1.040331131440205
unconditional_vae,3,3,43,subject22,90,90,120,8.326672684688674e-17,axis_balanced,0.0607021485582236,0.030814326134241,0.0405632940959923,0.1767154173083549,1.1270836262721875,0.5001818099572521,0.6062834150588181,1.212126076937172
unconditional_vae,3,3,43,subject30,90,90,120,6.938893903907227e-17,raw_rms,0.1739126822540326,0.1189161268352254,0.1291065757175562,0.3422467115182921,1.4898239372108597,0.4721824043262872,0.9133665806709264,1.9343511581591517
unconditional_vae,3,3,43,subject30,90,90,120,6.938893903907227e-17,axis_balanced,0.14729325630495,0.0952939588663928,0.1045822736024728,0.3064541908577323,1.2711723509813442,0.4262848971161398,0.7620602839944028,1.7876783558362428
unconditional_vae,3,3,43,subject33,86,88,120,9.020562075079396e-17,raw_rms,0.0654740282238777,0.0417117796482441,0.0545586888883318,0.2121580760688398,2.199769326919544,1.215897084888333,0.96068390432093,0.7901029752112272
unconditional_vae,3,3,43,subject33,86,88,120,9.020562075079396e-17,axis_balanced,0.0546566937864096,0.0252858602326638,0.0376430578099196,0.1938940487857857,1.846452159415804,1.006945525896083,0.8201892041944032,0.8145318521223031
unconditional_vae,3,3,43,subject37,90,90,120,8.326672684688674e-17,raw_rms,0.1465804778342483,0.1050001282992124,0.1171810965358164,0.2645530620671041,2.195417566838186,1.4116381939998472,0.7356059687510704,0.5211009250654705
unconditional_vae,3,3,43,subject37,90,90,120,8.326672684688674e-17,axis_balanced,0.1877923250419958,0.1198276620981209,0.1313662180726063,0.3491180484294448,2.0077954784191867,1.3069941790885131,0.5984269362725212,0.4578650355503947
unconditional_vae,3,3,43,subject40,87,90,120,8.847089727481715e-17,raw_rms,0.2145126601504094,0.124506346505688,0.135974388976349,0.4112106468313896,2.220847447091411,1.1950279657372869,0.8773143265157913,0.7341370676413599
unconditional_vae,3,3,43,subject40,87,90,120,8.847089727481715e-17,axis_balanced,0.1308007930915882,0.0728483349147287,0.0837174551122762,0.315321657829191,1.86152872893205,0.999503741096462,0.7802045415758654,0.7805919172648379
unconditional_vae,3,0,44,subject05,90,90,120,8.326672684688674e-17,raw_rms,0.083573048390642,0.047017277098087,0.0541936377573906,0.2148207212398611,0.9979811571109808,0.2455483451079607,0.7149712786635125,2.911733240756152
unconditional_vae,3,0,44,subject05,90,90,120,8.326672684688674e-17,axis_balanced,0.1148450614366435,0.0691206109305162,0.0756130264162036,0.2556602463003822,0.7861674676965346,0.2000893401137501,0.5273336278331748,2.635490863898033
unconditional_vae,3,0,44,subject13,90,90,120,9.020562075079396e-17,raw_rms,0.0304946950405105,0.0123798719409178,0.0199544279259433,0.0990730296134714,1.1410646026002396,0.5750148228914392,0.567351295562714,0.9866724699544448
unconditional_vae,3,0,44,subject13,90,90,120,9.020562075079396e-17,axis_balanced,0.0287880560104341,0.0110203473213394,0.017607030250756,0.096828096269387,0.7758065548168519,0.3405845798649649,0.4332409087405149,1.2720508629964586
unconditional_vae,3,0,44,subject19,88,90,120,7.63278329429795e-17,raw_rms,0.0345084849548691,0.0134701128838974,0.0208530404718076,0.0968157758651775,0.9099130516715364,0.479171776175523,0.4302777598850741,0.8979614018991412
unconditional_vae,3,0,44,subject19,88,90,120,7.63278329429795e-17,axis_balanced,0.034877010387204,0.0163753168988791,0.0229476516195887,0.0856306057199316,0.710905784135983,0.3048617399402978,0.4054777777066145,1.330038258608708
unconditional_vae,3,0,44,subject24,88,90,120,8.326672684688674e-17,raw_rms,0.0588853833599687,0.0361119542626369,0.0455803312246083,0.1314449056825109,1.5267928079434046,0.6527640463348907,0.8712644694723986,1.334731093669043
unconditional_vae,3,0,44,subject24,88,90,120,8.326672684688674e-17,axis_balanced,0.0405385562580213,0.0199817952993859,0.0293067686479095,0.1210756051170562,1.2001771156166183,0.6008917142698702,0.5962716038271785,0.9923112428862404
unconditional_vae,3,0,44,subject27,87,90,120,8.326672684688674e-17,raw_rms,0.1333590362307599,0.0900347075210259,0.0990383121650659,0.2607727595489743,1.5935752078279748,0.6439936517249081,0.8962029670582637,1.3916332321876532
unconditional_vae,3,0,44,subject27,87,90,120,8.326672684688674e-17,axis_balanced,0.1189746966074949,0.073885603425496,0.0823961315010251,0.2743979635278707,1.1783053152939678,0.4474271354747183,0.6661062353419084,1.4887479603470462
unconditional_vae,3,0,44,subject34,90,90,120,8.326672684688674e-17,raw_rms,0.0381368687455623,0.0124177976600137,0.0215489789706164,0.1167419260666121,1.484771309974114,0.8647568818662528,0.6211705821223183,0.7183181714399949
unconditional_vae,3,0,44,subject34,90,90,120,8.326672684688674e-17,axis_balanced,0.0479140643754629,0.02029958666739,0.028482266010313,0.135133592525208,1.0378067490931882,0.543099275726661,0.4865352826232484,0.8958496252315371
unconditional_vae,3,0,44,subject35,85,86,120,8.673617379884034e-17,raw_rms,0.0685490206338723,0.0318910235558916,0.0428608785483101,0.2126710054361743,1.62031894631808,0.8815464293616184,0.7097083364163288,0.8050719880180014
unconditional_vae,3,0,44,subject35,85,86,120,8.673617379884034e-17,axis_balanced,0.1278932470703714,0.0691929492038919,0.0789566886705291,0.331925570656594,1.1868675493230345,0.5898240134266413,0.4978763396989539,0.8441099859710557
unconditional_vae,3,1,44,subject08,89,90,120,5.551115123125783e-17,raw_rms,0.1578856654170406,0.1089438335201036,0.1204863433020833,0.3257043285287775,1.3391255605959254,0.5973954376251124,0.6476818895124249,1.084176156562597
unconditional_vae,3,1,44,subject08,89,90,120,5.551115123125783e-17,axis_balanced,0.3879177826589782,0.2350912178850128,0.2476368398449424,0.5918179650321707,2.4087007350237526,1.4715404849726217,0.6083316263690828,0.4133978185319182
unconditional_vae,3,1,44,subject18,88,90,120,8.326672684688674e-17,raw_rms,0.136763131122819,0.0888447574267508,0.1005522511217303,0.2329869533783683,2.3217893751658925,1.4401307269673116,0.8504643834715021,0.5905466549293383
unconditional_vae,3,1,44,subject18,88,90,120,8.326672684688674e-17,axis_balanced,0.1638994059324077,0.1052046526220849,0.1164010975420675,0.3199313189405193,2.1374427889877805,1.2853000539149289,0.7704885357418458,0.5994619959712868
unconditional_vae,3,1,44,subject23,90,90,120,9.020562075079396e-17,raw_rms,0.1256538970020173,0.0937962041142874,0.1029126361879348,0.2570369528202963,1.082962733513905,0.2356683002136246,0.7904319074159771,3.3540018182313016
unconditional_vae,3,1,44,subject23,90,90,120,9.020562075079396e-17,axis_balanced,0.1194743759460317,0.0824213466967458,0.0915773776907054,0.2543006102560383,1.1993723393638822,0.3307994204602921,0.81436605140493,2.461812207142858
unconditional_vae,3,1,44,subject25,88,90,120,8.326672684688674e-17,raw_rms,0.1099442625812412,0.0828942053054822,0.0963042729459182,0.1497300470637174,2.319215314341474,1.6061325253211065,0.7144634813190018,0.4448347007829647
unconditional_vae,3,1,44,subject25,88,90,120,8.326672684688674e-17,axis_balanced,0.1566530552013769,0.1049629536037924,0.1178756458030676,0.2955733780466695,2.2854297673352324,1.5721578624455026,0.648783230696117,0.4126705378599386
unconditional_vae,3,1,44,subject26,89,90,120,8.326672684688674e-17,raw_rms,0.0815991270865506,0.0478739879640444,0.0605725742219381,0.2642943631927882,1.9792338228506976,1.1825538414212335,0.7461861762765231,0.630995520153003
unconditional_vae,3,1,44,subject26,89,90,120,8.326672684688674e-17,axis_balanced,0.1338663523419088,0.0910060886491399,0.1041407573945621,0.226367970742839,2.58901309868475,1.8621554077772864,0.7021571580213815,0.3770668952165991
unconditional_vae,3,1,44,subject41,15,13,120,6.938893903907227e-17,raw_rms,0.2390616848721281,0.1077022875046985,0.1710528651075129,0.3024709542600289,3.703513494691863,2.9751504204848285,0.8730071805264614,0.2934329553610256
unconditional_vae,3,1,44,subject41,15,13,120,6.938893903907227e-17,axis_balanced,0.2939144449196749,0.1201762482155286,0.1820517122257129,0.4568872725878855,3.5435244526449075,2.7458948681214705,0.806829869076131,0.2938313037556684
unconditional_vae,3,1,44,subject43,90,90,120,8.326672684688674e-17,raw_rms,0.0881388456919229,0.056048979278316,0.0660240106530112,0.2303104131871091,1.2160280229355973,0.5504616161986677,0.6238384139440314,1.1333004801535174
unconditional_vae,3,1,44,subject43,90,90,120,8.326672684688674e-17,axis_balanced,0.080717132670266,0.0385760203876119,0.0482221805003599,0.2531893763145163,1.288302960870328,0.6051540348171935,0.6310265541123949,1.0427536095054164
unconditional_vae,3,2,44,subject01,90,90,120,8.326672684688674e-17,raw_rms,0.045868706001763,0.0214466593219925,0.0316082164739049,0.1501029461781811,1.7679675826089556,0.823065887139866,0.9393438428989874,1.1412741769230463
unconditional_vae,3,2,44,subject01,90,90,120,8.326672684688674e-17,axis_balanced,0.0392254735117663,0.0208404405183841,0.0305681002721873,0.1151227387103208,1.313325381469144,0.5714328371225053,0.7411649275202817,1.297028940885644
unconditional_vae,3,2,44,subject04,90,90,120,6.938893903907227e-17,raw_rms,0.0545477587215603,0.039640669963332,0.0484139470112205,0.0976676090744912,1.0901988379241114,0.3809203994400054,0.7098876559708691,1.863611549852624
unconditional_vae,3,2,44,subject04,90,90,120,6.938893903907227e-17,axis_balanced,0.0316515206068102,0.0139489664276017,0.0232090608701458,0.0750772332799954,1.0861479319348335,0.4720884376380369,0.6188252071509427,1.3108247476830028
unconditional_vae,3,2,44,subject10,90,90,120,5.551115123125783e-17,raw_rms,0.0521180525454176,0.0255164543017226,0.0349526552251991,0.1569597029744552,1.4912032933925992,0.5924001386842762,0.8881502824675486,1.499240503960946
unconditional_vae,3,2,44,subject10,90,90,120,5.551115123125783e-17,axis_balanced,0.0527949167065389,0.0322683188282753,0.041539833522747,0.1133677747949205,1.2420945722686991,0.4675875652174602,0.7732942911737064,1.653795671007786
unconditional_vae,3,2,44,subject12,90,90,120,5.551115123125783e-17,raw_rms,0.0882328514509849,0.046345949129932,0.055086299866101,0.2667828574760036,1.2398047903421543,0.5407962786171991,0.6391706886273122,1.181906595699315
unconditional_vae,3,2,44,subject12,90,90,120,5.551115123125783e-17,axis_balanced,0.0639633452496101,0.034926315951518,0.0434745673496312,0.1952464572510939,1.024090753403324,0.4171997651433619,0.5782238945918281,1.3859640941867108
unconditional_vae,3,2,44,subject15,88,89,120,8.326672684688674e-17,raw_rms,0.0404594943165972,0.0207324950650344,0.0316153379281728,0.0795516904084253,2.015889824511546,1.071336514279215,0.9582477254218276,0.8944413941370488
unconditional_vae,3,2,44,subject15,88,89,120,8.326672684688674e-17,axis_balanced,0.0426441070634067,0.0216505291537414,0.0321328669870787,0.0967185917666637,1.501554547871056,0.7051915086229502,0.8016121546403358,1.1367297320491978
unconditional_vae,3,2,44,subject21,88,90,120,7.63278329429795e-17,raw_rms,0.1215398836165031,0.0577177093272419,0.0706397717541637,0.2248437309478659,3.6138736212067264,2.625740783351889,0.9748770071607528,0.371276941479453
unconditional_vae,3,2,44,subject21,88,90,120,7.63278329429795e-17,axis_balanced,0.1040152044755264,0.0608474003469099,0.0733555050633802,0.2315543320665178,2.402273283307664,1.568628415097138,0.8041579806291882,0.5126503975636514
unconditional_vae,3,2,44,subject36,90,90,120,8.326672684688674e-17,raw_rms,0.0581645738561057,0.031734252669733,0.0397302076599261,0.1666924280011222,1.0655908076539178,0.4932706942456473,0.5546365042154414,1.1244059513076083
unconditional_vae,3,2,44,subject36,90,90,120,8.326672684688674e-17,axis_balanced,0.076826139702737,0.0425732884683203,0.0508649548045592,0.1952006405266538,0.9814364447916272,0.4567171125964465,0.4958225311437677,1.085622845014513
unconditional_vae,3,3,44,subject02,30,30,120,2.220446049250313e-16,raw_rms,0.5383040202108731,0.235708793014823,0.2645528566319263,0.8161385937140648,2.450818281778169,1.2155304917108936,0.614846993924101,0.5058260554687415
unconditional_vae,3,3,44,subject02,30,30,120,2.220446049250313e-16,axis_balanced,0.3659949767972434,0.1914055185208857,0.2186844646225081,0.6028603974919331,1.9958961081084288,1.078646874154883,0.5947194664483135,0.5513569646361556
unconditional_vae,3,3,44,subject11,90,90,120,5.551115123125783e-17,raw_rms,0.1731412217331662,0.1022331252749194,0.1147463983602468,0.3384334340528577,2.2889732341286986,1.298472046196939,0.8978737470523525,0.6914848491980335
unconditional_vae,3,3,44,subject11,90,90,120,5.551115123125783e-17,axis_balanced,0.1368373440639909,0.0804420476554953,0.0926198374317113,0.3255737374081372,2.05707674125924,1.0934115999325662,0.8771252779298815,0.802191304705361
unconditional_vae,3,3,44,subject22,90,90,120,8.326672684688674e-17,raw_rms,0.0373791315204665,0.0144652699677255,0.0262094668505211,0.1421921027168204,1.5831014243832593,0.7235093348904216,0.8545336013724709,1.1810954747417233
unconditional_vae,3,3,44,subject22,90,90,120,8.326672684688674e-17,axis_balanced,0.0561644315564779,0.0256558019124777,0.0355544939659489,0.1936025929512048,1.1917929154077465,0.5001818099572521,0.6652303029774008,1.32997699983183
unconditional_vae,3,3,44,subject30,90,90,120,5.551115123125783e-17,raw_rms,0.1366490610000013,0.1026954790636645,0.1130613724293958,0.2607125403687355,1.5005143927268048,0.4721824043262872,0.9737217790126174,2.062172944377141
unconditional_vae,3,3,44,subject30,90,90,120,5.551115123125783e-17,axis_balanced,0.1179345717071838,0.0799894253740205,0.0893976524020203,0.2413746786698841,1.2588457634421326,0.4262848971161398,0.7855821475763183,1.8428570960192596
unconditional_vae,3,3,44,subject33,86,88,120,8.326672684688674e-17,raw_rms,0.053430196519757,0.0334557665557481,0.0462775297924596,0.1225693216615251,2.104847076627361,1.215897084888333,0.8952037970972148,0.7362496449931283
unconditional_vae,3,3,44,subject33,86,88,120,8.326672684688674e-17,axis_balanced,0.0441022556212455,0.0221580918301034,0.0344395923724342,0.1299713720941864,1.8041257548250185,1.006945525896083,0.7983834294041985,0.7928764852435439
unconditional_vae,3,3,44,subject37,90,90,120,6.591949208711867e-17,raw_rms,0.1079977708085766,0.0831026738419814,0.0957482950851799,0.198795558772001,2.308873591487808,1.4116381939998472,0.8807400928968492,0.6239134763003901
unconditional_vae,3,3,44,subject37,90,90,120,6.591949208711867e-17,axis_balanced,0.1493807976134957,0.0893279510777138,0.1012403429673015,0.3159496353719975,2.073477928343052,1.3069941790885131,0.6869059509663208,0.5255615992455017
unconditional_vae,3,3,44,subject40,87,90,120,8.326672684688674e-17,raw_rms,0.1904023818092024,0.0887015938044968,0.1001936682116579,0.4314254399427368,2.2699086284345507,1.1950279657372869,0.9096109320763076,0.7611628833431627
unconditional_vae,3,3,44,subject40,87,90,120,8.326672684688674e-17,axis_balanced,0.1141133426478941,0.0570375506337039,0.0678989156856112,0.3076576097483936,1.857466137875176,0.999503741096462,0.7809224763689879,0.7813102085163894
unconditional_vae,8,0,42,subject05,90,90,120,6.938893903907227e-17,raw_rms,0.0683525028806057,0.0427100516472949,0.0501312277710315,0.1393925953159224,0.9645743316818016,0.2455483451079607,0.7082258882930184,2.884262518575033
unconditional_vae,8,0,42,subject05,90,90,120,6.938893903907227e-17,axis_balanced,0.0636043900809559,0.0398106068204249,0.0466375270743366,0.1020606798611978,0.7540918444113324,0.2000893401137501,0.5503959698964755,2.750751087407141
unconditional_vae,8,0,42,subject13,90,90,120,8.326672684688674e-17,raw_rms,0.0223518359625045,0.0044652736348471,0.0118444001051805,0.0644528581615095,1.0245310086245407,0.5750148228914392,0.4555472958611056,0.792235743715969
unconditional_vae,8,0,42,subject13,90,90,120,8.326672684688674e-17,axis_balanced,0.0313706433285532,0.0131737492600292,0.0199053856417967,0.0533755609498726,0.7719410294713466,0.3405845798649649,0.4359244761774239,1.2799301611078793
unconditional_vae,8,0,42,subject19,88,90,120,5.551115123125783e-17,raw_rms,0.0297808501695001,0.0079088909795621,0.0152300373338185,0.1129630412041804,0.9014517902763064,0.479171776175523,0.4183295760696613,0.8730263276533741
unconditional_vae,8,0,42,subject19,88,90,120,5.551115123125783e-17,axis_balanced,0.0335628561204222,0.0138371829842349,0.0204747933236171,0.0851886023745834,0.7161432362476912,0.3048617399402978,0.4108353791585161,1.347612131450052
unconditional_vae,8,0,42,subject24,88,90,120,8.326672684688674e-17,raw_rms,0.032912928450391,0.0162822308797438,0.025488847924636,0.0800041172742855,1.3118346192603552,0.6527640463348907,0.665468418143992,1.0194624257883584
unconditional_vae,8,0,42,subject24,88,90,120,8.326672684688674e-17,axis_balanced,0.0231159010855256,0.0056206993385419,0.0149536082100456,0.0797005573151448,1.1667190933454916,0.6008917142698702,0.5709093527821264,0.9501035531432236
unconditional_vae,8,0,42,subject27,87,90,120,8.326672684688674e-17,raw_rms,0.0428056895146748,0.0238764781033455,0.0324958943664512,0.1010702963783624,1.3389885644287185,0.6439936517249081,0.6977497743660162,1.0834730629675071
unconditional_vae,8,0,42,subject27,87,90,120,8.326672684688674e-17,axis_balanced,0.0480708676953389,0.0225932039146024,0.0309434520516245,0.1638904948333943,1.0724809924625605,0.4474271354747183,0.6082337902260435,1.3594029999559818
unconditional_vae,8,0,42,subject34,90,90,120,5.551115123125783e-17,raw_rms,0.0359319440482021,0.0074263862257561,0.0165067476705282,0.1561580765493044,1.4667955815893172,0.8647568818662528,0.5921967374621848,0.6848129802496058
unconditional_vae,8,0,42,subject34,90,90,120,5.551115123125783e-17,axis_balanced,0.0422263611890192,0.0180150879726797,0.0263820005995936,0.1220945380392294,1.091362273291673,0.543099275726661,0.5439230498248357,1.0015168020562586
unconditional_vae,8,0,42,subject35,85,86,120,9.714451465470121e-17,raw_rms,0.0389368015639592,0.0168625360573659,0.0280731648195833,0.1337493767765357,1.672644481168724,0.8815464293616184,0.7900433908187816,0.8962016798036381
unconditional_vae,8,0,42,subject35,85,86,120,9.714451465470121e-17,axis_balanced,0.0509123389324623,0.0211751602880205,0.0315258239396037,0.1925706140221942,1.262333705070623,0.5898240134266413,0.6476820191797028,1.0980936761406672
unconditional_vae,8,1,42,subject08,89,90,120,2.220446049250313e-16,raw_rms,0.1141215418334249,0.0814622214967151,0.0937146112692177,0.2548893607498506,1.5122231506045354,0.5973954376251124,0.863694306393962,1.4457664923379645
unconditional_vae,8,1,42,subject08,89,90,120,2.220446049250313e-16,axis_balanced,0.214317038366633,0.1193297211798974,0.1328782215122725,0.4474184523711393,2.6094996061261906,1.4715404849726217,0.9621441675271388,0.6538346565062665
unconditional_vae,8,1,42,subject18,88,90,120,8.847089727481715e-17,raw_rms,0.0543334290429988,0.0265221239334806,0.0375904039428864,0.0834382908592893,2.058254080764592,1.4401307269673116,0.6324331340547423,0.4391498092583212
unconditional_vae,8,1,42,subject18,88,90,120,8.847089727481715e-17,axis_balanced,0.0477924999102503,0.0214120929936452,0.03225466771745,0.1338162927311789,1.9869253975160444,1.2853000539149289,0.7038651984312247,0.5476271445623171
unconditional_vae,8,1,42,subject23,90,90,120,7.63278329429795e-17,raw_rms,0.0731223487719258,0.051011074899014,0.0596926492269067,0.2010572546282297,0.8172170073466795,0.2356683002136246,0.5483124949547437,2.3266281229071484
unconditional_vae,8,1,42,subject23,90,90,120,7.63278329429795e-17,axis_balanced,0.0566870323579286,0.0314449870787181,0.0399498764678316,0.1750839695069359,0.9559511901161896,0.3307994204602921,0.6031995856072108,1.8234602248331828
unconditional_vae,8,1,42,subject25,88,90,120,8.326672684688674e-17,raw_rms,0.0381782762130338,0.0086206449689802,0.0227661848713776,0.1422258322670907,2.550455555775822,1.6061325253211065,0.9498562286104146,0.5913934333784284
unconditional_vae,8,1,42,subject25,88,90,120,8.326672684688674e-17,axis_balanced,0.0389204163175795,0.0124308473089532,0.0264177255937908,0.1267143088806011,2.5342562223016394,1.5721578624455026,0.9716069893864404,0.6180085426504811
unconditional_vae,8,1,42,subject26,89,90,120,8.326672684688674e-17,raw_rms,0.03610232499641,0.0200761493292892,0.0328982925558108,0.0916750584599176,1.918730704272913,1.1825538414212335,0.7471381851781036,0.6318005650213503
unconditional_vae,8,1,42,subject26,89,90,120,8.326672684688674e-17,axis_balanced,0.0835780764288807,0.0529452429030404,0.0664813311277564,0.1168518969221785,2.6227927269390787,1.8621554077772864,0.7741246073843207,0.4157142868695017
unconditional_vae,8,1,42,subject41,15,13,120,8.326672684688674e-17,raw_rms,0.1889361361379633,0.0568380239518905,0.1202229611592803,0.2900378911441524,3.629376834188714,2.9751504204848285,0.8056761277887902,0.2708018129911891
unconditional_vae,8,1,42,subject41,15,13,120,8.326672684688674e-17,axis_balanced,0.2176241982936766,0.0708801744794263,0.1327819436421808,0.3762812301041715,3.450623333806306,2.7458948681214705,0.7808708407253617,0.2843775447453942
unconditional_vae,8,1,42,subject43,90,90,120,9.714451465470121e-17,raw_rms,0.0230489215579147,0.0034778997898425,0.0129109318136373,0.1262474728466366,1.0286785249959265,0.5504616161986677,0.4723308146995784,0.8580631252027371
unconditional_vae,8,1,42,subject43,90,90,120,9.714451465470121e-17,axis_balanced,0.0227499879449717,0.0021252916286114,0.0113739584046208,0.1273625421605304,1.1304152969788168,0.6051540348171935,0.5200981298180385,0.8594475123596442
unconditional_vae,8,2,42,subject01,90,90,120,9.714451465470121e-17,raw_rms,0.0549931818756384,0.0246407095075613,0.0350119005005269,0.2043383658395556,1.7450437442420903,0.823065887139866,0.896842553820525,1.0896364043673723
unconditional_vae,8,2,42,subject01,90,90,120,9.714451465470121e-17,axis_balanced,0.0478376785302678,0.0236534383643574,0.0334583058642485,0.1632165561239309,1.29591043431028,0.5714328371225053,0.7101047462930663,1.2426740294954948
unconditional_vae,8,2,42,subject04,90,90,120,8.326672684688674e-17,raw_rms,0.0645891008416437,0.0416905691284299,0.0505485165961951,0.1629622564207425,1.1303271946157187,0.3809203994400054,0.7331924844107296,1.9247918606842864
unconditional_vae,8,2,42,subject04,90,90,120,8.326672684688674e-17,axis_balanced,0.0444232715045623,0.0194311145369705,0.0287213607371428,0.1570948861512565,1.0854466729406722,0.4720884376380369,0.5989158243354213,1.2686517537517548
unconditional_vae,8,2,42,subject10,90,90,120,9.714451465470121e-17,raw_rms,0.0294311296224345,0.0117520091523424,0.0206579221974005,0.0979569691120557,1.238984197920202,0.5924001386842762,0.6489788724720645,1.09550763089531
unconditional_vae,8,2,42,subject10,90,90,120,9.714451465470121e-17,axis_balanced,0.026728912520738,0.0087321597647664,0.0172854074789277,0.0845405251821982,1.0026114194465188,0.4675875652174602,0.53755176929978,1.149628025394092
unconditional_vae,8,2,42,subject12,90,90,120,5.551115123125783e-17,raw_rms,0.037791871839281,0.0194829583031084,0.0275922461646334,0.1109156433979475,0.9737371271625436,0.5407962786171991,0.4302326885396519,0.7955540848759994
unconditional_vae,8,2,42,subject12,90,90,120,5.551115123125783e-17,axis_balanced,0.0292455474717255,0.0116862323617508,0.0195150328653999,0.0950120534460088,0.8210043640776926,0.4171997651433619,0.4027692721818561,0.9654110712249632
unconditional_vae,8,2,42,subject15,88,89,120,9.367506770274757e-17,raw_rms,0.0397071492820493,0.0031128872606283,0.0129736324110424,0.2452671068492584,1.6636993461554248,1.071336514279215,0.5488178491749479,0.5122740071490864
unconditional_vae,8,2,42,subject15,88,89,120,9.367506770274757e-17,axis_balanced,0.0387853097280459,0.0084086483512118,0.0180639161679472,0.1942838340885244,1.2697951491009691,0.7051915086229502,0.5392748898017837,0.764721190212348
unconditional_vae,8,2,42,subject21,88,90,120,8.326672684688674e-17,raw_rms,0.1026033755974966,0.0340741407973739,0.0468085405062933,0.315015751913744,3.526338156449686,2.625740783351889,0.8375166521715769,0.318963950090475
unconditional_vae,8,2,42,subject21,88,90,120,8.326672684688674e-17,axis_balanced,0.077316648223449,0.0328030052570705,0.0450645939481576,0.2461861651476222,2.3226675796831766,1.568628415097138,0.7168343609628269,0.4569816242417339
unconditional_vae,8,2,42,subject36,90,90,120,9.887923813067799e-17,raw_rms,0.0212638666020387,0.0039755026851124,0.0117682488031083,0.1316451913616794,0.9914091713650016,0.4932706942456473,0.4903752667586413,0.9941301449269474
unconditional_vae,8,2,42,subject36,90,90,120,9.887923813067799e-17,axis_balanced,0.0219393591175308,0.0031873663835781,0.0111173406994991,0.1075640087506955,0.8681590487532259,0.4567171125964465,0.4083494669875609,0.8940971461876818
unconditional_vae,8,3,42,subject02,30,30,120,8.326672684688674e-17,raw_rms,0.1076419234410805,0.0670831196747969,0.0965627610624532,0.2023268751969272,1.9533022881444289,1.2155304917108936,0.743549561408684,0.6117078645736949
unconditional_vae,8,3,42,subject02,30,30,120,8.326672684688674e-17,axis_balanced,0.0850716086783545,0.036111928079433,0.063914203433909,0.1913833729667763,1.7509851571270312,1.078646874154883,0.6773098319285757,0.6279254574943688
unconditional_vae,8,3,42,subject11,90,90,120,8.326672684688674e-17,raw_rms,0.0565670395341886,0.0329692003870455,0.0445172812412448,0.1447830309938631,1.797352724164873,1.298472046196939,0.4964833805890386,0.3823596988808314
unconditional_vae,8,3,42,subject11,90,90,120,8.326672684688674e-17,axis_balanced,0.0461976591180004,0.0248186706369416,0.0360743289037884,0.1242050260486841,1.638610012754271,1.0934115999325662,0.5464744962382979,0.499788456855589
unconditional_vae,8,3,42,subject22,90,90,120,8.326672684688674e-17,raw_rms,0.0331742357432245,0.0117705813864233,0.0238534761441201,0.1141575027243844,1.636566480701339,0.7235093348904216,0.9156949946143292,1.2656298273649986
unconditional_vae,8,3,42,subject22,90,90,120,8.326672684688674e-17,axis_balanced,0.0364637023915686,0.0180149203237381,0.028502793319033,0.0948401232386795,1.2384034714571983,0.5001818099572521,0.7409592485951699,1.4813798379803051
unconditional_vae,8,3,42,subject30,90,90,120,8.326672684688674e-17,raw_rms,0.0338832524003817,0.0169540989413485,0.0262485717959408,0.0927295736867774,0.9874216643953432,0.4721824043262872,0.5161885284626274,1.093197297767011
unconditional_vae,8,3,42,subject30,90,90,120,8.326672684688674e-17,axis_balanced,0.0406086123779022,0.0184302364981898,0.0270279390971315,0.1103178926422156,0.9530866237581304,0.4262848971161398,0.5237326266169585,1.228597658889776
unconditional_vae,8,3,42,subject33,86,88,120,9.020562075079396e-17,raw_rms,0.0775776334220114,0.0165722811288981,0.028331488693709,0.3667547183263429,1.8455411038703016,1.215897084888333,0.5132289155249853,0.4220989768818467
unconditional_vae,8,3,42,subject33,86,88,120,9.020562075079396e-17,axis_balanced,0.0677075403191481,0.0261516018811606,0.0374761891595348,0.2649860709448937,1.572281944065672,1.006945525896083,0.5108181813469412,0.5072947525064604
unconditional_vae,8,3,42,subject37,90,90,120,5.551115123125783e-17,raw_rms,0.0658221162619658,0.0288712259711343,0.0410859499641139,0.2457558020970744,2.077911128115356,1.4116381939998472,0.6267850978218682,0.4440125667370091
unconditional_vae,8,3,42,subject37,90,90,120,5.551115123125783e-17,axis_balanced,0.0977461847877535,0.0451577142917698,0.056832133512105,0.2884045174798767,1.932507856196656,1.3069941790885131,0.5615381535638017,0.4296408985963607
unconditional_vae,8,3,42,subject40,87,90,120,8.847089727481715e-17,raw_rms,0.0793491439487155,0.0327308558907175,0.0436482291050146,0.2398911795120459,1.8536690516137253,1.1950279657372869,0.6195341812204537,0.5184265130048439
unconditional_vae,8,3,42,subject40,87,90,120,8.847089727481715e-17,axis_balanced,0.059167162519233,0.0234743407793203,0.0338457759155854,0.2051819782244327,1.5967504759758129,0.999503741096462,0.5710111137625749,0.5712946238061821
unconditional_vae,8,0,43,subject05,90,90,120,6.245004513516506e-17,raw_rms,0.0320093168016702,0.0120363647266454,0.0186024537288791,0.0742897894615086,0.7207674722041706,0.2455483451079607,0.4763984563599516,1.9401411813648857
unconditional_vae,8,0,43,subject05,90,90,120,6.245004513516506e-17,axis_balanced,0.0425055107869315,0.0230264559822312,0.0293101889884734,0.0707537539658996,0.6496373211795312,0.2000893401137501,0.4505194308460505,2.2515913670859806
unconditional_vae,8,0,43,subject13,90,90,120,7.806255641895632e-17,raw_rms,0.0282967811799301,0.0119135037647906,0.0194721993012121,0.0799551686877975,1.1657272676274757,0.5750148228914392,0.5956726077215041,1.0359256561877623
unconditional_vae,8,0,43,subject13,90,90,120,7.806255641895632e-17,axis_balanced,0.0286386803339998,0.0109140319262912,0.01763993392071,0.0556193897093209,0.7925617537211784,0.3405845798649649,0.4564718626428774,1.3402599225832816
unconditional_vae,8,0,43,subject19,88,90,120,8.326672684688674e-17,raw_rms,0.0232218072813112,0.004781616140804,0.0116268060513964,0.0730801650691386,0.8075987942367294,0.479171776175523,0.3311701899641029,0.6911304180044062
unconditional_vae,8,0,43,subject19,88,90,120,8.326672684688674e-17,axis_balanced,0.0273417493089803,0.0088890529598941,0.0150188214543933,0.0842929298726632,0.6227397363274132,0.3048617399402978,0.3168000514553959,1.039159756542215
unconditional_vae,8,0,43,subject24,88,90,120,5.551115123125783e-17,raw_rms,0.0339534818825295,0.0163236592044926,0.0253944013698181,0.0893541551104422,1.404305055389217,0.6527640463348907,0.757119103731419,1.1598664295045908
unconditional_vae,8,0,43,subject24,88,90,120,5.551115123125783e-17,axis_balanced,0.0298257333328479,0.0079993948866718,0.0172332927627014,0.1242108283055377,1.21030817290547,0.6008917142698702,0.6057123059195804,1.008022396606962
unconditional_vae,8,0,43,subject27,87,90,120,8.847089727481715e-17,raw_rms,0.0627464930088412,0.0379072831561524,0.0463086200808489,0.15479665194788,1.3611845142779029,0.6439936517249081,0.7062699268415671,1.0967032438128153
unconditional_vae,8,0,43,subject27,87,90,120,8.847089727481715e-17,axis_balanced,0.0567440897579502,0.0293768076953377,0.0375238559596093,0.1735226023201024,1.03372196783305,0.4474271354747183,0.5658717493701957,1.2647238052958236
unconditional_vae,8,0,43,subject34,90,90,120,6.938893903907227e-17,raw_rms,0.0528157760927153,0.0148329387013628,0.0234753353522085,0.2294897230221664,1.4481766228840027,0.8647568818662528,0.5449034801782925,0.6301233232192649
unconditional_vae,8,0,43,subject34,90,90,120,6.938893903907227e-17,axis_balanced,0.0503971062159234,0.0210787290821787,0.0290563973159092,0.1678092163314347,1.0138130519282804,0.543099275726661,0.4523579289204829,0.8329194111246657
unconditional_vae,8,0,43,subject35,85,86,120,9.714451465470121e-17,raw_rms,0.0423632655746541,0.02166270904341,0.0330734179748006,0.1224239811488889,1.924062604509885,0.8815464293616184,1.0464999165017357,1.1871183203130549
unconditional_vae,8,0,43,subject35,85,86,120,9.714451465470121e-17,axis_balanced,0.0422244273300178,0.0164660074498708,0.0268347359241392,0.1695706915377004,1.3059726099524744,0.5898240134266413,0.7000868529660849,1.1869419301850066
unconditional_vae,8,1,43,subject08,89,90,120,5.551115123125783e-17,raw_rms,0.0702693598850521,0.0454404754392666,0.0574759350446768,0.1897128687837132,1.3783750819758065,0.5973954376251124,0.7579425870789288,1.2687451884334036
unconditional_vae,8,1,43,subject08,89,90,120,5.551115123125783e-17,axis_balanced,0.1627375676126741,0.0988927201252672,0.1121180720041425,0.3459540812852877,2.3596084573872265,1.4715404849726217,0.7913286008971627,0.5377552360796146
unconditional_vae,8,1,43,subject18,88,90,120,8.326672684688674e-17,raw_rms,0.0271525824667182,0.0009047150299091,0.0118191024223816,0.1738626262737423,2.036721703827155,1.4401307269673116,0.5872580335128393,0.4077810593969564
unconditional_vae,8,1,43,subject18,88,90,120,8.326672684688674e-17,axis_balanced,0.0330289148667848,0.0040249003007621,0.014624127898248,0.1876670178416687,1.92315461976214,1.2853000539149289,0.622100942492563,0.4840122278044644
unconditional_vae,8,1,43,subject23,90,90,120,9.367506770274757e-17,raw_rms,0.076347307943331,0.0545709164508598,0.0634292835469614,0.200474727162132,0.9650289829143344,0.2356683002136246,0.6976024569469095,2.960103061440841
unconditional_vae,8,1,43,subject23,90,90,120,9.367506770274757e-17,axis_balanced,0.0649409494191022,0.0389952087919109,0.0478745288649185,0.1751283502885573,1.080818069176804,0.3307994204602921,0.7291000928651554,2.204054928060776
unconditional_vae,8,1,43,subject25,88,90,120,9.020562075079396e-17,raw_rms,0.0247186502572982,0.0037878780225176,0.018166738934234,0.0891628565674829,2.708895544514451,1.6061325253211065,1.122008996117731,0.6985780926722801
unconditional_vae,8,1,43,subject25,88,90,120,9.020562075079396e-17,axis_balanced,0.0282296650171287,0.0067053764112139,0.0208898591654332,0.0749743859966708,2.6147653247420037,1.5721578624455026,1.0633156885056425,0.6763415518920266
unconditional_vae,8,1,43,subject26,89,90,120,8.326672684688674e-17,raw_rms,0.054494585346876,0.0358066931100815,0.0484069458793442,0.1716056788616188,1.8662278718420824,1.1825538414212335,0.6729731178455738,0.5690845475896232
unconditional_vae,8,1,43,subject26,89,90,120,8.326672684688674e-17,axis_balanced,0.1139294594146398,0.0772867803523127,0.0904892890648577,0.2032774289001783,2.5661921142302595,1.8621554077772864,0.6891485132719426,0.3700810954841448
unconditional_vae,8,1,43,subject41,15,13,120,8.326672684688674e-17,raw_rms,0.1817728173538138,0.0521142306334225,0.1156366766019749,0.2779392612675588,3.839105204061808,2.9751504204848285,1.0240964120427245,0.3442166839671381
unconditional_vae,8,1,43,subject41,15,13,120,8.326672684688674e-17,axis_balanced,0.2105764408966197,0.0569798583181564,0.1192266230933343,0.3882815063479692,3.632386799494901,2.7458948681214705,0.9549096659140563,0.3477590045416895
unconditional_vae,8,1,43,subject43,90,90,120,8.326672684688674e-17,raw_rms,0.0160191337661869,0.0018522964818361,0.0113270466410897,0.0592436644775757,1.0315442153764467,0.5504616161986677,0.4877536412541504,0.8860811124714547
unconditional_vae,8,1,43,subject43,90,90,120,8.326672684688674e-17,axis_balanced,0.0162828977411374,-0.0012563428496248,0.0081282736960488,0.0939764744817639,1.161869606743405,0.6051540348171935,0.5592684987129889,0.9241754438304854
unconditional_vae,8,2,43,subject01,90,90,120,8.326672684688674e-17,raw_rms,0.0520642148394738,0.0303358012003391,0.0411891712552634,0.0991730797531023,1.9373240232514135,0.823065887139866,1.1229257272816222,1.3643205784943435
unconditional_vae,8,2,43,subject01,90,90,120,8.326672684688674e-17,axis_balanced,0.0478618310504392,0.0295707963178064,0.0398437945434229,0.0991112663928335,1.4420983027789704,0.5714328371225053,0.8744790012870047,1.530326828416988
unconditional_vae,8,2,43,subject04,90,90,120,9.714451465470121e-17,raw_rms,0.0672232583398633,0.0383627384126501,0.0472533337594305,0.1980262901526899,1.1293076343084354,0.3809203994400054,0.7194002744465137,1.888584269847744
unconditional_vae,8,2,43,subject04,90,90,120,9.714451465470121e-17,axis_balanced,0.0419993104225624,0.0183757030931024,0.0278163794456847,0.1521988095864475,1.1196900228121354,0.4720884376380369,0.6349739844901853,1.3450318496828706
unconditional_vae,8,2,43,subject10,90,90,120,7.806255641895632e-17,raw_rms,0.0266910147525529,0.0089799835544814,0.0179313171611856,0.0822026060942213,1.2149244431147943,0.5924001386842762,0.6275790854571378,1.0593837585031534
unconditional_vae,8,2,43,subject10,90,90,120,7.806255641895632e-17,axis_balanced,0.0269888966885929,0.0081976802905887,0.0168218696403237,0.0827965583744906,1.0132959977575184,0.4675875652174602,0.5486204166581878,1.1732998425718224
unconditional_vae,8,2,43,subject12,90,90,120,8.326672684688674e-17,raw_rms,0.0434706677533053,0.0271441334462592,0.034971822456608,0.1167370322006432,0.9487567965544208,0.5407962786171991,0.4037060478558644,0.7465030064336415
unconditional_vae,8,2,43,subject12,90,90,120,8.326672684688674e-17,axis_balanced,0.0279447295326906,0.0119706544863256,0.0195334832687805,0.092136354564773,0.7758353301372369,0.4171997651433619,0.3577633715369008,0.8575349303323864
unconditional_vae,8,2,43,subject15,88,89,120,5.551115123125783e-17,raw_rms,0.0433685203605468,0.0055325985543839,0.0151968240957625,0.2503322344047295,1.621595783531962,1.071336514279215,0.5038291064825222,0.4702809059219769
unconditional_vae,8,2,43,subject15,88,89,120,5.551115123125783e-17,axis_balanced,0.0380506242120937,0.0085719695284145,0.0180805671058814,0.1898223532598755,1.2410833681716382,0.7051915086229502,0.5120499164858401,0.7261146939867954
unconditional_vae,8,2,43,subject21,88,90,120,8.326672684688674e-17,raw_rms,0.0960226920372391,0.039006815036865,0.0517359319558132,0.2466539920260776,3.5604717580793905,2.625740783351889,0.9106564845760328,0.3468188826368208
unconditional_vae,8,2,43,subject21,88,90,120,8.326672684688674e-17,axis_balanced,0.0681860973845787,0.0299563054980931,0.0422623537234285,0.2058856376933057,2.3382986906335197,1.568628415097138,0.750968656477505,0.4787422242577449
unconditional_vae,8,2,43,subject36,90,90,120,8.760353553682876e-17,raw_rms,0.0212066235927191,0.0034018594727234,0.0112512643578817,0.1282932259928409,0.9511849849839416,0.4932706942456473,0.4506916884648024,0.91368024438192
unconditional_vae,8,2,43,subject36,90,90,120,8.760353553682876e-17,axis_balanced,0.020436628948883,0.0018831008090232,0.0099992315418366,0.11009590370109,0.8854874793993027,0.4567171125964465,0.4252677916391611,0.9311404804201548
unconditional_vae,8,3,43,subject02,30,30,120,6.938893903907227e-17,raw_rms,0.0942830031152339,0.0476453071662986,0.0773941956770064,0.1914685103139741,2.175084943355261,1.2155304917108936,0.9715078429508016,0.7992459667411361
unconditional_vae,8,3,43,subject02,30,30,120,6.938893903907227e-17,axis_balanced,0.0727953097660694,0.0228230470690566,0.0510503435789133,0.18327447459099,1.9157616439865883,1.078646874154883,0.8465345874960654,0.7848116077463471
unconditional_vae,8,3,43,subject11,90,90,120,8.847089727481715e-17,raw_rms,0.0470125353862582,0.0221319847039983,0.033788247738834,0.1554485204432007,1.906429200171173,1.298472046196939,0.6032474406516499,0.4645825394689748
unconditional_vae,8,3,43,subject11,90,90,120,8.847089727481715e-17,axis_balanced,0.0400810407574918,0.0171110601012907,0.0286025021804898,0.1259201379914072,1.7091880590953172,1.0934115999325662,0.6172130377694162,0.5644837111728844
unconditional_vae,8,3,43,subject22,90,90,120,8.326672684688674e-17,raw_rms,0.0355685823336044,0.020121353912026,0.0323517119230675,0.0472488887056898,1.7325570856490655,0.7235093348904216,1.0233824731609564,1.4144703099317328
unconditional_vae,8,3,43,subject22,90,90,120,8.326672684688674e-17,axis_balanced,0.0391627995053296,0.0244003506890622,0.0351111470034115,0.0422041203668681,1.3536868417522014,0.5001818099572521,0.864485465228773,1.72834247071611
unconditional_vae,8,3,43,subject30,90,90,120,5.551115123125783e-17,raw_rms,0.023658297285357,0.0076772765149142,0.016953246517853,0.0728685333568331,0.9767639755016752,0.4721824043262872,0.5087578680816737,1.0774604547316255
unconditional_vae,8,3,43,subject30,90,90,120,5.551115123125783e-17,axis_balanced,0.0335275901858242,0.0148311761882951,0.0236093504355989,0.0853185682922884,1.0020798935468398,0.4262848971161398,0.5780694828827898,1.3560637188731948
unconditional_vae,8,3,43,subject33,86,88,120,8.326672684688674e-17,raw_rms,0.0341355368883823,0.0083929706575047,0.0202763747001618,0.1706494782549471,1.7569445097685723,1.215897084888333,0.5301612028031901,0.4360247338300673
unconditional_vae,8,3,43,subject33,86,88,120,8.326672684688674e-17,axis_balanced,0.0426704249246304,0.0164575165901563,0.0280026083965299,0.1645883008878076,1.575750706439112,1.006945525896083,0.5578068247544542,0.5539592861868675
unconditional_vae,8,3,43,subject37,90,90,120,6.938893903907227e-17,raw_rms,0.0459697630764706,0.0199202016348647,0.0321359206973579,0.172050865535014,2.098762982318412,1.4116381939998472,0.6788653682111976,0.4809060643844204
unconditional_vae,8,3,43,subject37,90,90,120,6.938893903907227e-17,axis_balanced,0.0593607709612986,0.0224518981257128,0.0344141130020849,0.2099788302096845,1.9953594170344784,1.3069941790885131,0.664332389601847,0.5082902435458028
unconditional_vae,8,3,43,subject40,87,90,120,8.847089727481715e-17,raw_rms,0.0709696099144275,0.0233099220678625,0.0340770678629458,0.2348152192253618,1.8401403904129048,1.1950279657372869,0.6083216732812993,0.5090438807480023
unconditional_vae,8,3,43,subject40,87,90,120,8.847089727481715e-17,axis_balanced,0.0548900648681605,0.0186860147748214,0.0290810056342195,0.1991161640396534,1.6266824214813644,0.999503741096462,0.6036675940097449,0.6039673181688322
unconditional_vae,8,0,44,subject05,90,90,120,9.020562075079396e-17,raw_rms,0.0519986420690893,0.0288038168773874,0.0358036910759733,0.1410861709764619,0.8104753496894624,0.2455483451079607,0.552352953162702,2.249467219662376
unconditional_vae,8,0,44,subject05,90,90,120,9.020562075079396e-17,axis_balanced,0.0475106414353913,0.0264773061088579,0.0328725304536827,0.1056728202667972,0.6670702378301917,0.2000893401137501,0.4618864211732324,2.3084009418525318
unconditional_vae,8,0,44,subject13,90,90,120,8.847089727481715e-17,raw_rms,0.0274446917823727,0.0096120101975583,0.0169981285621618,0.0866353011428302,1.0679344286069616,0.5750148228914392,0.4959357820831223,0.8624747786314949
unconditional_vae,8,0,44,subject13,90,90,120,8.847089727481715e-17,axis_balanced,0.0236536858181585,0.0061130127614257,0.0124732403430114,0.0615207154724177,0.7008137242215913,0.3405845798649649,0.3632557502863854,1.066565463505157
unconditional_vae,8,0,44,subject19,88,90,120,9.714451465470121e-17,raw_rms,0.0154686769333951,-2.6261665210469687e-05,0.0068222409060541,0.0665380858608566,0.8334693013804951,0.479171776175523,0.3581791655610153,0.7474963747234823
unconditional_vae,8,0,44,subject19,88,90,120,9.714451465470121e-17,axis_balanced,0.018968931916341,0.0039781159682275,0.0101718756565616,0.0642548868554212,0.6449968230553129,0.3048617399402978,0.3422457935760155,1.1226262555709312
unconditional_vae,8,0,44,subject24,88,90,120,9.714451465470121e-17,raw_rms,0.0264152547938196,0.0083730955111684,0.0174637750088988,0.091803058663257,1.4084636247570517,0.6527640463348907,0.7608652544777113,1.16560533434674
unconditional_vae,8,0,44,subject24,88,90,120,9.714451465470121e-17,axis_balanced,0.0221020709305044,0.0027195468203233,0.0120481892453323,0.1077049960958567,1.2173007392949058,0.6008917142698702,0.6166237648175048,1.0261811740352424
unconditional_vae,8,0,44,subject27,87,90,120,8.326672684688674e-17,raw_rms,0.0432479632364285,0.0193987571425042,0.0275074522200493,0.1645625711511634,1.2464784031732037,0.6439936517249081,0.5874548537582311,0.9122059700196729
unconditional_vae,8,0,44,subject27,87,90,120,8.326672684688674e-17,axis_balanced,0.0362039691435781,0.0147543383760839,0.0226746956203083,0.1397561467417635,0.9790902547754372,0.4474271354747183,0.5214481526369743,1.1654370316268816
unconditional_vae,8,0,44,subject34,90,90,120,8.326672684688674e-17,raw_rms,0.0309587829302975,0.0083351144907664,0.0171704410021094,0.1059822438723572,1.4411056238850402,0.8647568818662528,0.5795545369422671,0.6701936105920504
unconditional_vae,8,0,44,subject34,90,90,120,8.326672684688674e-17,axis_balanced,0.0341982176381695,0.0095493986076695,0.0176169821518714,0.1262993529435624,1.0142207796935376,0.543099275726661,0.4650800811528174,0.8563445063161709
unconditional_vae,8,0,44,subject35,85,86,120,6.938893903907227e-17,raw_rms,0.0359473837336536,0.0170659573149883,0.0284269577953121,0.1178132737115267,1.876521553193296,0.8815464293616184,0.9996763323482506,1.1340030417594422
unconditional_vae,8,0,44,subject35,85,86,120,6.938893903907227e-17,axis_balanced,0.0378087030477591,0.0135385586802886,0.0238512480511761,0.153135220625539,1.2854443507176925,0.5898240134266413,0.6847344809302119,1.1609131967214743
unconditional_vae,8,1,44,subject08,89,90,120,8.326672684688674e-17,raw_rms,0.0870430153319392,0.0619846858942244,0.0741194086961201,0.2102728460101691,1.421892563554305,0.5973954376251124,0.7935329578938147,1.328321088370591
unconditional_vae,8,1,44,subject08,89,90,120,8.326672684688674e-17,axis_balanced,0.1780448298635961,0.1108797454482314,0.1239995087381021,0.3585371281481097,2.328272675514083,1.4715404849726217,0.750790354400467,0.5102070667219432
unconditional_vae,8,1,44,subject18,88,90,120,8.326672684688674e-17,raw_rms,0.0341047044977317,0.0087048576434548,0.0193502335411066,0.1267207549795026,1.913814336416466,1.4401307269673116,0.4776069703143915,0.3316413998888535
unconditional_vae,8,1,44,subject18,88,90,120,8.326672684688674e-17,axis_balanced,0.0348164573795702,0.0101354386990855,0.0206310784750657,0.1249310223015516,1.853977542000144,1.2853000539149289,0.572118493575197,0.4451244608856635
unconditional_vae,8,1,44,subject23,90,90,120,8.326672684688674e-17,raw_rms,0.0852143726210086,0.0487348258965658,0.0575720154978542,0.2563668368964173,0.9131076840182484,0.2356683002136246,0.6194964357109812,2.6286795260517883
unconditional_vae,8,1,44,subject23,90,90,120,8.326672684688674e-17,axis_balanced,0.0733761640092873,0.0418191354467101,0.0507339653975806,0.2117767965045932,1.103058625790396,0.3307994204602921,0.7372289172187378,2.2286282007172744
unconditional_vae,8,1,44,subject25,88,90,120,9.714451465470121e-17,raw_rms,0.0406402188506778,0.0144206846888199,0.0287569531738767,0.1129617097102251,2.6905329806596963,1.6061325253211065,1.09864136916902,0.684029089660191
unconditional_vae,8,1,44,subject25,88,90,120,9.714451465470121e-17,axis_balanced,0.0447964830475011,0.0186285759586708,0.032603046702351,0.1232845628753206,2.534854421437602,1.5721578624455026,0.9730748533538612,0.6189422045953048
unconditional_vae,8,1,44,subject26,89,90,120,8.326672684688674e-17,raw_rms,0.0513940735830147,0.0322256540924101,0.0451379769070472,0.1514792941168822,2.0026056447584835,1.1825538414212335,0.8170540980685751,0.6909233807795268
unconditional_vae,8,1,44,subject26,89,90,120,8.326672684688674e-17,axis_balanced,0.1093598725171329,0.0742046445244107,0.0876046594987165,0.1801154760126689,2.636099078656095,1.8621554077772864,0.7685976825090848,0.4127462612943254
unconditional_vae,8,1,44,subject41,15,13,120,5.551115123125783e-17,raw_rms,0.1897352608035556,0.0628463993640824,0.1261412892672909,0.2699295881643871,3.619691873919652,2.9751504204848285,0.8072643988446118,0.2713356586229548
unconditional_vae,8,1,44,subject41,15,13,120,5.551115123125783e-17,axis_balanced,0.1985833597972905,0.0599769333359228,0.1220640613357033,0.3573505208059096,3.546044804337414,2.7458948681214705,0.8910990490677774,0.324520453937626
unconditional_vae,8,1,44,subject43,90,90,120,8.326672684688674e-17,raw_rms,0.0303490559147688,0.0065823564171687,0.0158780650725072,0.1616390539687749,1.034420437143244,0.5504616161986677,0.4678465990151001,0.8499168429688457
unconditional_vae,8,1,44,subject43,90,90,120,8.326672684688674e-17,axis_balanced,0.0247407299437545,0.0034612190167466,0.012671216002881,0.1334530570255416,1.1427227172929777,0.6051540348171935,0.530907123798164,0.8773090705055643
unconditional_vae,8,2,44,subject01,90,90,120,9.020562075079396e-17,raw_rms,0.0385254476551402,0.0165342550504987,0.0270371018476579,0.0998903759436007,1.8082210263939569,0.823065887139866,0.9925938439378624,1.2059713073361624
unconditional_vae,8,2,44,subject01,90,90,120,9.020562075079396e-17,axis_balanced,0.0324794266835222,0.0143039004061779,0.0241340743297949,0.0963313390910968,1.3056069684772231,0.5714328371225053,0.7373885629002752,1.2904203521335122
unconditional_vae,8,2,44,subject04,90,90,120,9.714451465470121e-17,raw_rms,0.0671564125006269,0.0382452504904182,0.0471150414177234,0.2002158916430862,1.1315926491519066,0.3809203994400054,0.7208251717594607,1.892324939328932
unconditional_vae,8,2,44,subject04,90,90,120,9.714451465470121e-17,axis_balanced,0.0427473975861469,0.0187139998030322,0.0281358385434288,0.1537740583020809,1.1064151160257854,0.4720884376380369,0.6211014902177383,1.3156464778617472
unconditional_vae,8,2,44,subject10,90,90,120,9.020562075079396e-17,raw_rms,0.0251065403489132,0.0070619070908206,0.0158705599234263,0.1011364307576982,1.2038033778920412,0.5924001386842762,0.6128640860616978,1.0345441299572822
unconditional_vae,8,2,44,subject10,90,90,120,9.020562075079396e-17,axis_balanced,0.0216893464694184,0.00364820002074,0.0120864667826019,0.0808898646102708,0.9803044474545456,0.4675875652174602,0.5156663490067792,1.10282305896428
unconditional_vae,8,2,44,subject12,90,90,120,8.326672684688674e-17,raw_rms,0.0356262991860882,0.0207528348946635,0.0283763352332888,0.0692319787858501,0.8752417519260184,0.5407962786171991,0.3384819367688126,0.6258954622141658
unconditional_vae,8,2,44,subject12,90,90,120,8.326672684688674e-17,axis_balanced,0.0216914115891039,0.0064478280705195,0.0140530909586109,0.0583232230612381,0.7731138279039398,0.4171997651433619,0.3601492612017118,0.8632537486639142
unconditional_vae,8,2,44,subject15,88,89,120,5.551115123125783e-17,raw_rms,0.0455373658950525,0.0053235727674634,0.0149681433667148,0.2669235647872944,1.646376727700022,1.071336514279215,0.5201642146956656,0.4855283169785612
unconditional_vae,8,2,44,subject15,88,89,120,5.551115123125783e-17,axis_balanced,0.0375471985647513,0.0078206512479963,0.0173001148164513,0.1958344125728865,1.2597665243982734,0.7051915086229502,0.5285519987137238,0.7495155461327718
unconditional_vae,8,2,44,subject21,88,90,120,8.326672684688674e-17,raw_rms,0.1250556423032438,0.038718392672832,0.0511056488604185,0.4096228765266823,3.496629358477588,2.625740783351889,0.7384261227675657,0.2812258268026472
unconditional_vae,8,2,44,subject21,88,90,120,8.326672684688674e-17,axis_balanced,0.0864995900115792,0.0267989647967039,0.0388839718488087,0.3174689329184778,2.3189376084273547,1.568628415097138,0.6725565121754725,0.4287545129888675
unconditional_vae,8,2,44,subject36,90,90,120,8.586881206085195e-17,raw_rms,0.0189569278820948,0.001563390042899,0.0094227016876828,0.1230102564341772,0.9572880222819284,0.4932706942456473,0.4581847969814092,0.9288709066369846
unconditional_vae,8,2,44,subject36,90,90,120,8.586881206085195e-17,axis_balanced,0.0181475780745785,-0.0001277486002029,0.0079629439478108,0.1002534851471994,0.8763788310506739,0.4567171125964465,0.4181703446263591,0.91560034229734
unconditional_vae,8,3,44,subject02,30,30,120,5.551115123125783e-17,raw_rms,0.0833857950741168,0.0416419154388953,0.0712237161332978,0.1655973630443009,1.9510011830846252,1.2155304917108936,0.7548563574287752,0.6210098081260746
unconditional_vae,8,3,44,subject02,30,30,120,5.551115123125783e-17,axis_balanced,0.0674837180961893,0.0202263136482941,0.0482407717641133,0.1659999893024409,1.7819698658093257,1.078646874154883,0.7177027472381795,0.6653732230953692
unconditional_vae,8,3,44,subject11,90,90,120,8.847089727481715e-17,raw_rms,0.0636902953735636,0.0406732627942981,0.0522285296172533,0.1344970412232402,1.7995507829359094,1.298472046196939,0.5015967225087034,0.3862976673065985
unconditional_vae,8,3,44,subject11,90,90,120,8.847089727481715e-17,axis_balanced,0.0555203081504833,0.0332682946702715,0.0445328922334975,0.1406821163643427,1.6446958033338483,1.0934115999325662,0.5482101814926653,0.5013758602217819
unconditional_vae,8,3,44,subject22,90,90,120,6.245004513516506e-17,raw_rms,0.0246840259876091,0.0078852202845798,0.0199853734004136,0.0511389870230558,1.61929095447104,0.7235093348904216,0.9087785709547236,1.2560702773687942
unconditional_vae,8,3,44,subject22,90,90,120,6.245004513516506e-17,axis_balanced,0.036301010150223,0.019345327793044,0.029915381966191,0.0767132924339959,1.269442779649987,0.5001818099572521,0.7753952431491052,1.5502267929642906
unconditional_vae,8,3,44,subject30,90,90,120,8.326672684688674e-17,raw_rms,0.0404525646810582,0.0267730639812905,0.0362161867444638,0.0862214414169222,0.999676957148557,0.4721824043262872,0.5297212306098547,1.1218572012772567
unconditional_vae,8,3,44,subject30,90,90,120,8.326672684688674e-17,axis_balanced,0.0433982629709415,0.0232070765095444,0.0320693355722796,0.0985077058021151,1.024704542469797,0.4262848971161398,0.598439370865318,1.4038484002455174
unconditional_vae,8,3,44,subject33,86,88,120,8.326672684688674e-17,raw_rms,0.0934503928266613,0.027621976026475,0.0391764974642464,0.3911427200582565,1.855780667245349,1.215897084888333,0.5049155972074497,0.4152617877637405
unconditional_vae,8,3,44,subject33,86,88,120,8.326672684688674e-17,axis_balanced,0.0746976020852873,0.0259418821344625,0.0373507054324345,0.2958093515933747,1.6564293980632376,1.006945525896083,0.5782419453492456,0.5742534531196875
unconditional_vae,8,3,44,subject37,90,90,120,5.551115123125783e-17,raw_rms,0.0674637401734967,0.0297729652832877,0.0416305305896241,0.2492869196378509,1.9933789997359657,1.4116381939998472,0.539779871854599,0.3823783418080691
unconditional_vae,8,3,44,subject37,90,90,120,5.551115123125783e-17,axis_balanced,0.0841754604864211,0.0374871836865524,0.0491573681666903,0.2678354390744521,1.9682808124799835,1.3069941790885131,0.6091492119455731,0.4660688025178418
unconditional_vae,8,3,44,subject40,87,90,120,8.326672684688674e-17,raw_rms,0.0903642199635161,0.0411266879592896,0.0518787434545229,0.2586603440791865,1.8339881094544983,1.1950279657372869,0.5902518238247806,0.4939230216764154
unconditional_vae,8,3,44,subject40,87,90,120,8.326672684688674e-17,axis_balanced,0.0539045689730078,0.0214235658968987,0.0317758486631749,0.1898474371069996,1.6032145051024929,0.999503741096462,0.5836379614318274,0.5839277407722085
