model_family,latent_dim,seed,fold,subject,feature_view,n_features,mean_ks,energy_distance,mmd_rbf,reproduction_error
spline_pca,3,-1,0,subject05,original,11,0.3138888888888889,0.8630668029173432,0.21234349470826097,8.326672684688674e-17
spline_pca,3,-1,0,subject05,reduced,9,0.3287037037037037,0.7776482321136915,0.2209204385496074,0.0
spline_pca,3,-1,0,subject13,original,11,0.21767676767676772,0.4325527808606653,0.1038775976439017,8.326672684688674e-17
spline_pca,3,-1,0,subject13,reduced,9,0.22098765432098766,0.33735595746638625,0.0929634406377331,0.0
spline_pca,3,-1,0,subject19,original,11,0.23989898989898994,0.5483185388309133,0.10245916596518279,8.326672684688674e-17
spline_pca,3,-1,0,subject19,reduced,9,0.2512345679012346,0.48742766551875283,0.12761001295388907,0.0
spline_pca,3,-1,0,subject24,original,11,0.19545454545454544,0.19049181401372284,0.029988777723009785,8.847089727481716e-17
spline_pca,3,-1,0,subject24,reduced,9,0.20401234567901236,0.1836585309794163,0.036082022889926124,0.0
spline_pca,3,-1,0,subject27,original,11,0.380050505050505,1.3006688903498795,0.2962597576880852,8.326672684688674e-17
spline_pca,3,-1,0,subject27,reduced,9,0.3962962962962963,1.2551893421960747,0.31806206877558063,0.0
spline_pca,3,-1,0,subject34,original,11,0.351010101010101,0.8498842976536811,0.19263020937331266,5.551115123125783e-17
spline_pca,3,-1,0,subject34,reduced,9,0.3462962962962963,0.688824418514669,0.17261460867995326,0.0
spline_pca,3,-1,0,subject35,original,11,0.27919309372797746,0.5905657441643033,0.10736823945079321,8.326672684688674e-17
spline_pca,3,-1,0,subject35,reduced,9,0.31442721791559003,0.604243791114742,0.12716019702622694,0.0
spline_pca,8,-1,0,subject05,original,11,0.2744949494949495,0.9737167541712131,0.17221233863864138,1.1102230246251565e-16
spline_pca,8,-1,0,subject05,reduced,9,0.26913580246913577,0.7594390866403691,0.19511429957152604,0.0
spline_pca,8,-1,0,subject13,original,11,0.23080808080808082,0.8180989417095619,0.1262501369318213,9.71445146547012e-17
spline_pca,8,-1,0,subject13,reduced,9,0.23456790123456792,0.6860996807582689,0.137881941571233,0.0
spline_pca,8,-1,0,subject19,original,11,0.31186868686868685,0.9413779535559552,0.15089061563175143,5.551115123125783e-17
spline_pca,8,-1,0,subject19,reduced,9,0.31419753086419755,0.720739588178664,0.17616381244349122,0.0
spline_pca,8,-1,0,subject24,original,11,0.22702020202020207,0.48358646507498904,0.06430069459598975,8.326672684688674e-17
spline_pca,8,-1,0,subject24,reduced,9,0.1978395061728395,0.2845837814029668,0.05691324694965394,0.0
spline_pca,8,-1,0,subject27,original,11,0.27070707070707073,0.8371491053103783,0.1852179441503048,8.326672684688674e-17
spline_pca,8,-1,0,subject27,reduced,9,0.2824074074074074,0.7891183661610968,0.2052307604857947,0.0
spline_pca,8,-1,0,subject34,original,11,0.23560606060606062,0.5529623828410681,0.11895677819943618,8.326672684688674e-17
spline_pca,8,-1,0,subject34,reduced,9,0.2540123456790124,0.51885587919275,0.1378731629728006,0.0
spline_pca,8,-1,0,subject35,original,11,0.30315362931642,0.8746693836370962,0.1335415586736406,8.326672684688674e-17
spline_pca,8,-1,0,subject35,reduced,9,0.2889104220499569,0.7249252356858125,0.1319228934180744,0.0
conditional_ae,3,42,0,subject05,original,11,0.34696969696969693,1.0254844051117216,0.1920258441088546,8.326672684688674e-17
conditional_ae,3,42,0,subject05,reduced,9,0.33271604938271604,0.8068454747687825,0.19717760119672834,0.0
conditional_ae,3,42,0,subject13,original,11,0.23207070707070707,0.43393889680891196,0.08125839279359781,8.326672684688674e-17
conditional_ae,3,42,0,subject13,reduced,9,0.22067901234567905,0.3435351677642329,0.09201215395069084,0.0
conditional_ae,3,42,0,subject19,original,11,0.2095959595959596,0.40195656328859686,0.08528256561973058,8.326672684688674e-17
conditional_ae,3,42,0,subject19,reduced,9,0.23240740740740742,0.4003837549191127,0.0987532823551176,0.0
conditional_ae,3,42,0,subject24,original,11,0.1383838383838384,0.18819615467964423,0.033804010348975844,8.326672684688674e-17
conditional_ae,3,42,0,subject24,reduced,9,0.15648148148148147,0.20132878635154317,0.04541140718837511,0.0
conditional_ae,3,42,0,subject27,original,11,0.2813131313131313,0.9828978015817333,0.19874558897389594,1.1102230246251565e-16
conditional_ae,3,42,0,subject27,reduced,9,0.2978395061728395,1.011933111253347,0.23308242555114822,0.0
conditional_ae,3,42,0,subject34,original,11,0.2967171717171717,0.8006662865698146,0.1444001384557152,6.938893903907228e-17
conditional_ae,3,42,0,subject34,reduced,9,0.2632716049382716,0.46966034863070893,0.11013341348364647,0.0
conditional_ae,3,42,0,subject35,original,11,0.21132840028188868,0.47237680039827223,0.08127701982452529,8.326672684688674e-17
conditional_ae,3,42,0,subject35,reduced,9,0.23772609819121449,0.5029831626565069,0.0978934526933688,0.0
conditional_ae,3,43,0,subject05,original,11,0.3406565656565656,0.9131785988422605,0.1795641743617714,1.1102230246251565e-16
conditional_ae,3,43,0,subject05,reduced,9,0.3324074074074074,0.8358646780942962,0.2078649635763593,0.0
conditional_ae,3,43,0,subject13,original,11,0.2535353535353535,0.49485346513414674,0.08215322501241351,5.551115123125783e-17
conditional_ae,3,43,0,subject13,reduced,9,0.24012345679012345,0.33425275080846895,0.08007367600286963,0.0
conditional_ae,3,43,0,subject19,original,11,0.2595959595959596,0.4617393188468326,0.09472611187620539,8.326672684688674e-17
conditional_ae,3,43,0,subject19,reduced,9,0.2830246913580247,0.48630519772914216,0.11808103904688572,0.0
conditional_ae,3,43,0,subject24,original,11,0.16540404040404041,0.17133461548549533,0.0286552966092688,8.326672684688674e-17
conditional_ae,3,43,0,subject24,reduced,9,0.16697530864197532,0.17641587527319613,0.037465981659793646,0.0
conditional_ae,3,43,0,subject27,original,11,0.2547979797979798,0.8459956842347474,0.17078142168128585,8.326672684688674e-17
conditional_ae,3,43,0,subject27,reduced,9,0.28117283950617283,0.8873816907327909,0.20239776262469056,0.0
conditional_ae,3,43,0,subject34,original,11,0.29823232323232324,0.7576475373843032,0.13364421538240578,8.326672684688674e-17
conditional_ae,3,43,0,subject34,reduced,9,0.2570987654320988,0.4310079222145684,0.0963631641313899,0.0
conditional_ae,3,43,0,subject35,original,11,0.19420366455250174,0.4118283621988348,0.07304563993125412,8.326672684688674e-17
conditional_ae,3,43,0,subject35,reduced,9,0.20320844099913868,0.40686055205284966,0.08144093328871083,0.0
conditional_ae,3,44,0,subject05,original,11,0.3606060606060606,0.9132210246327612,0.19199844261354027,7.806255641895632e-17
conditional_ae,3,44,0,subject05,reduced,9,0.36234567901234566,0.8921334685372133,0.22353032109816928,0.0
conditional_ae,3,44,0,subject13,original,11,0.24318181818181817,0.3726140113129808,0.0631602092622301,7.806255641895632e-17
conditional_ae,3,44,0,subject13,reduced,9,0.23333333333333334,0.29894335456998844,0.07336872679435447,0.0
conditional_ae,3,44,0,subject19,original,11,0.24368686868686867,0.5446582155751303,0.1179164516635195,6.938893903907228e-17
conditional_ae,3,44,0,subject19,reduced,9,0.2669753086419753,0.5338398080179512,0.13159310200147112,0.0
conditional_ae,3,44,0,subject24,original,11,0.17954545454545454,0.29743369607678405,0.053985168342213674,8.326672684688674e-17
conditional_ae,3,44,0,subject24,reduced,9,0.17685185185185187,0.26337100876334363,0.05853727877463066,0.0
conditional_ae,3,44,0,subject27,original,11,0.29393939393939394,1.2195092214654135,0.25434275976107956,5.551115123125783e-17
conditional_ae,3,44,0,subject27,reduced,9,0.3209876543209877,1.292599913401148,0.2972561760479122,0.0
conditional_ae,3,44,0,subject34,original,11,0.3196969696969697,0.7123108242956002,0.14353789279608198,8.326672684688674e-17
conditional_ae,3,44,0,subject34,reduced,9,0.3021604938271605,0.5998069703080442,0.1442474683584538,0.0
conditional_ae,3,44,0,subject35,original,11,0.21231501057082455,0.5033343216744788,0.08397135256854349,8.326672684688674e-17
conditional_ae,3,44,0,subject35,reduced,9,0.2095176571920758,0.5216207075800887,0.0952455602569523,0.0
conditional_ae,8,42,0,subject05,original,11,0.2972222222222222,0.6996909284532462,0.17725669966580548,8.326672684688674e-17
conditional_ae,8,42,0,subject05,reduced,9,0.30987654320987656,0.675973020097929,0.20677210969683146,0.0
conditional_ae,8,42,0,subject13,original,11,0.3328282828282828,0.8039796136000783,0.14777932180375597,8.326672684688674e-17
conditional_ae,8,42,0,subject13,reduced,9,0.3265432098765432,0.588788589101632,0.1538699840750154,0.0
conditional_ae,8,42,0,subject19,original,11,0.31818181818181823,0.7808409975991948,0.16623060804372491,6.591949208711867e-17
conditional_ae,8,42,0,subject19,reduced,9,0.3163580246913581,0.6663699239193939,0.1774495357328253,0.0
conditional_ae,8,42,0,subject24,original,11,0.18106060606060603,0.21534064937294284,0.04226926607519377,8.326672684688674e-17
conditional_ae,8,42,0,subject24,reduced,9,0.195679012345679,0.23258970061397077,0.05507132093492917,0.0
conditional_ae,8,42,0,subject27,original,11,0.2669191919191919,0.7131789463299563,0.14418740739286784,5.551115123125783e-17
conditional_ae,8,42,0,subject27,reduced,9,0.2719135802469136,0.724534695488916,0.16500113672671968,0.0
conditional_ae,8,42,0,subject34,original,11,0.23813131313131308,0.49824388103156636,0.09259512019061233,8.326672684688674e-17
conditional_ae,8,42,0,subject34,reduced,9,0.22314814814814815,0.4274892661782186,0.10479362467228104,0.0
conditional_ae,8,42,0,subject35,original,11,0.20019379844961235,0.42608742222379625,0.06724267416319585,8.326672684688674e-17
conditional_ae,8,42,0,subject35,reduced,9,0.21115417743324716,0.4357167469296268,0.07388384962826189,0.0
conditional_ae,8,43,0,subject05,original,11,0.35353535353535354,0.845594307155964,0.18595844574063414,5.551115123125783e-17
conditional_ae,8,43,0,subject05,reduced,9,0.3515432098765432,0.7166530075168689,0.1954050338661838,0.0
conditional_ae,8,43,0,subject13,original,11,0.3343434343434344,0.8923747472374934,0.16116108159107956,8.326672684688674e-17
conditional_ae,8,43,0,subject13,reduced,9,0.3277777777777778,0.6932641258752659,0.17854919107735312,0.0
conditional_ae,8,43,0,subject19,original,11,0.3313131313131313,0.778816599589744,0.15300968010938898,8.326672684688674e-17
conditional_ae,8,43,0,subject19,reduced,9,0.3311728395061728,0.6143131363054435,0.15516388044859852,0.0
conditional_ae,8,43,0,subject24,original,11,0.16742424242424245,0.19199637947528592,0.0364204047113551,8.326672684688674e-17
conditional_ae,8,43,0,subject24,reduced,9,0.18024691358024691,0.19739120926761267,0.043566051929927796,0.0
conditional_ae,8,43,0,subject27,original,11,0.24217171717171715,0.553186064815018,0.11008216679626703,8.326672684688674e-17
conditional_ae,8,43,0,subject27,reduced,9,0.26080246913580246,0.5855471705770481,0.13063347198617592,0.0
conditional_ae,8,43,0,subject34,original,11,0.2994949494949495,1.0012736940457878,0.17066856649082118,8.326672684688674e-17
conditional_ae,8,43,0,subject34,reduced,9,0.25740740740740736,0.5724584771007457,0.1296712372436124,0.0
conditional_ae,8,43,0,subject35,original,11,0.2155567300916138,0.43781555040167364,0.07562735018037348,8.326672684688674e-17
conditional_ae,8,43,0,subject35,reduced,9,0.22657192075796725,0.45192699210358356,0.08489284613506787,0.0
conditional_ae,8,44,0,subject05,original,11,0.39444444444444443,1.1144316408274255,0.22860149018692322,5.551115123125783e-17
conditional_ae,8,44,0,subject05,reduced,9,0.38580246913580246,1.01362029107257,0.25397996711291104,0.0
conditional_ae,8,44,0,subject13,original,11,0.3146464646464647,0.8190996630963792,0.1529022359937693,5.551115123125783e-17
conditional_ae,8,44,0,subject13,reduced,9,0.308641975308642,0.6550399868568983,0.16896208802085533,0.0
conditional_ae,8,44,0,subject19,original,11,0.3058080808080808,0.718529878282598,0.15687554732979125,6.245004513516506e-17
conditional_ae,8,44,0,subject19,reduced,9,0.3135802469135803,0.6254776916473745,0.1706323450097489,0.0
conditional_ae,8,44,0,subject24,original,11,0.18888888888888886,0.22466813754232184,0.040277009833470157,8.326672684688674e-17
conditional_ae,8,44,0,subject24,reduced,9,0.20339506172839505,0.2304231828411738,0.046517368404593196,0.0
conditional_ae,8,44,0,subject27,original,11,0.24444444444444444,0.6657706846370504,0.13116218786359424,5.551115123125783e-17
conditional_ae,8,44,0,subject27,reduced,9,0.26203703703703707,0.7007942847973845,0.15296589930688986,0.0
conditional_ae,8,44,0,subject34,original,11,0.2626262626262626,0.7433009900878771,0.14734671633452345,5.551115123125783e-17
conditional_ae,8,44,0,subject34,reduced,9,0.2358024691358024,0.477958023240038,0.1250160805667867,0.0
conditional_ae,8,44,0,subject35,original,11,0.23301620859760394,0.5156203708187737,0.08295999344649219,8.326672684688674e-17
conditional_ae,8,44,0,subject35,reduced,9,0.22767011197243756,0.5314265833247553,0.09225233581778369,0.0
cvae,3,42,0,subject05,original,11,0.28787878787878785,0.6615730546463392,0.1336336307770014,8.326672684688674e-17
cvae,3,42,0,subject05,reduced,9,0.2941358024691358,0.7061326829708165,0.17214312877047822,0.0
cvae,3,42,0,subject13,original,11,0.17247474747474748,0.1725336912401283,0.02386051286421309,9.71445146547012e-17
cvae,3,42,0,subject13,reduced,9,0.16728395061728393,0.14043391396150184,0.02693616037523716,0.0
cvae,3,42,0,subject19,original,11,0.20858585858585857,0.26536386330910533,0.04787268121102917,8.326672684688674e-17
cvae,3,42,0,subject19,reduced,9,0.22901234567901232,0.27178895274832504,0.060277081577561065,0.0
cvae,3,42,0,subject24,original,11,0.18914141414141417,0.21419828610643554,0.030141853103938354,9.020562075079397e-17
cvae,3,42,0,subject24,reduced,9,0.18271604938271602,0.1664070113837175,0.02838920444320714,0.0
cvae,3,42,0,subject27,original,11,0.2623737373737374,0.7220221736808639,0.1472609433606753,7.806255641895632e-17
cvae,3,42,0,subject27,reduced,9,0.30246913580246915,0.7760856850237756,0.17837935800751503,0.0
cvae,3,42,0,subject34,original,11,0.26035353535353534,0.5362467587620001,0.102034822143663,5.551115123125783e-17
cvae,3,42,0,subject34,reduced,9,0.23734567901234568,0.3737924606319267,0.07889460231477419,0.0
cvae,3,42,0,subject35,original,11,0.23002114164904863,0.42568590803514317,0.07452092019185141,8.326672684688674e-17
cvae,3,42,0,subject35,reduced,9,0.24102067183462536,0.4015270355450382,0.07977147456922262,0.0
cvae,3,43,0,subject05,original,11,0.3032828282828283,0.7092162158759092,0.14118482059455284,8.326672684688674e-17
cvae,3,43,0,subject05,reduced,9,0.30246913580246915,0.722451821777387,0.17414216136169147,0.0
cvae,3,43,0,subject13,original,11,0.1765151515151515,0.20184861856239555,0.030498460422448526,8.326672684688674e-17
cvae,3,43,0,subject13,reduced,9,0.16944444444444443,0.15012082507659796,0.030134709075127386,0.0
cvae,3,43,0,subject19,original,11,0.18333333333333332,0.2763996147518242,0.05257798481458176,8.326672684688674e-17
cvae,3,43,0,subject19,reduced,9,0.20709876543209876,0.2899942525440591,0.0654132110740997,0.0
cvae,3,43,0,subject24,original,11,0.18434343434343436,0.16722408772651054,0.02196330857096429,9.020562075079397e-17
cvae,3,43,0,subject24,reduced,9,0.17962962962962964,0.13068986350249245,0.021584200848586033,0.0
cvae,3,43,0,subject27,original,11,0.2808080808080808,0.8963554270289675,0.18418034678633965,7.806255641895632e-17
cvae,3,43,0,subject27,reduced,9,0.31327160493827155,0.9541532119784373,0.22169784954468008,0.0
cvae,3,43,0,subject34,original,11,0.28434343434343434,0.6355519242159495,0.11793110885728653,8.326672684688674e-17
cvae,3,43,0,subject34,reduced,9,0.26358024691358023,0.4469033382254466,0.09762349010418958,0.0
cvae,3,43,0,subject35,original,11,0.21367159971811134,0.4221003360531048,0.07279427991741083,8.326672684688674e-17
cvae,3,43,0,subject35,reduced,9,0.22695951765719208,0.4113068992121369,0.07927995141337174,0.0
cvae,3,44,0,subject05,original,11,0.3015151515151515,0.7051327021082758,0.14142034148264637,8.326672684688674e-17
cvae,3,44,0,subject05,reduced,9,0.2993827160493827,0.7158462162414119,0.17400113134527673,0.0
cvae,3,44,0,subject13,original,11,0.17095959595959595,0.15557625888232485,0.021130924106786853,8.326672684688674e-17
cvae,3,44,0,subject13,reduced,9,0.16604938271604938,0.12713945164450413,0.025258390976607537,0.0
cvae,3,44,0,subject19,original,11,0.21085858585858588,0.26703949987098685,0.054337280522061215,8.326672684688674e-17
cvae,3,44,0,subject19,reduced,9,0.2382716049382716,0.27488514206879033,0.06327061050296301,0.0
cvae,3,44,0,subject24,original,11,0.16919191919191917,0.1643765857967492,0.023103145604281727,8.326672684688674e-17
cvae,3,44,0,subject24,reduced,9,0.17623456790123457,0.15697808583515194,0.028338188056352354,0.0
cvae,3,44,0,subject27,original,11,0.2825757575757576,0.8590584927064868,0.17606764726203028,9.71445146547012e-17
cvae,3,44,0,subject27,reduced,9,0.29907407407407405,0.8861525457506896,0.203349692489189,0.0
cvae,3,44,0,subject34,original,11,0.271969696969697,0.6012716444185573,0.10936140645685033,5.551115123125783e-17
cvae,3,44,0,subject34,reduced,9,0.2555555555555556,0.4579162467951603,0.09996845002892607,0.0
cvae,3,44,0,subject35,original,11,0.19529598308668075,0.37101138286862323,0.06121706587592646,8.673617379884035e-17
cvae,3,44,0,subject35,reduced,9,0.21955211024978466,0.38632660435762567,0.07129426307040432,0.0
cvae,8,42,0,subject05,original,11,0.2535353535353535,0.3572152924764911,0.07043738692280033,8.326672684688674e-17
cvae,8,42,0,subject05,reduced,9,0.24290123456790122,0.29967244068150256,0.06787759743493416,0.0
cvae,8,42,0,subject13,original,11,0.19141414141414143,0.22150024916091615,0.034132546834857,5.551115123125783e-17
cvae,8,42,0,subject13,reduced,9,0.1765432098765432,0.12786771890569337,0.02347048436408916,0.0
cvae,8,42,0,subject19,original,11,0.16767676767676767,0.14529063921965069,0.02046471097237723,8.326672684688674e-17
cvae,8,42,0,subject19,reduced,9,0.16481481481481483,0.11186507615820052,0.019696510761930686,0.0
cvae,8,42,0,subject24,original,11,0.16540404040404041,0.13703543418860464,0.013491526709067059,8.326672684688674e-17
cvae,8,42,0,subject24,reduced,9,0.15925925925925927,0.10711610116336301,0.011909225243558419,0.0
cvae,8,42,0,subject27,original,11,0.23560606060606062,0.5149497715074669,0.10199763664981432,8.847089727481716e-17
cvae,8,42,0,subject27,reduced,9,0.25679012345679014,0.5604884804540662,0.12674164425913115,0.0
cvae,8,42,0,subject34,original,11,0.2578282828282828,0.5572206164930722,0.09881730164222968,8.326672684688674e-17
cvae,8,42,0,subject34,reduced,9,0.23086419753086418,0.401288916182188,0.08275816103155365,0.0
cvae,8,42,0,subject35,original,11,0.23537702607470046,0.5245867854664037,0.09238646445799903,5.551115123125783e-17
cvae,8,42,0,subject35,reduced,9,0.23277347114556413,0.49733576716465366,0.09460717320540568,0.0
cvae,8,43,0,subject05,original,11,0.247979797979798,0.288949419541241,0.053640150889093574,7.632783294297951e-17
cvae,8,43,0,subject05,reduced,9,0.24537037037037035,0.271929141545145,0.05997037207222289,0.0
cvae,8,43,0,subject13,original,11,0.18964646464646465,0.16744561409428105,0.022866407236462605,8.326672684688674e-17
cvae,8,43,0,subject13,reduced,9,0.18148148148148147,0.13897575423439834,0.025126590967793794,0.0
cvae,8,43,0,subject19,original,11,0.20025252525252527,0.20562173763530378,0.0353766105933504,8.326672684688674e-17
cvae,8,43,0,subject19,reduced,9,0.19999999999999998,0.1794965319700461,0.03542824977615555,0.0
cvae,8,43,0,subject24,original,11,0.15025252525252528,0.11963669926297182,0.010789276731818953,8.326672684688674e-17
cvae,8,43,0,subject24,reduced,9,0.15401234567901234,0.10078456689446735,0.011187767901475132,0.0
cvae,8,43,0,subject27,original,11,0.25126262626262624,0.4384040702400891,0.08310499156743179,8.326672684688674e-17
cvae,8,43,0,subject27,reduced,9,0.2722222222222222,0.4730503797238259,0.1023931764506083,0.0
cvae,8,43,0,subject34,original,11,0.20732323232323233,0.2903742092107482,0.04886903714966062,8.326672684688674e-17
cvae,8,43,0,subject34,reduced,9,0.20864197530864198,0.26919170616320187,0.052623408937769955,0.0
cvae,8,43,0,subject35,original,11,0.23729739252995072,0.38586382696280674,0.06623309538424993,8.326672684688674e-17
cvae,8,43,0,subject35,reduced,9,0.24267872523686482,0.388892037411138,0.07462849247837178,0.0
cvae,8,44,0,subject05,original,11,0.22601010101010097,0.23362662652729327,0.039647581903125007,8.326672684688674e-17
cvae,8,44,0,subject05,reduced,9,0.22407407407407406,0.2202118160048281,0.04618316545752199,0.0
cvae,8,44,0,subject13,original,11,0.20025252525252527,0.18256430098493182,0.028525949453110266,6.938893903907228e-17
cvae,8,44,0,subject13,reduced,9,0.1925925925925926,0.1534034139543894,0.029751439669631896,0.0
cvae,8,44,0,subject19,original,11,0.15984848484848485,0.11535075497176939,0.01390568071983922,8.326672684688674e-17
cvae,8,44,0,subject19,reduced,9,0.16358024691358025,0.11411196179067051,0.01814597604149104,0.0
cvae,8,44,0,subject24,original,11,0.17398989898989897,0.1727541536024777,0.020704183458192138,8.326672684688674e-17
cvae,8,44,0,subject24,reduced,9,0.15956790123456793,0.11032308154221848,0.01231354570923704,0.0
cvae,8,44,0,subject27,original,11,0.23863636363636365,0.5135483838588146,0.10017792290029348,8.326672684688674e-17
cvae,8,44,0,subject27,reduced,9,0.26141975308641974,0.5566712117320924,0.12344571043902186,0.0
cvae,8,44,0,subject34,original,11,0.22575757575757577,0.37907251117757523,0.06970912709382471,5.551115123125783e-17
cvae,8,44,0,subject34,reduced,9,0.21203703703703702,0.314607486068041,0.06357008519473162,0.0
cvae,8,44,0,subject35,original,11,0.22256871035940806,0.549227151990892,0.09496719202483561,8.326672684688674e-17
cvae,8,44,0,subject35,reduced,9,0.24390611541774332,0.5794397909738858,0.11276273066810105,0.0
unconditional_vae,3,42,0,subject05,original,11,0.27954545454545454,0.5908719459258682,0.12144350853547625,7.806255641895632e-17
unconditional_vae,3,42,0,subject05,reduced,9,0.2777777777777778,0.5935579940394673,0.1436311317171075,0.0
unconditional_vae,3,42,0,subject13,original,11,0.176010101010101,0.16797905672037716,0.024549880842308025,8.326672684688674e-17
unconditional_vae,3,42,0,subject13,reduced,9,0.170679012345679,0.12082698085688914,0.021557301688652997,0.0
unconditional_vae,3,42,0,subject19,original,11,0.1957070707070707,0.2568865982362891,0.04900062569239538,9.71445146547012e-17
unconditional_vae,3,42,0,subject19,reduced,9,0.21790123456790123,0.2789366718526103,0.06287924260451194,0.0
unconditional_vae,3,42,0,subject24,original,11,0.1888888888888889,0.16679549506597757,0.020550617184214026,8.326672684688674e-17
unconditional_vae,3,42,0,subject24,reduced,9,0.18086419753086416,0.1346040161564841,0.020145418466312903,0.0
unconditional_vae,3,42,0,subject27,original,11,0.276010101010101,0.7438898328001775,0.15110808179222368,9.71445146547012e-17
unconditional_vae,3,42,0,subject27,reduced,9,0.30617283950617286,0.7969189730126898,0.18417835890545176,0.0
unconditional_vae,3,42,0,subject34,original,11,0.2823232323232323,0.6570853868110214,0.12639780284922875,5.551115123125783e-17
unconditional_vae,3,42,0,subject34,reduced,9,0.2577160493827161,0.4370608630545125,0.09479014371336669,0.0
unconditional_vae,3,42,0,subject35,original,11,0.23173009161381256,0.4517990047740814,0.07887338342551731,8.326672684688674e-17
unconditional_vae,3,42,0,subject35,reduced,9,0.24388458225667525,0.4360708638556683,0.08787724146552467,0.0
unconditional_vae,3,43,0,subject05,original,11,0.302020202020202,0.6985727959052133,0.13714736411004624,8.326672684688674e-17
unconditional_vae,3,43,0,subject05,reduced,9,0.3108024691358025,0.7326080884564519,0.17277055067914449,0.0
unconditional_vae,3,43,0,subject13,original,11,0.1621212121212121,0.1507484730334947,0.019758956183305365,7.806255641895632e-17
unconditional_vae,3,43,0,subject13,reduced,9,0.1527777777777778,0.10545872180509086,0.019166936681226154,0.0
unconditional_vae,3,43,0,subject19,original,11,0.2095959595959596,0.24127274928642883,0.04422010762153583,5.551115123125783e-17
unconditional_vae,3,43,0,subject19,reduced,9,0.23240740740740742,0.26756557622228616,0.05864638599506522,0.0
unconditional_vae,3,43,0,subject24,original,11,0.17676767676767677,0.14610292539737824,0.017262506374865372,9.020562075079397e-17
unconditional_vae,3,43,0,subject24,reduced,9,0.166358024691358,0.10521078782013316,0.014786648509733546,0.0
unconditional_vae,3,43,0,subject27,original,11,0.2861111111111111,0.850449950135117,0.1712729334485934,5.551115123125783e-17
unconditional_vae,3,43,0,subject27,reduced,9,0.3111111111111111,0.908197624546041,0.20782662063264035,0.0
unconditional_vae,3,43,0,subject34,original,11,0.28080808080808073,0.6729610245946009,0.12407608531499381,8.326672684688674e-17
unconditional_vae,3,43,0,subject34,reduced,9,0.2589506172839506,0.4584049274443176,0.10101735322797822,0.0
unconditional_vae,3,43,0,subject35,original,11,0.22751937984496126,0.38187312042673494,0.06539517964027763,8.326672684688674e-17
unconditional_vae,3,43,0,subject35,reduced,9,0.24067614125753659,0.3817622491953676,0.07475905789359272,0.0
unconditional_vae,3,44,0,subject05,original,11,0.3068181818181819,0.6373713453104393,0.12329359849404786,8.326672684688674e-17
unconditional_vae,3,44,0,subject05,reduced,9,0.30185185185185187,0.5849058190167695,0.13855548762893055,0.0
unconditional_vae,3,44,0,subject13,original,11,0.1851010101010101,0.2301476329138712,0.03488015941846889,9.020562075079397e-17
unconditional_vae,3,44,0,subject13,reduced,9,0.17469135802469138,0.13274915665930287,0.024983477633025997,0.0
unconditional_vae,3,44,0,subject19,original,11,0.19242424242424241,0.23543356938488325,0.047924311906609174,7.632783294297951e-17
unconditional_vae,3,44,0,subject19,reduced,9,0.20555555555555557,0.21849638595253174,0.04872425946149539,0.0
unconditional_vae,3,44,0,subject24,original,11,0.20126262626262628,0.18295180004710065,0.028208343661637714,8.326672684688674e-17
unconditional_vae,3,44,0,subject24,reduced,9,0.1882716049382716,0.1370655409870798,0.025041247229591,0.0
unconditional_vae,3,44,0,subject27,original,11,0.2840909090909091,0.8329719041939967,0.1700052792080018,8.326672684688674e-17
unconditional_vae,3,44,0,subject27,reduced,9,0.30709876543209874,0.8682046865361221,0.1993215759555521,0.0
unconditional_vae,3,44,0,subject34,original,11,0.31590909090909086,0.7154912368983988,0.13714259464891776,8.326672684688674e-17
unconditional_vae,3,44,0,subject34,reduced,9,0.29660493827160495,0.5363101309314859,0.12000742198780323,0.0
unconditional_vae,3,44,0,subject35,original,11,0.20489781536293164,0.3800689084734943,0.06251889967568525,8.673617379884035e-17
unconditional_vae,3,44,0,subject35,reduced,9,0.22329888027562447,0.39086131374790334,0.07348028787598115,0.0
unconditional_vae,8,42,0,subject05,original,11,0.21035353535353532,0.32397343689647196,0.06913353170347036,6.938893903907228e-17
unconditional_vae,8,42,0,subject05,reduced,9,0.23024691358024688,0.36116045724018964,0.0909579698062506,0.0
unconditional_vae,8,42,0,subject13,original,11,0.20782828282828286,0.2288621713671386,0.03700490510169807,8.326672684688674e-17
unconditional_vae,8,42,0,subject13,reduced,9,0.20987654320987653,0.18153121109543413,0.039187914504648313,0.0
unconditional_vae,8,42,0,subject19,original,11,0.23358585858585854,0.2668987758946879,0.04973231509268594,5.551115123125783e-17
unconditional_vae,8,42,0,subject19,reduced,9,0.22777777777777775,0.26781102221183595,0.06674076332366885,0.0
unconditional_vae,8,42,0,subject24,original,11,0.14065656565656567,0.12026292000462169,0.014376961000088007,8.326672684688674e-17
unconditional_vae,8,42,0,subject24,reduced,9,0.1416666666666667,0.11574543452917796,0.0169863871654391,0.0
unconditional_vae,8,42,0,subject27,original,11,0.24393939393939396,0.4726487408032223,0.08876957743136393,8.326672684688674e-17
unconditional_vae,8,42,0,subject27,reduced,9,0.271604938271605,0.5227044178433591,0.11347488211264134,0.0
unconditional_vae,8,42,0,subject34,original,11,0.23434343434343435,0.379737824561559,0.06796061971437461,5.551115123125783e-17
unconditional_vae,8,42,0,subject34,reduced,9,0.20833333333333334,0.2321097114239996,0.04442733203943794,0.0
unconditional_vae,8,42,0,subject35,original,11,0.194661733615222,0.44844407434384204,0.07386849998922018,9.71445146547012e-17
unconditional_vae,8,42,0,subject35,reduced,9,0.2068690783807063,0.47583611427350636,0.08668517908313722,0.0
unconditional_vae,8,43,0,subject05,original,11,0.2212121212121212,0.28066517881413366,0.04981125905142636,6.245004513516506e-17
unconditional_vae,8,43,0,subject05,reduced,9,0.20586419753086418,0.22324992636327146,0.04692374960557477,0.0
unconditional_vae,8,43,0,subject13,original,11,0.19924242424242422,0.27815218504274686,0.04510844646370993,7.806255641895632e-17
unconditional_vae,8,43,0,subject13,reduced,9,0.1839506172839506,0.15258288259239228,0.030095358980357423,0.0
unconditional_vae,8,43,0,subject19,original,11,0.18762626262626264,0.23339579248648246,0.039916637885859085,8.326672684688674e-17
unconditional_vae,8,43,0,subject19,reduced,9,0.17901234567901236,0.14140152554113117,0.02539301991531584,0.0
unconditional_vae,8,43,0,subject24,original,11,0.1686868686868687,0.13136843310328583,0.011746218716193524,5.551115123125783e-17
unconditional_vae,8,43,0,subject24,reduced,9,0.16790123456790126,0.11401002115881864,0.012857481255598935,0.0
unconditional_vae,8,43,0,subject27,original,11,0.22954545454545452,0.49314897453153295,0.09605789852598612,8.847089727481716e-17
unconditional_vae,8,43,0,subject27,reduced,9,0.2561728395061728,0.5395689159982293,0.1209566926700717,0.0
unconditional_vae,8,43,0,subject34,original,11,0.20984848484848484,0.31990212982350696,0.059563162943721326,6.938893903907228e-17
unconditional_vae,8,43,0,subject34,reduced,9,0.19753086419753088,0.24647979543058351,0.05018733629016703,0.0
unconditional_vae,8,43,0,subject35,original,11,0.21839323467230445,0.4009240445457123,0.06982340207857629,9.71445146547012e-17
unconditional_vae,8,43,0,subject35,reduced,9,0.21714039621016365,0.3715187522711547,0.0733232601701993,0.0
unconditional_vae,8,44,0,subject05,original,11,0.2133838383838384,0.21550495307429696,0.03712897216992839,9.020562075079397e-17
unconditional_vae,8,44,0,subject05,reduced,9,0.21172839506172839,0.20970077696394185,0.04334450660722822,0.0
unconditional_vae,8,44,0,subject13,original,11,0.175,0.2022923815764477,0.0339567925905766,8.847089727481716e-17
unconditional_vae,8,44,0,subject13,reduced,9,0.16327160493827161,0.1218499835835205,0.02299314672254149,0.0
unconditional_vae,8,44,0,subject19,original,11,0.13813131313131313,0.08841990451047099,0.008160716398164958,9.71445146547012e-17
unconditional_vae,8,44,0,subject19,reduced,9,0.1435185185185185,0.08710233099626041,0.011700346883324109,0.0
unconditional_vae,8,44,0,subject24,original,11,0.14772727272727268,0.1316022866190032,0.011650533865964152,9.71445146547012e-17
unconditional_vae,8,44,0,subject24,reduced,9,0.13888888888888887,0.1067927670751323,0.011126979059669195,0.0
unconditional_vae,8,44,0,subject27,original,11,0.26010101010101006,0.5298906386694417,0.10274257750343618,8.326672684688674e-17
unconditional_vae,8,44,0,subject27,reduced,9,0.28271604938271605,0.5741120196365559,0.12736272149677574,0.0
unconditional_vae,8,44,0,subject34,original,11,0.23838383838383842,0.3252824717353593,0.056944440015440856,8.326672684688674e-17
unconditional_vae,8,44,0,subject34,reduced,9,0.22129629629629627,0.24232361585944862,0.04627477484261544,0.0
unconditional_vae,8,44,0,subject35,original,11,0.22137068357998588,0.4965881479937999,0.08368286879736586,6.938893903907228e-17
unconditional_vae,8,44,0,subject35,reduced,9,0.21950904392764856,0.474657190902779,0.09113722865897267,0.0
spline_pca,3,-1,1,subject08,original,11,0.5555555555555557,4.659246991509759,0.689194396596945,1.1102230246251565e-16
spline_pca,3,-1,1,subject08,reduced,9,0.5685185185185184,4.697334732999321,0.6827529634993144,0.0
spline_pca,3,-1,1,subject18,original,11,0.395959595959596,1.2965744581602698,0.25124039771525697,8.326672684688674e-17
spline_pca,3,-1,1,subject18,reduced,9,0.4274691358024691,1.335032281456051,0.28357578537252326,0.0
spline_pca,3,-1,1,subject23,original,11,0.2866161616161616,0.5409351508233335,0.11548595402937312,5.551115123125783e-17
spline_pca,3,-1,1,subject23,reduced,9,0.26049382716049385,0.30745742697297995,0.06682700398752184,0.0
spline_pca,3,-1,1,subject25,original,11,0.36287878787878786,1.050859164952818,0.1958268932146936,5.551115123125783e-17
spline_pca,3,-1,1,subject25,reduced,9,0.38858024691358023,1.0439417434848375,0.20685374827006509,0.0
spline_pca,3,-1,1,subject26,original,11,0.38282828282828285,1.532559046565634,0.2387521778422136,8.326672684688674e-17
spline_pca,3,-1,1,subject26,reduced,9,0.34413580246913583,1.2644478777373016,0.2214596182680988,0.0
spline_pca,3,-1,1,subject41,original,11,0.39329836829836834,1.7073258814630332,0.1978517498741854,5.551115123125783e-17
spline_pca,3,-1,1,subject41,reduced,9,0.37849002849002855,1.5495648852789645,0.18031417637912317,0.0
spline_pca,3,-1,1,subject43,original,11,0.30681818181818177,0.5276439457200941,0.11652505204700159,8.326672684688674e-17
spline_pca,3,-1,1,subject43,reduced,9,0.31080246913580245,0.4535466574252287,0.11268549316713639,0.0
spline_pca,8,-1,1,subject08,original,11,0.4459595959595959,2.702910502061363,0.3982248658403581,9.71445146547012e-17
spline_pca,8,-1,1,subject08,reduced,9,0.43672839506172845,2.6713469115528015,0.40371595979185054,0.0
spline_pca,8,-1,1,subject18,original,11,0.2505050505050505,0.6055816821500457,0.10406863746335404,5.551115123125783e-17
spline_pca,8,-1,1,subject18,reduced,9,0.28302469135802466,0.6353715480304549,0.13347343297612269,0.0
spline_pca,8,-1,1,subject23,original,11,0.22828282828282828,0.717525998681225,0.06720904615025924,8.326672684688674e-17
spline_pca,8,-1,1,subject23,reduced,9,0.2296296296296296,0.536741364875029,0.07590750391637902,0.0
spline_pca,8,-1,1,subject25,original,11,0.22954545454545458,0.4148019158517622,0.061508310157640356,8.326672684688674e-17
spline_pca,8,-1,1,subject25,reduced,9,0.23734567901234568,0.4275137656802035,0.06988631714735938,0.0
spline_pca,8,-1,1,subject26,original,11,0.3083333333333333,1.1899523535341903,0.1439004766678451,2.220446049250313e-16
spline_pca,8,-1,1,subject26,reduced,9,0.29845679012345677,1.047375724722278,0.1578469405026235,0.0
spline_pca,8,-1,1,subject41,original,11,0.3195221445221445,1.1815837454907943,0.08161854812939584,2.220446049250313e-16
spline_pca,8,-1,1,subject41,reduced,9,0.32792022792022796,1.1904098474350397,0.10261572059603585,0.0
spline_pca,8,-1,1,subject43,original,11,0.23282828282828286,0.6075734441469454,0.09071777252369784,8.326672684688674e-17
spline_pca,8,-1,1,subject43,reduced,9,0.24074074074074078,0.49545220411475466,0.10805922038275917,0.0
conditional_ae,3,42,1,subject08,original,11,0.5128787878787878,3.2900505165935305,0.5875898349313196,1.1102230246251565e-16
conditional_ae,3,42,1,subject08,reduced,9,0.5058641975308642,3.1505027934129095,0.6032934504461311,0.0
conditional_ae,3,42,1,subject18,original,11,0.3540404040404041,1.1914279982903708,0.21588558460685736,8.847089727481716e-17
conditional_ae,3,42,1,subject18,reduced,9,0.3873456790123456,1.25337020111753,0.24836281940053462,0.0
conditional_ae,3,42,1,subject23,original,11,0.2570707070707071,0.38463068096186026,0.06107729676752727,6.938893903907228e-17
conditional_ae,3,42,1,subject23,reduced,9,0.23672839506172838,0.26517340477377394,0.05581939502972855,0.0
conditional_ae,3,42,1,subject25,original,11,0.3525252525252525,0.8354249177935311,0.15383938921179818,8.326672684688674e-17
conditional_ae,3,42,1,subject25,reduced,9,0.3827160493827161,0.8250705488119463,0.1612670583972402,0.0
conditional_ae,3,42,1,subject26,original,11,0.3929292929292929,1.627448220261579,0.24293747725298376,8.326672684688674e-17
conditional_ae,3,42,1,subject26,reduced,9,0.34413580246913583,1.2529343970645272,0.2064068038696436,0.0
conditional_ae,3,42,1,subject41,original,11,0.40437062937062934,1.501759344797906,0.13593191311957586,5.551115123125783e-17
conditional_ae,3,42,1,subject41,reduced,9,0.3871794871794872,1.4099145589644717,0.1282792098513741,0.0
conditional_ae,3,42,1,subject43,original,11,0.2136363636363636,0.3111702703811847,0.05053956706173113,8.326672684688674e-17
conditional_ae,3,42,1,subject43,reduced,9,0.19660493827160497,0.22121149103613513,0.049586208791628894,0.0
conditional_ae,3,43,1,subject08,original,11,0.45277777777777783,2.5130994189705596,0.4392185490034507,4.440892098500626e-16
conditional_ae,3,43,1,subject08,reduced,9,0.4395061728395062,2.3448578200753247,0.44960181601154725,0.0
conditional_ae,3,43,1,subject18,original,11,0.37247474747474746,1.3403255245479948,0.2356901229713565,8.326672684688674e-17
conditional_ae,3,43,1,subject18,reduced,9,0.4074074074074074,1.4183205993973904,0.271025289367285,0.0
conditional_ae,3,43,1,subject23,original,11,0.2962121212121212,0.8349692740806596,0.13419691317875349,8.326672684688674e-17
conditional_ae,3,43,1,subject23,reduced,9,0.25277777777777777,0.41450540881788056,0.08984989027753032,0.0
conditional_ae,3,43,1,subject25,original,11,0.3424242424242424,1.0875109140321881,0.1934315267250064,2.220446049250313e-16
conditional_ae,3,43,1,subject25,reduced,9,0.38148148148148153,1.1025040732661906,0.20685673368757151,0.0
conditional_ae,3,43,1,subject26,original,11,0.36666666666666675,1.339897231123683,0.20528165731768744,8.326672684688674e-17
conditional_ae,3,43,1,subject26,reduced,9,0.3432098765432099,1.1903822234307189,0.195289405651629,0.0
conditional_ae,3,43,1,subject41,original,11,0.3814102564102564,1.433715109475961,0.12599230228605962,5.551115123125783e-17
conditional_ae,3,43,1,subject41,reduced,9,0.3674501424501424,1.2745008652480756,0.10406083372176556,0.0
conditional_ae,3,43,1,subject43,original,11,0.22525252525252526,0.41879574769009675,0.07564766851584548,8.326672684688674e-17
conditional_ae,3,43,1,subject43,reduced,9,0.21666666666666667,0.3963674289249264,0.08666879227666413,0.0
conditional_ae,3,44,1,subject08,original,11,0.5075757575757577,2.8507790800567276,0.5244504501816684,4.440892098500626e-16
conditional_ae,3,44,1,subject08,reduced,9,0.5243827160493827,2.8490531353886266,0.5458512638409168,0.0
conditional_ae,3,44,1,subject18,original,11,0.3876262626262626,1.3589065438698875,0.2372556496582089,7.806255641895632e-17
conditional_ae,3,44,1,subject18,reduced,9,0.41820987654320985,1.436219956164979,0.27302966351624514,0.0
conditional_ae,3,44,1,subject23,original,11,0.27702020202020206,0.4517676787447851,0.07273480221433726,8.326672684688674e-17
conditional_ae,3,44,1,subject23,reduced,9,0.24660493827160496,0.25748596393376433,0.05421959541787946,0.0
conditional_ae,3,44,1,subject25,original,11,0.3585858585858586,1.1664585134083723,0.2030140483806686,2.220446049250313e-16
conditional_ae,3,44,1,subject25,reduced,9,0.379320987654321,1.1724586190958277,0.21186431623901025,0.0
conditional_ae,3,44,1,subject26,original,11,0.3707070707070707,1.4344831322874385,0.20999024021058732,2.220446049250313e-16
conditional_ae,3,44,1,subject26,reduced,9,0.32006172839506175,1.1077506537186625,0.1745269249751814,0.0
conditional_ae,3,44,1,subject41,original,11,0.38682983682983685,1.5069683671904333,0.14063057871774076,5.551115123125783e-17
conditional_ae,3,44,1,subject41,reduced,9,0.36759259259259264,1.3743053985752067,0.12479836584911985,0.0
conditional_ae,3,44,1,subject43,original,11,0.22146464646464648,0.3161615280461243,0.05805630560402153,8.326672684688674e-17
conditional_ae,3,44,1,subject43,reduced,9,0.23055555555555557,0.3312081861271796,0.07224837612601342,0.0
conditional_ae,8,42,1,subject08,original,11,0.3037878787878788,0.980516599715556,0.17214868990265852,5.551115123125783e-17
conditional_ae,8,42,1,subject08,reduced,9,0.32499999999999996,1.0339960641733397,0.19467798892974097,0.0
conditional_ae,8,42,1,subject18,original,11,0.2078282828282828,0.4332242465462466,0.07413670657905413,5.551115123125783e-17
conditional_ae,8,42,1,subject18,reduced,9,0.21666666666666667,0.45095769704005706,0.09215591744868679,0.0
conditional_ae,8,42,1,subject23,original,11,0.19141414141414143,0.2578915169140883,0.05570883080728817,8.326672684688674e-17
conditional_ae,8,42,1,subject23,reduced,9,0.20864197530864198,0.26316461514550094,0.06742930484607601,0.0
conditional_ae,8,42,1,subject25,original,11,0.2133838383838384,0.5000218017243725,0.0771490996888573,9.71445146547012e-17
conditional_ae,8,42,1,subject25,reduced,9,0.2296296296296296,0.5226385224728238,0.08846021519149283,0.0
conditional_ae,8,42,1,subject26,original,11,0.20479797979797978,0.4754101964380717,0.05680718776821969,9.020562075079397e-17
conditional_ae,8,42,1,subject26,reduced,9,0.21666666666666667,0.4908055968159495,0.06894696716901039,0.0
conditional_ae,8,42,1,subject41,original,11,0.3057109557109557,0.9785543029637127,0.04567478076595588,1.1102230246251565e-16
conditional_ae,8,42,1,subject41,reduced,9,0.33447293447293447,1.007906893509054,0.060492495731343965,0.0
conditional_ae,8,42,1,subject43,original,11,0.2244949494949495,0.3269073836336984,0.06576332932015683,5.551115123125783e-17
conditional_ae,8,42,1,subject43,reduced,9,0.2123456790123457,0.2917673103373928,0.0763475277071497,0.0
conditional_ae,8,43,1,subject08,original,11,0.3762626262626263,1.2356221395688602,0.19293830791016608,8.326672684688674e-17
conditional_ae,8,43,1,subject08,reduced,9,0.34413580246913583,1.0999812142164505,0.18188577925995653,0.0
conditional_ae,8,43,1,subject18,original,11,0.25707070707070706,0.7492331601132283,0.13728248656001163,8.326672684688674e-17
conditional_ae,8,43,1,subject18,reduced,9,0.26481481481481484,0.7440650538135469,0.15906142167713844,0.0
conditional_ae,8,43,1,subject23,original,11,0.20707070707070707,0.3486027602060999,0.06791989557071887,8.326672684688674e-17
conditional_ae,8,43,1,subject23,reduced,9,0.2138888888888889,0.32199637311556195,0.07419326613567667,0.0
conditional_ae,8,43,1,subject25,original,11,0.2366161616161616,0.3287098634946255,0.052931611742335516,8.326672684688674e-17
conditional_ae,8,43,1,subject25,reduced,9,0.24475308641975305,0.33892772283806494,0.06128907155065677,0.0
conditional_ae,8,43,1,subject26,original,11,0.24090909090909085,0.6559448672601054,0.08067617001786764,7.632783294297951e-17
conditional_ae,8,43,1,subject26,reduced,9,0.23240740740740742,0.5963079135380962,0.08344500678184608,0.0
conditional_ae,8,43,1,subject41,original,11,0.3284965034965035,1.0087216537332124,0.051176375164504906,5.551115123125783e-17
conditional_ae,8,43,1,subject41,reduced,9,0.34722222222222215,1.0459670052710237,0.06756000640521997,0.0
conditional_ae,8,43,1,subject43,original,11,0.22121212121212122,0.4142042926062044,0.06936929210130927,6.938893903907228e-17
conditional_ae,8,43,1,subject43,reduced,9,0.21080246913580247,0.33225368179224635,0.07637163771974653,0.0
conditional_ae,8,44,1,subject08,original,11,0.3795454545454545,1.6133206359710304,0.2896266328418857,8.847089727481716e-17
conditional_ae,8,44,1,subject08,reduced,9,0.37160493827160496,1.6194729908468486,0.3141477158192275,0.0
conditional_ae,8,44,1,subject18,original,11,0.2255050505050505,0.5042524766871717,0.0921800611316057,8.326672684688674e-17
conditional_ae,8,44,1,subject18,reduced,9,0.23240740740740742,0.4850869366328485,0.10433266097003668,0.0
conditional_ae,8,44,1,subject23,original,11,0.2295454545454545,0.5114175305617481,0.1037533381923933,5.551115123125783e-17
conditional_ae,8,44,1,subject23,reduced,9,0.24845679012345676,0.5247286679376364,0.12502989670914488,0.0
conditional_ae,8,44,1,subject25,original,11,0.24393939393939396,0.46287692907343914,0.07029631080930698,8.326672684688674e-17
conditional_ae,8,44,1,subject25,reduced,9,0.26481481481481484,0.49333825913142393,0.08221079378818386,0.0
conditional_ae,8,44,1,subject26,original,11,0.25202020202020203,0.5582765831599716,0.07537355077807273,8.326672684688674e-17
conditional_ae,8,44,1,subject26,reduced,9,0.2540123456790124,0.5563273848562447,0.08631524454562345,0.0
conditional_ae,8,44,1,subject41,original,11,0.31736596736596734,1.1492105859405903,0.07648080361677956,8.326672684688674e-17
conditional_ae,8,44,1,subject41,reduced,9,0.3453703703703703,1.1892735381806014,0.09491833544500228,0.0
conditional_ae,8,44,1,subject43,original,11,0.2154040404040404,0.42217847460492397,0.08023685948117565,8.326672684688674e-17
conditional_ae,8,44,1,subject43,reduced,9,0.21172839506172839,0.3861067952082209,0.09858657623238898,0.0
cvae,3,42,1,subject08,original,11,0.4848484848484849,2.858002874850647,0.5140259673250326,7.806255641895632e-17
cvae,3,42,1,subject08,reduced,9,0.5089506172839505,2.8588713090921285,0.5335444084797958,0.0
cvae,3,42,1,subject18,original,11,0.35353535353535354,1.3311394636841718,0.2441066585792433,5.551115123125783e-17
cvae,3,42,1,subject18,reduced,9,0.38302469135802464,1.3868400699027958,0.2754875656571377,0.0
cvae,3,42,1,subject23,original,11,0.2633838383838384,0.40721198870736286,0.06651786825877615,5.551115123125783e-17
cvae,3,42,1,subject23,reduced,9,0.23765432098765432,0.22398275462270378,0.045088358893562774,0.0
cvae,3,42,1,subject25,original,11,0.34065656565656566,0.8846997753513319,0.16607984680820298,8.326672684688674e-17
cvae,3,42,1,subject25,reduced,9,0.37037037037037035,0.8782675825536259,0.17589426982064127,0.0
cvae,3,42,1,subject26,original,11,0.3888888888888889,1.577302226723611,0.24761209930491457,8.326672684688674e-17
cvae,3,42,1,subject26,reduced,9,0.346604938271605,1.2634896762599426,0.2182878538033728,0.0
cvae,3,42,1,subject41,original,11,0.4081585081585082,1.6793342862422884,0.1792213881254845,5.551115123125783e-17
cvae,3,42,1,subject41,reduced,9,0.38625356125356125,1.5075585730929761,0.15610878374611414,0.0
cvae,3,42,1,subject43,original,11,0.2255050505050505,0.34310294677759945,0.06254655538267839,9.71445146547012e-17
cvae,3,42,1,subject43,reduced,9,0.21790123456790123,0.3124775767512178,0.06454552201857178,0.0
cvae,3,43,1,subject08,original,11,0.43737373737373736,2.393556569429508,0.4129194107783021,6.938893903907228e-17
cvae,3,43,1,subject08,reduced,9,0.4444444444444444,2.326510458947283,0.4175578213234231,0.0
cvae,3,43,1,subject18,original,11,0.34469696969696967,1.1969810506630956,0.21209069284973947,8.326672684688674e-17
cvae,3,43,1,subject18,reduced,9,0.374074074074074,1.2681890157800018,0.24638815493140254,0.0
cvae,3,43,1,subject23,original,11,0.24040404040404043,0.314438667107503,0.04837306064286662,8.326672684688674e-17
cvae,3,43,1,subject23,reduced,9,0.2228395061728395,0.2015062179763305,0.037699857504897016,0.0
cvae,3,43,1,subject25,original,11,0.3242424242424242,1.061322911877972,0.18698054441672307,8.326672684688674e-17
cvae,3,43,1,subject25,reduced,9,0.35524691358024696,1.0698969986508113,0.19631495160459878,0.0
cvae,3,43,1,subject26,original,11,0.369949494949495,1.4280004836639413,0.21522526809806275,7.632783294297951e-17
cvae,3,43,1,subject26,reduced,9,0.329320987654321,1.1042886850033988,0.17927870801184775,0.0
cvae,3,43,1,subject41,original,11,0.3191724941724941,1.3175222195839802,0.10340501858321327,6.938893903907228e-17
cvae,3,43,1,subject41,reduced,9,0.3230769230769231,1.2579159358854817,0.10038080860600229,0.0
cvae,3,43,1,subject43,original,11,0.1967171717171717,0.25171377658518823,0.04072194732211398,8.326672684688674e-17
cvae,3,43,1,subject43,reduced,9,0.20092592592592592,0.25575426865760376,0.0493278429278482,0.0
cvae,3,44,1,subject08,original,11,0.5328282828282828,3.02676580662016,0.5639226017390891,9.020562075079397e-17
cvae,3,44,1,subject08,reduced,9,0.5132716049382716,2.8480534930685675,0.5593061423070143,0.0
cvae,3,44,1,subject18,original,11,0.347979797979798,1.2178751835509214,0.21829213039194073,5.551115123125783e-17
cvae,3,44,1,subject18,reduced,9,0.3774691358024691,1.2830645408477563,0.2510730897775181,0.0
cvae,3,44,1,subject23,original,11,0.25404040404040407,0.41823950596380355,0.06481794503746141,8.326672684688674e-17
cvae,3,44,1,subject23,reduced,9,0.2299382716049383,0.2139712808240808,0.042542548419195025,0.0
cvae,3,44,1,subject25,original,11,0.31717171717171716,0.8168918218439019,0.14194174399536286,5.551115123125783e-17
cvae,3,44,1,subject25,reduced,9,0.3558641975308642,0.8246674562896397,0.1514168382656571,0.0
cvae,3,44,1,subject26,original,11,0.3623737373737374,1.3796933338084076,0.21020999220182746,5.551115123125783e-17
cvae,3,44,1,subject26,reduced,9,0.3253086419753086,1.0669255439985372,0.17628415624101945,0.0
cvae,3,44,1,subject41,original,11,0.36299533799533795,1.4422138397300772,0.13035067211845242,5.551115123125783e-17
cvae,3,44,1,subject41,reduced,9,0.34309116809116813,1.2826229479978961,0.1077939830180269,0.0
cvae,3,44,1,subject43,original,11,0.20303030303030303,0.2584837465566938,0.04255872503216962,8.326672684688674e-17
cvae,3,44,1,subject43,reduced,9,0.19691358024691358,0.2512385986069412,0.04836390837195814,0.0
cvae,8,42,1,subject08,original,11,0.347979797979798,1.3749342650877283,0.24099504502477764,5.551115123125783e-17
cvae,8,42,1,subject08,reduced,9,0.3682098765432099,1.4140819480902618,0.2620487065783329,0.0
cvae,8,42,1,subject18,original,11,0.26742424242424245,0.6757471965259207,0.11651701218117527,8.326672684688674e-17
cvae,8,42,1,subject18,reduced,9,0.2830246913580246,0.6958966341011101,0.13313180002871683,0.0
cvae,8,42,1,subject23,original,11,0.1691919191919192,0.1588149130015566,0.021089954499144525,8.326672684688674e-17
cvae,8,42,1,subject23,reduced,9,0.18518518518518523,0.15662143824603003,0.02580826750762999,0.0
cvae,8,42,1,subject25,original,11,0.26590909090909093,0.4383517306551554,0.06363919449757183,5.551115123125783e-17
cvae,8,42,1,subject25,reduced,9,0.2685185185185185,0.4563075944055388,0.07218636344017992,0.0
cvae,8,42,1,subject26,original,11,0.2959595959595959,0.9994013172263512,0.13971464575889314,7.632783294297951e-17
cvae,8,42,1,subject26,reduced,9,0.2771604938271605,0.8312226218863543,0.12769309373473336,0.0
cvae,8,42,1,subject41,original,11,0.33362470862470867,1.1475752674376474,0.07097102454363491,5.551115123125783e-17
cvae,8,42,1,subject41,reduced,9,0.35163817663817665,1.1827979402988982,0.08785355428213737,0.0
cvae,8,42,1,subject43,original,11,0.16085858585858584,0.15827256553061808,0.0209175003255192,8.326672684688674e-17
cvae,8,42,1,subject43,reduced,9,0.15679012345679014,0.15484928272108656,0.026311358454859102,0.0
cvae,8,43,1,subject08,original,11,0.34494949494949495,1.5551350380432587,0.2764587846055183,9.71445146547012e-17
cvae,8,43,1,subject08,reduced,9,0.38364197530864197,1.6379796980335026,0.3075629312518821,0.0
cvae,8,43,1,subject18,original,11,0.26515151515151514,0.6118714536062133,0.10325606048849012,8.326672684688674e-17
cvae,8,43,1,subject18,reduced,9,0.27746913580246907,0.6508520662075008,0.12536090315112702,0.0
cvae,8,43,1,subject23,original,11,0.17121212121212118,0.101297765045679,0.010829933839351602,5.551115123125783e-17
cvae,8,43,1,subject23,reduced,9,0.18796296296296294,0.10212429171826054,0.014546187000545885,0.0
cvae,8,43,1,subject25,original,11,0.26085858585858585,0.49941807377672287,0.07348340770862727,6.938893903907228e-17
cvae,8,43,1,subject25,reduced,9,0.287037037037037,0.5415652368835504,0.08923181165089833,0.0
cvae,8,43,1,subject26,original,11,0.2628787878787879,0.8570017529925247,0.12209221604385978,8.326672684688674e-17
cvae,8,43,1,subject26,reduced,9,0.2558641975308642,0.7872460703783206,0.12327664820272277,0.0
cvae,8,43,1,subject41,original,11,0.30996503496503497,1.1659228743923244,0.07117733453200226,5.551115123125783e-17
cvae,8,43,1,subject41,reduced,9,0.331980056980057,1.232116552051537,0.09799433450324146,0.0
cvae,8,43,1,subject43,original,11,0.14696969696969694,0.12055805530609787,0.009410932529987592,9.194034422677078e-17
cvae,8,43,1,subject43,reduced,9,0.14074074074074072,0.0911468054430351,0.008774428843885573,0.0
cvae,8,44,1,subject08,original,11,0.3752525252525253,1.8248109494229143,0.3241132693198726,8.847089727481716e-17
cvae,8,44,1,subject08,reduced,9,0.3867283950617284,1.898186751854928,0.3566842100924812,0.0
cvae,8,44,1,subject18,original,11,0.268939393939394,0.594641040860413,0.10183607188598232,8.326672684688674e-17
cvae,8,44,1,subject18,reduced,9,0.279320987654321,0.581826406509582,0.11291248691613198,0.0
cvae,8,44,1,subject23,original,11,0.1717171717171717,0.21903606476723647,0.03565292126416675,8.326672684688674e-17
cvae,8,44,1,subject23,reduced,9,0.1962962962962963,0.23279065033252078,0.046106556485819294,0.0
cvae,8,44,1,subject25,original,11,0.23383838383838382,0.4125277815576638,0.05924839900247347,8.326672684688674e-17
cvae,8,44,1,subject25,reduced,9,0.25771604938271603,0.43582074616436906,0.06759238815443713,0.0
cvae,8,44,1,subject26,original,11,0.2669191919191919,0.7946042137063367,0.10982185376941345,8.326672684688674e-17
cvae,8,44,1,subject26,reduced,9,0.2617283950617284,0.7235699462609757,0.11070428294599388,0.0
cvae,8,44,1,subject41,original,11,0.30320512820512824,1.0051409765948587,0.04202976157253557,2.220446049250313e-16
cvae,8,44,1,subject41,reduced,9,0.3254273504273504,1.037434611482973,0.05703567320744074,0.0
cvae,8,44,1,subject43,original,11,0.17398989898989897,0.1759657127335026,0.02357281583188353,8.326672684688674e-17
cvae,8,44,1,subject43,reduced,9,0.17098765432098767,0.16161611845598634,0.027468974883656516,0.0
unconditional_vae,3,42,1,subject08,original,11,0.48005050505050506,2.834031404257007,0.511688029171865,5.551115123125783e-17
unconditional_vae,3,42,1,subject08,reduced,9,0.4632716049382716,2.6986734967485035,0.5263454942349969,0.0
unconditional_vae,3,42,1,subject18,original,11,0.33434343434343433,1.1141363990186441,0.20125633961011236,2.220446049250313e-16
unconditional_vae,3,42,1,subject18,reduced,9,0.3632716049382716,1.16646243941286,0.2300075937394942,0.0
unconditional_vae,3,42,1,subject23,original,11,0.24898989898989898,0.3485306656564746,0.05470050279431227,6.938893903907228e-17
unconditional_vae,3,42,1,subject23,reduced,9,0.23796296296296296,0.22047924558147214,0.04321912903405534,0.0
unconditional_vae,3,42,1,subject25,original,11,0.373989898989899,0.8654497217122157,0.16537912842592928,8.326672684688674e-17
unconditional_vae,3,42,1,subject25,reduced,9,0.37962962962962965,0.8486971048013654,0.17287067796143718,0.0
unconditional_vae,3,42,1,subject26,original,11,0.40328282828282835,1.7041129406687827,0.2661318444046754,8.326672684688674e-17
unconditional_vae,3,42,1,subject26,reduced,9,0.3469135802469136,1.24746554740114,0.2190641464536075,0.0
unconditional_vae,3,42,1,subject41,original,11,0.3662004662004662,1.5709384981876648,0.15817884372584,5.551115123125783e-17
unconditional_vae,3,42,1,subject41,reduced,9,0.3655270655270655,1.4599261031213544,0.1468947455979257,0.0
unconditional_vae,3,42,1,subject43,original,11,0.21136363636363634,0.23281728496798149,0.035316949239483586,8.326672684688674e-17
unconditional_vae,3,42,1,subject43,reduced,9,0.20339506172839505,0.21204064110174015,0.03892931067131866,0.0
unconditional_vae,3,43,1,subject08,original,11,0.48207070707070704,2.9388091769416596,0.518719214093996,4.440892098500626e-16
unconditional_vae,3,43,1,subject08,reduced,9,0.5009259259259259,2.9035615683445273,0.5322411782483703,0.0
unconditional_vae,3,43,1,subject18,original,11,0.3580808080808081,1.1195221630844432,0.19528217037978435,7.806255641895632e-17
unconditional_vae,3,43,1,subject18,reduced,9,0.3774691358024691,1.1775530927097129,0.22482445599585377,0.0
unconditional_vae,3,43,1,subject23,original,11,0.2535353535353535,0.3795192929528324,0.05752875657303502,5.551115123125783e-17
unconditional_vae,3,43,1,subject23,reduced,9,0.23364197530864195,0.2209284084400629,0.0437768288342647,0.0
unconditional_vae,3,43,1,subject25,original,11,0.3547979797979798,1.044551783627187,0.18157946906256006,8.326672684688674e-17
unconditional_vae,3,43,1,subject25,reduced,9,0.37530864197530867,1.0468611703098003,0.1893190056932983,0.0
unconditional_vae,3,43,1,subject26,original,11,0.3972222222222222,1.5572016008615854,0.23604465314543965,5.551115123125783e-17
unconditional_vae,3,43,1,subject26,reduced,9,0.3429012345679012,1.1966677512108923,0.19668486267775243,0.0
unconditional_vae,3,43,1,subject41,original,11,0.3616550116550117,1.3897522664423554,0.12397763421324437,6.938893903907228e-17
unconditional_vae,3,43,1,subject41,reduced,9,0.34074074074074073,1.2372296250589958,0.10196902073300218,0.0
unconditional_vae,3,43,1,subject43,original,11,0.20202020202020202,0.2415930726755442,0.039322567512310225,5.551115123125783e-17
unconditional_vae,3,43,1,subject43,reduced,9,0.2021604938271605,0.24460067886418635,0.04807954364708211,0.0
unconditional_vae,3,44,1,subject08,original,11,0.47247474747474755,2.496076245833003,0.45998185551934,5.551115123125783e-17
unconditional_vae,3,44,1,subject08,reduced,9,0.5021604938271605,2.5071649350129412,0.4866223651745292,0.0
unconditional_vae,3,44,1,subject18,original,11,0.37702020202020203,1.3797587879634166,0.2502322585583322,8.326672684688674e-17
unconditional_vae,3,44,1,subject18,reduced,9,0.4114197530864197,1.4560479828521085,0.2887818558205951,0.0
unconditional_vae,3,44,1,subject23,original,11,0.2555555555555556,0.3462124102955677,0.05270612119234119,9.020562075079397e-17
unconditional_vae,3,44,1,subject23,reduced,9,0.23796296296296296,0.20122408640113276,0.03640799994702626,0.0
unconditional_vae,3,44,1,subject25,original,11,0.34570707070707063,0.7584590842351595,0.13306842332705615,8.326672684688674e-17
unconditional_vae,3,44,1,subject25,reduced,9,0.3580246913580247,0.7516775089042897,0.13965842429758912,0.0
unconditional_vae,3,44,1,subject26,original,11,0.4065656565656565,1.6130263004419172,0.24120605699003417,8.326672684688674e-17
unconditional_vae,3,44,1,subject26,reduced,9,0.3617283950617284,1.2494940702604236,0.20946685184835723,0.0
unconditional_vae,3,44,1,subject41,original,11,0.36888111888111885,1.4834006840758138,0.134729797782717,6.938893903907228e-17
unconditional_vae,3,44,1,subject41,reduced,9,0.36047008547008547,1.3838957319861436,0.12276030118657166,0.0
unconditional_vae,3,44,1,subject43,original,11,0.2578282828282828,0.42192747940344244,0.07887087311441665,8.326672684688674e-17
unconditional_vae,3,44,1,subject43,reduced,9,0.2604938271604938,0.4187157747465782,0.08940552914747868,0.0
unconditional_vae,8,42,1,subject08,original,11,0.3792929292929293,1.6689049345453317,0.2795246758313503,2.220446049250313e-16
unconditional_vae,8,42,1,subject08,reduced,9,0.379320987654321,1.6258515937146472,0.29401517983228254,0.0
unconditional_vae,8,42,1,subject18,original,11,0.2618686868686869,0.6865701825192394,0.11996945208398457,8.847089727481716e-17
unconditional_vae,8,42,1,subject18,reduced,9,0.2780864197530864,0.7079901900218846,0.13782225021776762,0.0
unconditional_vae,8,42,1,subject23,original,11,0.16414141414141414,0.1570654632323869,0.025431759847058477,7.632783294297951e-17
unconditional_vae,8,42,1,subject23,reduced,9,0.1867283950617284,0.1540878353036934,0.02906326141343929,0.0
unconditional_vae,8,42,1,subject25,original,11,0.22904040404040404,0.33519202489633715,0.05038932658996986,8.326672684688674e-17
unconditional_vae,8,42,1,subject25,reduced,9,0.24969135802469136,0.35811739298802747,0.06124332760685902,0.0
unconditional_vae,8,42,1,subject26,original,11,0.2818181818181818,0.8986279961180812,0.12666728074501887,8.326672684688674e-17
unconditional_vae,8,42,1,subject26,reduced,9,0.2725308641975308,0.8294517997149105,0.1295367312481177,0.0
unconditional_vae,8,42,1,subject41,original,11,0.30419580419580416,1.051459581843535,0.050417618928606744,8.326672684688674e-17
unconditional_vae,8,42,1,subject41,reduced,9,0.32877492877492875,1.0787517950797172,0.06331416892699282,0.0
unconditional_vae,8,42,1,subject43,original,11,0.16565656565656564,0.15570496994574778,0.019868450615571298,9.71445146547012e-17
unconditional_vae,8,42,1,subject43,reduced,9,0.15030864197530863,0.10231834418788077,0.012366905893954616,0.0
unconditional_vae,8,43,1,subject08,original,11,0.36035353535353537,1.5188361917447426,0.26921901456506203,5.551115123125783e-17
unconditional_vae,8,43,1,subject08,reduced,9,0.35833333333333334,1.5220913231738686,0.2866701757189808,0.0
unconditional_vae,8,43,1,subject18,original,11,0.24393939393939393,0.5040328423193898,0.08512628377067277,8.326672684688674e-17
unconditional_vae,8,43,1,subject18,reduced,9,0.25339506172839504,0.4882130230973223,0.0947043735815899,0.0
unconditional_vae,8,43,1,subject23,original,11,0.20050505050505052,0.15533090762797963,0.023091217819878995,9.367506770274758e-17
unconditional_vae,8,43,1,subject23,reduced,9,0.21790123456790123,0.1528492963442507,0.02899311414418526,0.0
unconditional_vae,8,43,1,subject25,original,11,0.25833333333333336,0.4136591070258282,0.06163980878611619,9.020562075079397e-17
unconditional_vae,8,43,1,subject25,reduced,9,0.2657407407407408,0.4284163104518752,0.07097037020796026,0.0
unconditional_vae,8,43,1,subject26,original,11,0.27474747474747474,0.9052753452945193,0.12665353210634012,8.326672684688674e-17
unconditional_vae,8,43,1,subject26,reduced,9,0.2638888888888889,0.8138040864155784,0.1262049348461357,0.0
unconditional_vae,8,43,1,subject41,original,11,0.3173659673659674,1.1294426778266105,0.06707848854651888,8.326672684688674e-17
unconditional_vae,8,43,1,subject41,reduced,9,0.33796296296296297,1.1719972368323246,0.08605450942124826,0.0
unconditional_vae,8,43,1,subject43,original,11,0.12121212121212123,0.09105025080825158,0.006166151178042867,8.326672684688674e-17
unconditional_vae,8,43,1,subject43,reduced,9,0.12283950617283951,0.09284474796105435,0.011332327115952556,0.0
unconditional_vae,8,44,1,subject08,original,11,0.3611111111111111,1.35457564895193,0.23660107250822426,8.326672684688674e-17
unconditional_vae,8,44,1,subject08,reduced,9,0.35185185185185186,1.337444295956312,0.25362145721933305,0.0
unconditional_vae,8,44,1,subject18,original,11,0.25328282828282833,0.6637585185360741,0.11517268745735632,8.326672684688674e-17
unconditional_vae,8,44,1,subject18,reduced,9,0.26358024691358023,0.6440323812261131,0.12612564985601682,0.0
unconditional_vae,8,44,1,subject23,original,11,0.1808080808080808,0.1696075433583797,0.024894998760091602,8.326672684688674e-17
unconditional_vae,8,44,1,subject23,reduced,9,0.1888888888888889,0.16679510826689992,0.028770358553501074,0.0
unconditional_vae,8,44,1,subject25,original,11,0.22196969696969696,0.3019568278910456,0.040230944624836895,9.71445146547012e-17
unconditional_vae,8,44,1,subject25,reduced,9,0.23703703703703705,0.3227105642771666,0.04930973888002255,0.0
unconditional_vae,8,44,1,subject26,original,11,0.2724747474747475,0.737664987918405,0.09554530606869949,8.326672684688674e-17
unconditional_vae,8,44,1,subject26,reduced,9,0.2592592592592593,0.6471669138538565,0.09530418754301773,0.0
unconditional_vae,8,44,1,subject41,original,11,0.33455710955710954,1.0677172462725433,0.05029609591870943,5.551115123125783e-17
unconditional_vae,8,44,1,subject41,reduced,9,0.34444444444444444,1.1066340587625367,0.06682906537119948,0.0
unconditional_vae,8,44,1,subject43,original,11,0.20075757575757572,0.24848494048094683,0.03688982565438437,8.326672684688674e-17
unconditional_vae,8,44,1,subject43,reduced,9,0.1888888888888889,0.18434695340825558,0.03407490636760491,0.0
spline_pca,3,-1,2,subject01,original,11,0.3303030303030303,0.7517088523903745,0.1537801931193986,5.551115123125783e-17
spline_pca,3,-1,2,subject01,reduced,9,0.2861111111111111,0.3991066262323786,0.08311272953867843,0.0
spline_pca,3,-1,2,subject04,original,11,0.2785353535353535,0.47604100237920743,0.11145841339425677,8.326672684688674e-17
spline_pca,3,-1,2,subject04,reduced,9,0.2660493827160494,0.3119146255023155,0.07059862271425654,0.0
spline_pca,3,-1,2,subject10,original,11,0.303030303030303,0.5888774277594075,0.13594973710338953,8.847089727481716e-17
spline_pca,3,-1,2,subject10,reduced,9,0.2824074074074074,0.3764752929731272,0.09368407567312897,0.0
spline_pca,3,-1,2,subject12,original,11,0.3247474747474748,0.7574790743881055,0.15527469838456265,5.551115123125783e-17
spline_pca,3,-1,2,subject12,reduced,9,0.345679012345679,0.7400249155196068,0.17163440621968096,0.0
spline_pca,3,-1,2,subject15,original,11,0.28419305413687435,0.5153607986719297,0.11254901481526469,9.71445146547012e-17
spline_pca,3,-1,2,subject15,reduced,9,0.2869434040782355,0.36692119154357394,0.08200358657807683,0.0
spline_pca,3,-1,2,subject21,original,11,0.4767676767676767,1.6931110762113213,0.3459430227309025,5.551115123125783e-17
spline_pca,3,-1,2,subject21,reduced,9,0.44475308641975303,1.3772304923559275,0.29824355257323876,0.0
spline_pca,3,-1,2,subject36,original,11,0.2722222222222222,0.6517195788099985,0.1365969401554552,8.326672684688674e-17
spline_pca,3,-1,2,subject36,reduced,9,0.2993827160493827,0.6805914696349258,0.15922435552521563,0.0
spline_pca,8,-1,2,subject01,original,11,0.18914141414141417,0.29045815652038653,0.05583467065924874,5.551115123125783e-17
spline_pca,8,-1,2,subject01,reduced,9,0.20030864197530868,0.2929189180239846,0.06344581238609848,0.0
spline_pca,8,-1,2,subject04,original,11,0.16313131313131313,0.3121427331531441,0.0474224077520371,5.551115123125783e-17
spline_pca,8,-1,2,subject04,reduced,9,0.1611111111111111,0.23078781549848948,0.046081655175680525,0.0
spline_pca,8,-1,2,subject10,original,11,0.23611111111111116,0.5558439486491675,0.10967157519662019,8.326672684688674e-17
spline_pca,8,-1,2,subject10,reduced,9,0.24567901234567902,0.43463783215863927,0.1137133955696713,0.0
spline_pca,8,-1,2,subject12,original,11,0.2871212121212121,0.6625374083448676,0.14199595326615255,5.551115123125783e-17
spline_pca,8,-1,2,subject12,reduced,9,0.2950617283950618,0.6197838012983636,0.15287142013562338,0.0
spline_pca,8,-1,2,subject15,original,11,0.1946033367381682,0.29538949863072617,0.06557839508036267,8.326672684688674e-17
spline_pca,8,-1,2,subject15,reduced,9,0.18275072825634622,0.20855653151290854,0.050864161367558,0.0
spline_pca,8,-1,2,subject21,original,11,0.2972222222222222,0.7743620064652799,0.1430560936446701,8.326672684688674e-17
spline_pca,8,-1,2,subject21,reduced,9,0.3003086419753086,0.7437393745011613,0.15579513839320924,0.0
spline_pca,8,-1,2,subject36,original,11,0.2128787878787879,0.32843569500397685,0.07198747199519595,6.938893903907228e-17
spline_pca,8,-1,2,subject36,reduced,9,0.23487654320987655,0.3265801142658984,0.08559393980656971,0.0
conditional_ae,3,42,2,subject01,original,11,0.22752525252525252,0.4461882298338353,0.07665308381839397,6.938893903907228e-17
conditional_ae,3,42,2,subject01,reduced,9,0.17746913580246915,0.18227925955902347,0.0317294127733907,0.0
conditional_ae,3,42,2,subject04,original,11,0.23459595959595958,0.2925347377728471,0.05965504782225328,8.326672684688674e-17
conditional_ae,3,42,2,subject04,reduced,9,0.20092592592592592,0.1910038325373251,0.043858696501091754,0.0
conditional_ae,3,42,2,subject10,original,11,0.2901515151515151,0.664977782095749,0.12799670210480385,6.938893903907228e-17
conditional_ae,3,42,2,subject10,reduced,9,0.26851851851851855,0.4441045275499511,0.1064601371610513,0.0
conditional_ae,3,42,2,subject12,original,11,0.2684343434343434,0.7676713355044575,0.14536419299278047,8.326672684688674e-17
conditional_ae,3,42,2,subject12,reduced,9,0.2580246913580247,0.6428366579196214,0.14477823597072492,0.0
conditional_ae,3,42,2,subject15,original,11,0.20054477357848147,0.3566757253347319,0.0699294582963601,8.326672684688674e-17
conditional_ae,3,42,2,subject15,reduced,9,0.19730545151893467,0.28741488723558417,0.0700102265129483,0.0
conditional_ae,3,42,2,subject21,original,11,0.4143939393939394,1.2006392373535166,0.23799467299617538,8.326672684688674e-17
conditional_ae,3,42,2,subject21,reduced,9,0.3651234567901234,0.6326982451903103,0.1421025124266495,0.0
conditional_ae,3,42,2,subject36,original,11,0.25303030303030305,0.5031361622703923,0.09762074938440335,8.326672684688674e-17
conditional_ae,3,42,2,subject36,reduced,9,0.25308641975308643,0.4532242898358514,0.1067952092193879,0.0
conditional_ae,3,43,2,subject01,original,11,0.21111111111111108,0.2774536635564524,0.045683506275604246,8.326672684688674e-17
conditional_ae,3,43,2,subject01,reduced,9,0.17993827160493828,0.15562457756134718,0.02558983528539338,0.0
conditional_ae,3,43,2,subject04,original,11,0.20883838383838382,0.2721688980607868,0.0513249473373214,5.551115123125783e-17
conditional_ae,3,43,2,subject04,reduced,9,0.1765432098765432,0.1779820687776974,0.03972104894333983,0.0
conditional_ae,3,43,2,subject10,original,11,0.25202020202020203,0.5290290003542819,0.10314991585086597,8.326672684688674e-17
conditional_ae,3,43,2,subject10,reduced,9,0.22530864197530864,0.3429607382716795,0.0810234833794582,0.0
conditional_ae,3,43,2,subject12,original,11,0.25555555555555554,0.704317298938296,0.13230124003811794,5.551115123125783e-17
conditional_ae,3,43,2,subject12,reduced,9,0.24351851851851855,0.624190646507357,0.1367826170476879,0.0
conditional_ae,3,43,2,subject15,original,11,0.20148961525366021,0.29721661125483,0.06093641331513411,8.326672684688674e-17
conditional_ae,3,43,2,subject15,reduced,9,0.2067103620474407,0.2873568479926192,0.06934706690882964,0.0
conditional_ae,3,43,2,subject21,original,11,0.3893939393939394,1.0706687497526417,0.21476101321173768,8.847089727481716e-17
conditional_ae,3,43,2,subject21,reduced,9,0.3416666666666667,0.5996971219612623,0.13292152582313144,0.0
conditional_ae,3,43,2,subject36,original,11,0.2467171717171717,0.48606320307537,0.09285599944720457,8.326672684688674e-17
conditional_ae,3,43,2,subject36,reduced,9,0.25925925925925924,0.4921789120859188,0.11349125122508663,0.0
conditional_ae,3,44,2,subject01,original,11,0.24015151515151514,0.4245955142860969,0.07432118662328246,8.326672684688674e-17
conditional_ae,3,44,2,subject01,reduced,9,0.1925925925925926,0.2438085241160617,0.04559309769008557,0.0
conditional_ae,3,44,2,subject04,original,11,0.23914141414141413,0.4188983684135845,0.08053656591238234,8.326672684688674e-17
conditional_ae,3,44,2,subject04,reduced,9,0.20771604938271604,0.28150482814076794,0.06287018822994517,0.0
conditional_ae,3,44,2,subject10,original,11,0.29747474747474745,0.6425677814459299,0.12899092946257473,5.551115123125783e-17
conditional_ae,3,44,2,subject10,reduced,9,0.27191358024691353,0.46537059973510564,0.11391364195171005,0.0
conditional_ae,3,44,2,subject12,original,11,0.26944444444444443,0.7199378122014695,0.1318005205878494,5.551115123125783e-17
conditional_ae,3,44,2,subject12,reduced,9,0.24444444444444446,0.5508450653710053,0.12192957823167572,0.0
conditional_ae,3,44,2,subject15,original,11,0.2147003745318352,0.3849133897872221,0.07524265921518047,8.326672684688674e-17
conditional_ae,3,44,2,subject15,reduced,9,0.2060341240116521,0.28544578578432933,0.06699674535121736,0.0
conditional_ae,3,44,2,subject21,original,11,0.41414141414141414,1.21376566963573,0.23717631463709,7.632783294297951e-17
conditional_ae,3,44,2,subject21,reduced,9,0.35987654320987655,0.6205031540818342,0.1352043263853454,0.0
conditional_ae,3,44,2,subject36,original,11,0.2525252525252525,0.450350881617279,0.08660860859224917,6.938893903907228e-17
conditional_ae,3,44,2,subject36,reduced,9,0.253395061728395,0.42501997587667883,0.09748474621937164,0.0
conditional_ae,8,42,2,subject01,original,11,0.16994949494949493,0.21867511888898905,0.04249330954412989,9.020562075079397e-17
conditional_ae,8,42,2,subject01,reduced,9,0.17530864197530863,0.2289702808385221,0.051711480637324,0.0
conditional_ae,8,42,2,subject04,original,11,0.21969696969696972,0.2954542757385803,0.061109945793833886,8.326672684688674e-17
conditional_ae,8,42,2,subject04,reduced,9,0.2182098765432099,0.2772854665818869,0.06521597475843965,0.0
conditional_ae,8,42,2,subject10,original,11,0.29267676767676765,0.6014450760937793,0.13583956272598774,8.326672684688674e-17
conditional_ae,8,42,2,subject10,reduced,9,0.2990740740740741,0.5359088436673969,0.135169493921385,0.0
conditional_ae,8,42,2,subject12,original,11,0.3421717171717171,1.373630679211109,0.2509935482356632,6.591949208711867e-17
conditional_ae,8,42,2,subject12,reduced,9,0.30277777777777776,0.9078397533476248,0.21341539702422352,0.0
conditional_ae,8,42,2,subject15,original,11,0.2550646918624447,0.4849248887790969,0.09976796667069632,8.326672684688674e-17
conditional_ae,8,42,2,subject15,reduced,9,0.22955680399500622,0.35056438127825507,0.08454611242366139,0.0
conditional_ae,8,42,2,subject21,original,11,0.31666666666666665,0.645970923643453,0.1230798429080785,9.71445146547012e-17
conditional_ae,8,42,2,subject21,reduced,9,0.2935185185185185,0.3960007495492932,0.08811798982810837,0.0
conditional_ae,8,42,2,subject36,original,11,0.19166666666666662,0.31553873278227673,0.06621715038861176,8.326672684688674e-17
conditional_ae,8,42,2,subject36,reduced,9,0.19567901234567897,0.3007472663742754,0.07392644618649402,0.0
conditional_ae,8,43,2,subject01,original,11,0.1659090909090909,0.18244451973715226,0.03154874208008929,9.020562075079397e-17
conditional_ae,8,43,2,subject01,reduced,9,0.15833333333333333,0.16906544599339446,0.0333514146977103,0.0
conditional_ae,8,43,2,subject04,original,11,0.18686868686868685,0.24910027526511636,0.05345268622000765,8.326672684688674e-17
conditional_ae,8,43,2,subject04,reduced,9,0.20401234567901233,0.2760334495011927,0.07135119174524962,0.0
conditional_ae,8,43,2,subject10,original,11,0.2994949494949495,0.6762456735137663,0.1510187748897044,5.551115123125783e-17
conditional_ae,8,43,2,subject10,reduced,9,0.2959876543209876,0.5383680520101906,0.13665423948292854,0.0
conditional_ae,8,43,2,subject12,original,11,0.34242424242424235,1.2865656964208698,0.23134057113331197,5.551115123125783e-17
conditional_ae,8,43,2,subject12,reduced,9,0.3052469135802469,0.811750554421022,0.18804467250512735,0.0
conditional_ae,8,43,2,subject15,original,11,0.24406707524685053,0.394584804706517,0.08472876191957046,8.326672684688674e-17
conditional_ae,8,43,2,subject15,reduced,9,0.22811069496462755,0.30407410521558376,0.07692221680559064,0.0
conditional_ae,8,43,2,subject21,original,11,0.3186868686868687,0.6231102137558806,0.12160711377648126,5.551115123125783e-17
conditional_ae,8,43,2,subject21,reduced,9,0.3080246913580247,0.49472141707903994,0.1101992902188057,0.0
conditional_ae,8,43,2,subject36,original,11,0.1904040404040404,0.28852417188548696,0.06073258099360379,9.020562075079397e-17
conditional_ae,8,43,2,subject36,reduced,9,0.2015432098765432,0.2824078047212315,0.07103979816854467,0.0
conditional_ae,8,44,2,subject01,original,11,0.20757575757575755,0.28900364318389027,0.05347218148174682,5.551115123125783e-17
conditional_ae,8,44,2,subject01,reduced,9,0.2,0.2426977212147392,0.050832610020301705,0.0
conditional_ae,8,44,2,subject04,original,11,0.22474747474747475,0.33645762562798787,0.06516853700208936,5.551115123125783e-17
conditional_ae,8,44,2,subject04,reduced,9,0.21574074074074076,0.24842413129238894,0.05791996422454204,0.0
conditional_ae,8,44,2,subject10,original,11,0.31767676767676767,0.7769805469658868,0.16423467496465216,8.326672684688674e-17
conditional_ae,8,44,2,subject10,reduced,9,0.3070987654320988,0.5445429618520894,0.13353195534088835,0.0
conditional_ae,8,44,2,subject12,original,11,0.30404040404040406,1.052048187717678,0.2034183977412305,5.551115123125783e-17
conditional_ae,8,44,2,subject12,reduced,9,0.26975308641975304,0.6884278363342164,0.16459333955938793,0.0
conditional_ae,8,44,2,subject15,original,11,0.27482124616956083,0.47376347313993294,0.09776860939213716,5.551115123125783e-17
conditional_ae,8,44,2,subject15,reduced,9,0.2508843112775697,0.3168630992172652,0.07657180756217719,0.0
conditional_ae,8,44,2,subject21,original,11,0.2856060606060606,0.5249918893016328,0.10066845494425192,8.326672684688674e-17
conditional_ae,8,44,2,subject21,reduced,9,0.27685185185185185,0.4160066127662989,0.08718446820859438,0.0
conditional_ae,8,44,2,subject36,original,11,0.2121212121212121,0.3928826097397984,0.06851443050200301,8.326672684688674e-17
conditional_ae,8,44,2,subject36,reduced,9,0.19814814814814816,0.26606010442743866,0.06047846124173595,0.0
cvae,3,42,2,subject01,original,11,0.2222222222222222,0.34907299740209696,0.06180714995442815,8.326672684688674e-17
cvae,3,42,2,subject01,reduced,9,0.1799382716049383,0.1431694565485877,0.023239244640641088,0.0
cvae,3,42,2,subject04,original,11,0.2383838383838384,0.3670782655548446,0.07170840371942455,8.326672684688674e-17
cvae,3,42,2,subject04,reduced,9,0.1987654320987654,0.20453208575513626,0.043491605291868574,0.0
cvae,3,42,2,subject10,original,11,0.26035353535353534,0.5287728940099465,0.10156187378028392,5.551115123125783e-17
cvae,3,42,2,subject10,reduced,9,0.23734567901234568,0.36829494708259114,0.08010328538671885,0.0
cvae,3,42,2,subject12,original,11,0.24974747474747475,0.6597243640132904,0.1189441131629696,8.326672684688674e-17
cvae,3,42,2,subject12,reduced,9,0.24629629629629632,0.5692400277198453,0.1216341254728035,0.0
cvae,3,42,2,subject15,original,11,0.20270684371807965,0.3225474342634391,0.05685322676662807,8.326672684688674e-17
cvae,3,42,2,subject15,reduced,9,0.19515189346650022,0.21542432623436314,0.04323515510892917,0.0
cvae,3,42,2,subject21,original,11,0.4080808080808081,1.3030761332290717,0.25576081950672847,5.551115123125783e-17
cvae,3,42,2,subject21,reduced,9,0.3555555555555555,0.6942024658659394,0.15528027688713597,0.0
cvae,3,42,2,subject36,original,11,0.24823232323232328,0.5418923642862747,0.10151928636735696,8.326672684688674e-17
cvae,3,42,2,subject36,reduced,9,0.2611111111111111,0.5277041642344367,0.11712046644364116,0.0
cvae,3,43,2,subject01,original,11,0.23484848484848483,0.3568230475767664,0.06820061458100835,8.326672684688674e-17
cvae,3,43,2,subject01,reduced,9,0.1851851851851852,0.18104797413552554,0.03228710670993307,0.0
cvae,3,43,2,subject04,original,11,0.2143939393939394,0.21507376583147453,0.03922904498613822,8.326672684688674e-17
cvae,3,43,2,subject04,reduced,9,0.19444444444444445,0.1543718614822276,0.02857754876620744,0.0
cvae,3,43,2,subject10,original,11,0.268939393939394,0.4758989579344943,0.09457009531093663,8.847089727481716e-17
cvae,3,43,2,subject10,reduced,9,0.25370370370370376,0.3748576892363471,0.0823475957202352,0.0
cvae,3,43,2,subject12,original,11,0.255050505050505,0.7413975213563053,0.13830568271251797,8.326672684688674e-17
cvae,3,43,2,subject12,reduced,9,0.25339506172839504,0.7584242515617903,0.16611731298421617,0.0
cvae,3,43,2,subject15,original,11,0.19829758256724545,0.302318076116578,0.056829789234275396,9.71445146547012e-17
cvae,3,43,2,subject15,reduced,9,0.20647107781939245,0.308011528215995,0.06611814566016527,0.0
cvae,3,43,2,subject21,original,11,0.36363636363636365,1.0495287608326374,0.2046829972727504,5.551115123125783e-17
cvae,3,43,2,subject21,reduced,9,0.3160493827160494,0.7184188903528947,0.149758545333598,0.0
cvae,3,43,2,subject36,original,11,0.2732323232323232,0.582309499151239,0.11345906919282711,8.326672684688674e-17
cvae,3,43,2,subject36,reduced,9,0.2839506172839506,0.6253891028650935,0.13748058116288786,0.0
cvae,3,44,2,subject01,original,11,0.20505050505050504,0.25904636671928616,0.03834083229815621,8.326672684688674e-17
cvae,3,44,2,subject01,reduced,9,0.17839506172839503,0.16760891774818854,0.024932585062915846,0.0
cvae,3,44,2,subject04,original,11,0.21767676767676766,0.30566164012146313,0.055958312049539605,8.326672684688674e-17
cvae,3,44,2,subject04,reduced,9,0.18024691358024691,0.1658032079533296,0.033557445823548804,0.0
cvae,3,44,2,subject10,original,11,0.2333333333333333,0.4620574434112572,0.0823402026973592,8.326672684688674e-17
cvae,3,44,2,subject10,reduced,9,0.20123456790123453,0.2600202496537545,0.05915785978732835,0.0
cvae,3,44,2,subject12,original,11,0.2482323232323232,0.5652605701822191,0.10502489364396794,5.551115123125783e-17
cvae,3,44,2,subject12,reduced,9,0.24197530864197528,0.46241325404876443,0.10149491456640292,0.0
cvae,3,44,2,subject15,original,11,0.19693564862104188,0.28103269984528234,0.05106239451174854,6.938893903907228e-17
cvae,3,44,2,subject15,reduced,9,0.19091760299625468,0.20384516773026018,0.042387924751603134,0.0
cvae,3,44,2,subject21,original,11,0.37752525252525254,0.9189689892603399,0.1793875787761976,1.1102230246251565e-16
cvae,3,44,2,subject21,reduced,9,0.32808641975308644,0.495261924059339,0.1062753005133481,0.0
cvae,3,44,2,subject36,original,11,0.25757575757575757,0.5011410024970124,0.09679214680356785,8.326672684688674e-17
cvae,3,44,2,subject36,reduced,9,0.2759259259259259,0.5353985845595033,0.1208157517404077,0.0
cvae,8,42,2,subject01,original,11,0.17020202020202022,0.1848965371932878,0.03044264751961956,8.326672684688674e-17
cvae,8,42,2,subject01,reduced,9,0.1595679012345679,0.13873977423432482,0.023997073432727722,0.0
cvae,8,42,2,subject04,original,11,0.16742424242424245,0.1441876683350447,0.022586075793718186,8.673617379884035e-17
cvae,8,42,2,subject04,reduced,9,0.154320987654321,0.11273005718164653,0.016857844478631145,0.0
cvae,8,42,2,subject10,original,11,0.20353535353535354,0.26262649244145164,0.04518000038767722,8.847089727481716e-17
cvae,8,42,2,subject10,reduced,9,0.18765432098765433,0.1569370180506766,0.027040285982239176,0.0
cvae,8,42,2,subject12,original,11,0.23055555555555554,0.44922240860600704,0.08189242512782524,6.938893903907228e-17
cvae,8,42,2,subject12,reduced,9,0.22067901234567902,0.3930679725066164,0.08737527089231989,0.0
cvae,8,42,2,subject15,original,11,0.2176710929519918,0.28987741030953096,0.049709617923125116,8.326672684688674e-17
cvae,8,42,2,subject15,reduced,9,0.20080108198085725,0.1814009469399429,0.034671708784789645,0.0
cvae,8,42,2,subject21,original,11,0.2926767676767677,0.5370565028401364,0.09940209604663486,5.551115123125783e-17
cvae,8,42,2,subject21,reduced,9,0.2688271604938272,0.3203727116311441,0.06618132306284841,0.0
cvae,8,42,2,subject36,original,11,0.1388888888888889,0.12179273448629457,0.015424228085116232,8.326672684688674e-17
cvae,8,42,2,subject36,reduced,9,0.1416666666666667,0.11628448441588457,0.01651537860006491,0.0
cvae,8,43,2,subject01,original,11,0.1320707070707071,0.13567807828308975,0.01970174782741263,8.326672684688674e-17
cvae,8,43,2,subject01,reduced,9,0.13641975308641976,0.13920527979669428,0.02400999293142092,0.0
cvae,8,43,2,subject04,original,11,0.1782828282828283,0.17986745589154207,0.030508617726053733,8.326672684688674e-17
cvae,8,43,2,subject04,reduced,9,0.16172839506172842,0.14347505270138328,0.02475326967690128,0.0
cvae,8,43,2,subject10,original,11,0.2070707070707071,0.2533212017776574,0.04462176466141754,8.847089727481716e-17
cvae,8,43,2,subject10,reduced,9,0.2095679012345679,0.2160258582820589,0.04479404537607001,0.0
cvae,8,43,2,subject12,original,11,0.2065656565656566,0.5192060621400407,0.09464634188443322,8.326672684688674e-17
cvae,8,43,2,subject12,reduced,9,0.20617283950617285,0.4865800254255457,0.1024472912505201,0.0
cvae,8,43,2,subject15,original,11,0.18397173987061627,0.23464986909144825,0.035327014046608984,8.326672684688674e-17
cvae,8,43,2,subject15,reduced,9,0.16275488972118185,0.11971668177361572,0.01767034940412837,0.0
cvae,8,43,2,subject21,original,11,0.2848484848484848,0.4661549670147367,0.08659155204914815,8.326672684688674e-17
cvae,8,43,2,subject21,reduced,9,0.2564814814814815,0.3064518541261836,0.06213416934138338,0.0
cvae,8,43,2,subject36,original,11,0.1361111111111111,0.10422427717588434,0.010215655178369532,9.71445146547012e-17
cvae,8,43,2,subject36,reduced,9,0.14074074074074072,0.11000505481385758,0.015073376671331351,0.0
cvae,8,44,2,subject01,original,11,0.1457070707070707,0.1280208200403714,0.01833522961267875,8.326672684688674e-17
cvae,8,44,2,subject01,reduced,9,0.14320987654320985,0.1261811872331271,0.02112914787916753,0.0
cvae,8,44,2,subject04,original,11,0.13914141414141415,0.11084878916193919,0.015228004438595177,8.326672684688674e-17
cvae,8,44,2,subject04,reduced,9,0.12901234567901235,0.08135581644797218,0.009107616467681101,0.0
cvae,8,44,2,subject10,original,11,0.19469696969696965,0.20025417024115422,0.032511487393567684,8.847089727481716e-17
cvae,8,44,2,subject10,reduced,9,0.2009259259259259,0.17419259321974634,0.031927472993111605,0.0
cvae,8,44,2,subject12,original,11,0.27575757575757576,0.5998232739339757,0.1126424042116212,5.551115123125783e-17
cvae,8,44,2,subject12,reduced,9,0.2521604938271605,0.4603038840934195,0.10035687483080924,0.0
cvae,8,44,2,subject15,original,11,0.21256384065372827,0.22697265954121315,0.03773653033766533,5.551115123125783e-17
cvae,8,44,2,subject15,reduced,9,0.18409280066583436,0.11659926725847791,0.01811805757630358,0.0
cvae,8,44,2,subject21,original,11,0.3093434343434343,0.598267440348955,0.10778492828373865,8.326672684688674e-17
cvae,8,44,2,subject21,reduced,9,0.279320987654321,0.39694853007900255,0.07593734984298273,0.0
cvae,8,44,2,subject36,original,11,0.1436868686868687,0.11664696483146875,0.014708472313380572,7.112366251504909e-17
cvae,8,44,2,subject36,reduced,9,0.15339506172839507,0.12328423538714262,0.02114513778558469,0.0
unconditional_vae,3,42,2,subject01,original,11,0.22070707070707068,0.36426857184882033,0.06739576880778242,6.938893903907228e-17
unconditional_vae,3,42,2,subject01,reduced,9,0.1685185185185185,0.12913836339089535,0.02060227567203432,0.0
unconditional_vae,3,42,2,subject04,original,11,0.23939393939393944,0.3692215192861865,0.07089405755334288,8.326672684688674e-17
unconditional_vae,3,42,2,subject04,reduced,9,0.19845679012345677,0.1916906080801426,0.0398514612240044,0.0
unconditional_vae,3,42,2,subject10,original,11,0.26186868686868686,0.5053046124372433,0.09701410805813393,5.551115123125783e-17
unconditional_vae,3,42,2,subject10,reduced,9,0.2391975308641975,0.3434327387542928,0.07372059788945984,0.0
unconditional_vae,3,42,2,subject12,original,11,0.2366161616161616,0.5563032870915388,0.10070218258038144,8.326672684688674e-17
unconditional_vae,3,42,2,subject12,reduced,9,0.2330246913580247,0.5074036801518091,0.10654410683723947,0.0
unconditional_vae,3,42,2,subject15,original,11,0.1980337078651685,0.2846135149164968,0.04959596602984295,5.551115123125783e-17
unconditional_vae,3,42,2,subject15,reduced,9,0.19203079483978358,0.20119054901832056,0.03868049236941706,0.0
unconditional_vae,3,42,2,subject21,original,11,0.3954545454545455,1.1426554288510573,0.2256502907186818,7.632783294297951e-17
unconditional_vae,3,42,2,subject21,reduced,9,0.3444444444444445,0.6036707352446489,0.1318111835823753,0.0
unconditional_vae,3,42,2,subject36,original,11,0.24848484848484845,0.5247329845719086,0.09855720587609373,8.326672684688674e-17
unconditional_vae,3,42,2,subject36,reduced,9,0.2682098765432099,0.5468000202712644,0.11935516451542172,0.0
unconditional_vae,3,43,2,subject01,original,11,0.2462121212121212,0.416215301703736,0.07766961539848616,5.551115123125783e-17
unconditional_vae,3,43,2,subject01,reduced,9,0.19475308641975309,0.1978938560903969,0.03716093040007906,0.0
unconditional_vae,3,43,2,subject04,original,11,0.22272727272727275,0.2891488542109566,0.05613374091023027,6.938893903907228e-17
unconditional_vae,3,43,2,subject04,reduced,9,0.17716049382716048,0.1533340401708272,0.0285441492949996,0.0
unconditional_vae,3,43,2,subject10,original,11,0.2545454545454545,0.4484851894046402,0.0895558893218169,6.938893903907228e-17
unconditional_vae,3,43,2,subject10,reduced,9,0.2243827160493827,0.37572046899911005,0.08098495369026326,0.0
unconditional_vae,3,43,2,subject12,original,11,0.25858585858585864,0.697088497545082,0.13216078771455675,9.71445146547012e-17
unconditional_vae,3,43,2,subject12,reduced,9,0.26697530864197533,0.7599174993863183,0.16334734373912152,0.0
unconditional_vae,3,43,2,subject15,original,11,0.18810010214504597,0.2772992874686895,0.0500058283696192,6.938893903907228e-17
unconditional_vae,3,43,2,subject15,reduced,9,0.20245526425301705,0.29114455268887385,0.05995264951641199,0.0
unconditional_vae,3,43,2,subject21,original,11,0.3921717171717171,1.0962137216223833,0.21183180991753214,8.326672684688674e-17
unconditional_vae,3,43,2,subject21,reduced,9,0.3453703703703703,0.6489262994266949,0.13768028604460592,0.0
unconditional_vae,3,43,2,subject36,original,11,0.2588383838383838,0.572158959171682,0.11109175473176636,8.326672684688674e-17
unconditional_vae,3,43,2,subject36,reduced,9,0.28271604938271605,0.634010282816869,0.13965328362686247,0.0
unconditional_vae,3,44,2,subject01,original,11,0.2398989898989899,0.47189422378071333,0.08535385717417154,8.326672684688674e-17
unconditional_vae,3,44,2,subject01,reduced,9,0.18117283950617283,0.17180592690019658,0.028931102600709968,0.0
unconditional_vae,3,44,2,subject04,original,11,0.20505050505050504,0.27469885717952414,0.04785454920084342,6.938893903907228e-17
unconditional_vae,3,44,2,subject04,reduced,9,0.17808641975308642,0.16763500892648375,0.03310834664366369,0.0
unconditional_vae,3,44,2,subject10,original,11,0.2919191919191919,0.6322026698812455,0.12056612439173986,5.551115123125783e-17
unconditional_vae,3,44,2,subject10,reduced,9,0.25740740740740736,0.3283057898557207,0.07330923113174925,0.0
unconditional_vae,3,44,2,subject12,original,11,0.29696969696969694,0.7589482634503644,0.1376847850157744,5.551115123125783e-17
unconditional_vae,3,44,2,subject12,reduced,9,0.2756172839506173,0.6037919613711771,0.13008448475838508,0.0
unconditional_vae,3,44,2,subject15,original,11,0.23054136874361592,0.38320147211882594,0.07229046296222585,8.326672684688674e-17
unconditional_vae,3,44,2,subject15,reduced,9,0.22785060341240115,0.3044559295026925,0.06716956107695515,0.0
unconditional_vae,3,44,2,subject21,original,11,0.43383838383838386,1.3565393087035202,0.26362110455529864,7.632783294297951e-17
unconditional_vae,3,44,2,subject21,reduced,9,0.38641975308641974,0.7258925290445557,0.16225844904648723,0.0
unconditional_vae,3,44,2,subject36,original,11,0.2659090909090909,0.5205588648226218,0.10200109269705049,8.326672684688674e-17
unconditional_vae,3,44,2,subject36,reduced,9,0.27253086419753086,0.5142512260968535,0.11636625955375812,0.0
unconditional_vae,8,42,2,subject01,original,11,0.13333333333333333,0.13804621389952487,0.021544929603838803,9.71445146547012e-17
unconditional_vae,8,42,2,subject01,reduced,9,0.13919753086419753,0.1435463544801272,0.026772624640425957,0.0
unconditional_vae,8,42,2,subject04,original,11,0.1275252525252525,0.09196056594252777,0.01081547111358716,8.326672684688674e-17
unconditional_vae,8,42,2,subject04,reduced,9,0.13055555555555556,0.091526677243146,0.01354060090608189,0.0
unconditional_vae,8,42,2,subject10,original,11,0.15454545454545454,0.11784750892773355,0.014732488817519651,9.71445146547012e-17
unconditional_vae,8,42,2,subject10,reduced,9,0.1669753086419753,0.11730758064109592,0.017378393945835846,0.0
unconditional_vae,8,42,2,subject12,original,11,0.22626262626262628,0.5038424131672623,0.09302994541109233,5.551115123125783e-17
unconditional_vae,8,42,2,subject12,reduced,9,0.2268518518518519,0.49791176021273653,0.10872988475950218,0.0
unconditional_vae,8,42,2,subject15,original,11,0.17563840653728294,0.19466028569552662,0.030020382523104794,9.367506770274758e-17
unconditional_vae,8,42,2,subject15,reduced,9,0.16665626300457764,0.1485913446207645,0.02534142351759927,0.0
unconditional_vae,8,42,2,subject21,original,11,0.25732323232323234,0.37450224279053224,0.06881016885157665,8.326672684688674e-17
unconditional_vae,8,42,2,subject21,reduced,9,0.24629629629629632,0.2998333552524626,0.057871156891298514,0.0
unconditional_vae,8,42,2,subject36,original,11,0.13156565656565655,0.09663993271809801,0.008520402077891398,9.8879238130678e-17
unconditional_vae,8,42,2,subject36,reduced,9,0.14228395061728397,0.10378191774499301,0.013945055349525504,0.0
unconditional_vae,8,43,2,subject01,original,11,0.1467171717171717,0.17032529009405817,0.033606267948435686,8.326672684688674e-17
unconditional_vae,8,43,2,subject01,reduced,9,0.14598765432098765,0.15422810720220514,0.03174567039877263,0.0
unconditional_vae,8,43,2,subject04,original,11,0.15883838383838383,0.12995905920809925,0.019301969237377925,9.71445146547012e-17
unconditional_vae,8,43,2,subject04,reduced,9,0.15462962962962962,0.11954033069268721,0.02030421363583368,0.0
unconditional_vae,8,43,2,subject10,original,11,0.1792929292929293,0.18334733525585767,0.032385842768683504,7.806255641895632e-17
unconditional_vae,8,43,2,subject10,reduced,9,0.18271604938271604,0.16937657787280314,0.030043463965819805,0.0
unconditional_vae,8,43,2,subject12,original,11,0.25757575757575757,0.5975885573868092,0.11339656750531968,8.326672684688674e-17
unconditional_vae,8,43,2,subject12,reduced,9,0.24228395061728397,0.5093234105846176,0.1130120490537363,0.0
unconditional_vae,8,43,2,subject15,original,11,0.17649812734082396,0.22101591649995633,0.0353842890576237,5.551115123125783e-17
unconditional_vae,8,43,2,subject15,reduced,9,0.16320224719101123,0.14003692645621157,0.02214451684101304,0.0
unconditional_vae,8,43,2,subject21,original,11,0.3027777777777778,0.5359172754761263,0.09812209989069598,8.326672684688674e-17
unconditional_vae,8,43,2,subject21,reduced,9,0.2728395061728395,0.38958057772357435,0.07873455445220023,0.0
unconditional_vae,8,43,2,subject36,original,11,0.13914141414141415,0.09310241971893607,0.007678682722483288,8.760353553682876e-17
unconditional_vae,8,43,2,subject36,reduced,9,0.14938271604938272,0.09491522452887535,0.011212090258578389,0.0
unconditional_vae,8,44,2,subject01,original,11,0.14242424242424245,0.13604088572325823,0.02104800822176489,9.020562075079397e-17
unconditional_vae,8,44,2,subject01,reduced,9,0.13919753086419753,0.13523287910214643,0.02413394082815956,0.0
unconditional_vae,8,44,2,subject04,original,11,0.17979797979797982,0.14399176156639326,0.02236076039806567,9.71445146547012e-17
unconditional_vae,8,44,2,subject04,reduced,9,0.1638888888888889,0.11431530836154113,0.018810206881195946,0.0
unconditional_vae,8,44,2,subject10,original,11,0.2320707070707071,0.3286538113078934,0.06135814802787709,9.020562075079397e-17
unconditional_vae,8,44,2,subject10,reduced,9,0.22808641975308644,0.262871075643345,0.05195102462371137,0.0
unconditional_vae,8,44,2,subject12,original,11,0.2772727272727273,0.6605200624906247,0.12191663539214281,8.326672684688674e-17
unconditional_vae,8,44,2,subject12,reduced,9,0.2478395061728395,0.46599183820088763,0.10418577965665987,0.0
unconditional_vae,8,44,2,subject15,original,11,0.2128958120531154,0.26248388356619934,0.04564634767729192,5.551115123125783e-17
unconditional_vae,8,44,2,subject15,reduced,9,0.18872243029546398,0.14356364105627906,0.02443151486385653,0.0
unconditional_vae,8,44,2,subject21,original,11,0.2815656565656566,0.6458637443729836,0.11661378462192751,8.326672684688674e-17
unconditional_vae,8,44,2,subject21,reduced,9,0.23580246913580252,0.34007105329871035,0.06616023155170137,0.0
unconditional_vae,8,44,2,subject36,original,11,0.11944444444444445,0.0636064359153159,0.0010895718381603858,8.586881206085195e-17
unconditional_vae,8,44,2,subject36,reduced,9,0.12314814814814816,0.06435402813283586,0.0035064004303693164,0.0
spline_pca,3,-1,3,subject02,original,11,0.3734848484848484,0.7455504789584313,0.13473286951487717,8.326672684688674e-17
spline_pca,3,-1,3,subject02,reduced,9,0.34351851851851856,0.43955886580922865,0.09169286718879377,0.0
spline_pca,3,-1,3,subject11,original,11,0.3012626262626263,0.7961798801990829,0.15099929524689737,8.326672684688674e-17
spline_pca,3,-1,3,subject11,reduced,9,0.3268518518518519,0.8291130136859515,0.1753704576181736,0.0
spline_pca,3,-1,3,subject22,original,11,0.18434343434343436,0.2630774708964272,0.04421636556526565,5.551115123125783e-17
spline_pca,3,-1,3,subject22,reduced,9,0.19166666666666668,0.2679712924307136,0.05428693090744874,0.0
spline_pca,3,-1,3,subject30,original,11,0.325,0.9479812477132872,0.18513000594457585,6.591949208711867e-17
spline_pca,3,-1,3,subject30,reduced,9,0.3453703703703704,0.9757552205862634,0.22699343487600898,0.0
spline_pca,3,-1,3,subject33,original,11,0.3203168044077135,0.6223993097572245,0.11342432980866557,8.326672684688674e-17
spline_pca,3,-1,3,subject33,reduced,9,0.313047138047138,0.5329983521728074,0.11129031092524067,0.0
spline_pca,3,-1,3,subject37,original,11,0.4292929292929294,2.1018648856295643,0.3850363482031709,1.1102230246251565e-16
spline_pca,3,-1,3,subject37,reduced,9,0.4280864197530864,2.07712548129898,0.427567679757915,0.0
spline_pca,3,-1,3,subject40,original,11,0.23888888888888893,0.3660733784213255,0.06617344220768473,8.847089727481716e-17
spline_pca,3,-1,3,subject40,reduced,9,0.24012345679012348,0.3468071313760852,0.07066523859829443,0.0
spline_pca,8,-1,3,subject02,original,11,0.38636363636363635,1.7135540405228098,0.27248955584622725,5.551115123125783e-17
spline_pca,8,-1,3,subject02,reduced,9,0.31296296296296294,0.6885392955847704,0.1359654483989059,0.0
spline_pca,8,-1,3,subject11,original,11,0.19318181818181818,0.3331355184953786,0.04784677044701002,8.326672684688674e-17
spline_pca,8,-1,3,subject11,reduced,9,0.1987654320987654,0.3081201270426783,0.05657072090701187,0.0
spline_pca,8,-1,3,subject22,original,11,0.2308080808080808,0.42228261178936854,0.0850932936236718,5.551115123125783e-17
spline_pca,8,-1,3,subject22,reduced,9,0.23580246913580247,0.3958783388630347,0.08785392055161934,0.0
spline_pca,8,-1,3,subject30,original,11,0.21691919191919196,0.4992895625245124,0.0888949413824599,8.326672684688674e-17
spline_pca,8,-1,3,subject30,reduced,9,0.22067901234567902,0.41956359436500534,0.10397163763847517,0.0
spline_pca,8,-1,3,subject33,original,11,0.23539944903581267,0.4694221820143163,0.04684379415227102,8.326672684688674e-17
spline_pca,8,-1,3,subject33,reduced,9,0.23745791245791248,0.34582904218320376,0.05289460365130694,0.0
spline_pca,8,-1,3,subject37,original,11,0.24772727272727274,0.6803365479205219,0.10499298335573382,6.938893903907228e-17
spline_pca,8,-1,3,subject37,reduced,9,0.241358024691358,0.5609675680305015,0.11350395486918163,0.0
spline_pca,8,-1,3,subject40,original,11,0.17499999999999996,0.33332556174321226,0.047812116265852245,8.326672684688674e-17
spline_pca,8,-1,3,subject40,reduced,9,0.18055555555555555,0.25882166263826534,0.05819433104581939,0.0
conditional_ae,3,42,3,subject02,original,11,0.3371212121212121,1.0114926787116367,0.1892387985570415,6.591949208711867e-17
conditional_ae,3,42,3,subject02,reduced,9,0.34351851851851856,0.8039189392150923,0.18153957076763538,0.0
conditional_ae,3,42,3,subject11,original,11,0.2101010101010101,0.6448730398378943,0.10175519405929367,8.326672684688674e-17
conditional_ae,3,42,3,subject11,reduced,9,0.2064814814814815,0.5754808724604064,0.11450767220225544,0.0
conditional_ae,3,42,3,subject22,original,11,0.21540404040404038,0.3518983853405957,0.06263439773944635,8.326672684688674e-17
conditional_ae,3,42,3,subject22,reduced,9,0.22098765432098766,0.35254429723813896,0.07310048909712985,0.0
conditional_ae,3,42,3,subject30,original,11,0.23484848484848486,0.3986818670473098,0.0781068776577788,8.326672684688674e-17
conditional_ae,3,42,3,subject30,reduced,9,0.2425925925925926,0.40481118881692124,0.09376587926932611,0.0
conditional_ae,3,42,3,subject33,original,11,0.1772038567493113,0.17948656600379165,0.03218436660263502,8.326672684688674e-17
conditional_ae,3,42,3,subject33,reduced,9,0.1675084175084175,0.15094552998211386,0.027867720789639616,0.0
conditional_ae,3,42,3,subject37,original,11,0.38055555555555554,1.3983385916556057,0.2418593398382396,5.551115123125783e-17
conditional_ae,3,42,3,subject37,reduced,9,0.3509259259259259,1.2310332854684236,0.23853386512328512,0.0
conditional_ae,3,42,3,subject40,original,11,0.2244949494949495,0.36303732428302826,0.06975235501823629,8.326672684688674e-17
conditional_ae,3,42,3,subject40,reduced,9,0.23240740740740742,0.35409674356222176,0.07558934141047735,0.0
conditional_ae,3,43,3,subject02,original,11,0.38636363636363635,1.2698027018522153,0.2479466784577934,2.220446049250313e-16
conditional_ae,3,43,3,subject02,reduced,9,0.375,1.0230445205629695,0.23729521246600727,0.0
conditional_ae,3,43,3,subject11,original,11,0.23409090909090907,0.9388789790136216,0.16025476430452368,8.326672684688674e-17
conditional_ae,3,43,3,subject11,reduced,9,0.24845679012345678,0.9952819833258397,0.18666363936433994,0.0
conditional_ae,3,43,3,subject22,original,11,0.23358585858585856,0.3151777648233347,0.05680711758960766,8.326672684688674e-17
conditional_ae,3,43,3,subject22,reduced,9,0.2391975308641975,0.3057474428553695,0.06617174291321959,0.0
conditional_ae,3,43,3,subject30,original,11,0.24696969696969698,0.4173633537245771,0.08226041132571771,8.326672684688674e-17
conditional_ae,3,43,3,subject30,reduced,9,0.2611111111111111,0.43698062298575824,0.10378688936922675,0.0
conditional_ae,3,43,3,subject33,original,11,0.28429752066115704,0.4164616667526886,0.07432400310785736,5.551115123125783e-17
conditional_ae,3,43,3,subject33,reduced,9,0.271969696969697,0.3683171627940993,0.07140828317265213,0.0
conditional_ae,3,43,3,subject37,original,11,0.3247474747474748,1.0479183202512732,0.19190444144368346,5.551115123125783e-17
conditional_ae,3,43,3,subject37,reduced,9,0.320679012345679,1.0419741382604233,0.21365075139040368,0.0
conditional_ae,3,43,3,subject40,original,11,0.24015151515151514,0.4617592304148386,0.08606390343057291,5.551115123125783e-17
conditional_ae,3,43,3,subject40,reduced,9,0.23549382716049383,0.4527019522739,0.09496447310476541,0.0
conditional_ae,3,44,3,subject02,original,11,0.34924242424242424,1.2109368592647718,0.2395414605116637,5.551115123125783e-17
conditional_ae,3,44,3,subject02,reduced,9,0.3574074074074074,0.9850383677838388,0.23150666185441138,0.0
conditional_ae,3,44,3,subject11,original,11,0.24318181818181817,1.0061183523454749,0.17144844059673725,8.847089727481716e-17
conditional_ae,3,44,3,subject11,reduced,9,0.25895061728395063,1.0571857153209643,0.19547700053286043,0.0
conditional_ae,3,44,3,subject22,original,11,0.2335858585858586,0.4034299975902247,0.07020007819836493,6.591949208711867e-17
conditional_ae,3,44,3,subject22,reduced,9,0.25123456790123455,0.41747803983950904,0.08495249264579185,0.0
conditional_ae,3,44,3,subject30,original,11,0.3116161616161616,0.7700206234810363,0.15089887309223549,8.326672684688674e-17
conditional_ae,3,44,3,subject30,reduced,9,0.3175925925925926,0.7740880766123786,0.17759326508256423,0.0
conditional_ae,3,44,3,subject33,original,11,0.2825757575757576,0.43634355817345716,0.0781321376523062,5.551115123125783e-17
conditional_ae,3,44,3,subject33,reduced,9,0.2726430976430977,0.37770902234747705,0.07426491596156748,0.0
conditional_ae,3,44,3,subject37,original,11,0.4078282828282828,1.5383274233461748,0.2812815525882213,5.551115123125783e-17
conditional_ae,3,44,3,subject37,reduced,9,0.3916666666666666,1.4115075423485162,0.2906743721713678,0.0
conditional_ae,3,44,3,subject40,original,11,0.2469696969696969,0.5000049602498526,0.08927612980614785,8.326672684688674e-17
conditional_ae,3,44,3,subject40,reduced,9,0.2675925925925926,0.5179525169197743,0.10348670564703322,0.0
conditional_ae,8,42,3,subject02,original,11,0.3439393939393939,1.2129538073075379,0.2322464032259718,2.220446049250313e-16
conditional_ae,8,42,3,subject02,reduced,9,0.30092592592592593,0.627620633963863,0.14924762109875167,0.0
conditional_ae,8,42,3,subject11,original,11,0.26287878787878793,0.7707790018898395,0.14424416514503768,8.326672684688674e-17
conditional_ae,8,42,3,subject11,reduced,9,0.2611111111111112,0.7383972667589185,0.16063556800122214,0.0
conditional_ae,8,42,3,subject22,original,11,0.22702020202020198,0.34348889820998485,0.06540299369178704,8.326672684688674e-17
conditional_ae,8,42,3,subject22,reduced,9,0.23796296296296296,0.3521967944072597,0.07797671911222526,0.0
conditional_ae,8,42,3,subject30,original,11,0.24065656565656568,0.4533044832651343,0.09142836614572558,8.326672684688674e-17
conditional_ae,8,42,3,subject30,reduced,9,0.24660493827160496,0.4685824264637737,0.11653641559338335,0.0
conditional_ae,8,42,3,subject33,original,11,0.1512396694214876,0.16673712225555892,0.02226892200973163,8.326672684688674e-17
conditional_ae,8,42,3,subject33,reduced,9,0.14680134680134682,0.14904136435583748,0.025043629075956697,0.0
conditional_ae,8,42,3,subject37,original,11,0.19267676767676767,0.3943529487293058,0.06665026791192918,8.326672684688674e-17
conditional_ae,8,42,3,subject37,reduced,9,0.21666666666666667,0.43224364986827046,0.08635819357580576,0.0
conditional_ae,8,42,3,subject40,original,11,0.2871212121212121,0.6912932260689413,0.1203548559381955,6.938893903907228e-17
conditional_ae,8,42,3,subject40,reduced,9,0.2873456790123457,0.5692609405841913,0.1303450588970736,0.0
conditional_ae,8,43,3,subject02,original,11,0.38181818181818183,1.581401118527476,0.30986986423262153,8.326672684688674e-17
conditional_ae,8,43,3,subject02,reduced,9,0.31666666666666665,0.7530505320274115,0.18628513257010948,0.0
conditional_ae,8,43,3,subject11,original,11,0.27146464646464646,0.8247691952958602,0.1495767043801829,8.326672684688674e-17
conditional_ae,8,43,3,subject11,reduced,9,0.2731481481481482,0.7954438154345449,0.17339513794355943,0.0
conditional_ae,8,43,3,subject22,original,11,0.19494949494949496,0.2988841971786318,0.058855396670296045,8.326672684688674e-17
conditional_ae,8,43,3,subject22,reduced,9,0.19753086419753085,0.2902550331959408,0.0637310597013675,0.0
conditional_ae,8,43,3,subject30,original,11,0.2227272727272727,0.41532100570697494,0.0769331282072988,8.326672684688674e-17
conditional_ae,8,43,3,subject30,reduced,9,0.23703703703703705,0.46032725387305673,0.1051555437512669,0.0
conditional_ae,8,43,3,subject33,original,11,0.15089531680440774,0.18829013553831242,0.020612915367451357,8.803721640582296e-17
conditional_ae,8,43,3,subject33,reduced,9,0.14696969696969697,0.1531889719380124,0.025110441898868907,0.0
conditional_ae,8,43,3,subject37,original,11,0.27601010101010104,0.6363334327416115,0.1040869035745644,5.551115123125783e-17
conditional_ae,8,43,3,subject37,reduced,9,0.2938271604938272,0.6623973362711104,0.12514153559912522,0.0
conditional_ae,8,43,3,subject40,original,11,0.2744949494949495,0.547975387406602,0.10593288074525631,8.326672684688674e-17
conditional_ae,8,43,3,subject40,reduced,9,0.2858024691358025,0.5195075978602457,0.12803523539702788,0.0
conditional_ae,8,44,3,subject02,original,11,0.33030303030303027,1.215129557596661,0.2318651219265515,6.245004513516506e-17
conditional_ae,8,44,3,subject02,reduced,9,0.2898148148148148,0.7539530710761815,0.17194561972233047,0.0
conditional_ae,8,44,3,subject11,original,11,0.2727272727272727,0.8299564933588623,0.16006406326661915,5.551115123125783e-17
conditional_ae,8,44,3,subject11,reduced,9,0.2737654320987654,0.7870676574521727,0.18218723704207473,0.0
conditional_ae,8,44,3,subject22,original,11,0.21944444444444444,0.35405588641088137,0.06892297614679421,8.326672684688674e-17
conditional_ae,8,44,3,subject22,reduced,9,0.2277777777777778,0.3641506226093587,0.08073147613890386,0.0
conditional_ae,8,44,3,subject30,original,11,0.2618686868686868,0.5496465656608294,0.11046576504932937,6.938893903907228e-17
conditional_ae,8,44,3,subject30,reduced,9,0.2675925925925926,0.560111595891919,0.1398305208040329,0.0
conditional_ae,8,44,3,subject33,original,11,0.15977961432506885,0.20029947629553657,0.027040041125198422,8.326672684688674e-17
conditional_ae,8,44,3,subject33,reduced,9,0.16666666666666666,0.2007206449497767,0.03454482097668554,0.0
conditional_ae,8,44,3,subject37,original,11,0.23005050505050503,0.549010178010565,0.0954300525700652,6.591949208711867e-17
conditional_ae,8,44,3,subject37,reduced,9,0.24629629629629626,0.5769418551118024,0.11478047276602787,0.0
conditional_ae,8,44,3,subject40,original,11,0.3106060606060606,0.8375705419772812,0.14765223404700145,8.326672684688674e-17
conditional_ae,8,44,3,subject40,reduced,9,0.3151234567901235,0.7394868947137767,0.16921429878035088,0.0
cvae,3,42,3,subject02,original,11,0.28712121212121217,0.8332921100025912,0.16094686107806833,5.551115123125783e-17
cvae,3,42,3,subject02,reduced,9,0.29351851851851857,0.6010431558457063,0.1435998456432348,0.0
cvae,3,42,3,subject11,original,11,0.1921717171717172,0.739346422958628,0.12397891771440017,8.326672684688674e-17
cvae,3,42,3,subject11,reduced,9,0.20956790123456792,0.7895914245169835,0.14725557697795244,0.0
cvae,3,42,3,subject22,original,11,0.20277777777777775,0.2790048107244463,0.047630475297389285,8.326672684688674e-17
cvae,3,42,3,subject22,reduced,9,0.20895061728395062,0.28340573022150517,0.05796971711039278,0.0
cvae,3,42,3,subject30,original,11,0.2656565656565657,0.6129296548483842,0.11763265953432922,5.551115123125783e-17
cvae,3,42,3,subject30,reduced,9,0.2817901234567901,0.5972294183625344,0.13271964637043943,0.0
cvae,3,42,3,subject33,original,11,0.25736914600550964,0.4334135453614758,0.07288998527988355,5.551115123125783e-17
cvae,3,42,3,subject33,reduced,9,0.2535353535353535,0.36454066293193277,0.06786710387546702,0.0
cvae,3,42,3,subject37,original,11,0.3813131313131313,1.476996932655518,0.2664672232114995,8.326672684688674e-17
cvae,3,42,3,subject37,reduced,9,0.3691358024691358,1.3318499649949884,0.26874723119256616,0.0
cvae,3,42,3,subject40,original,11,0.23585858585858582,0.3545156047941149,0.06187294731675275,8.326672684688674e-17
cvae,3,42,3,subject40,reduced,9,0.23148148148148145,0.31695305459267464,0.058021425397436155,0.0
cvae,3,43,3,subject02,original,11,0.3393939393939394,0.933214215594079,0.16750496004063786,8.326672684688674e-17
cvae,3,43,3,subject02,reduced,9,0.3388888888888889,0.7436809732439418,0.16527342607927598,0.0
cvae,3,43,3,subject11,original,11,0.31717171717171716,1.0282171284878698,0.20457692172791653,8.847089727481716e-17
cvae,3,43,3,subject11,reduced,9,0.3216049382716049,1.021966899977833,0.22598453998938872,0.0
cvae,3,43,3,subject22,original,11,0.18156565656565657,0.22434565872308054,0.034724755381807304,8.326672684688674e-17
cvae,3,43,3,subject22,reduced,9,0.16635802469135805,0.21770881523163155,0.03995096618388083,0.0
cvae,3,43,3,subject30,original,11,0.33636363636363636,0.8483146803357431,0.172151828387334,5.551115123125783e-17
cvae,3,43,3,subject30,reduced,9,0.33271604938271604,0.826557247145272,0.1931170821510081,0.0
cvae,3,43,3,subject33,original,11,0.33057851239669417,0.7912019688869414,0.16505779993420833,5.551115123125783e-17
cvae,3,43,3,subject33,reduced,9,0.29208754208754206,0.6323409707157475,0.1416026913890749,0.0
cvae,3,43,3,subject37,original,11,0.45202020202020204,1.9320175429946689,0.37350242534739,5.551115123125783e-17
cvae,3,43,3,subject37,reduced,9,0.4243827160493827,1.7902543776353879,0.38507205885880125,0.0
cvae,3,43,3,subject40,original,11,0.2646464646464646,0.51948230526882,0.1030423850745098,8.847089727481716e-17
cvae,3,43,3,subject40,reduced,9,0.2558641975308642,0.44380425447086846,0.09200545877862809,0.0
cvae,3,44,3,subject02,original,11,0.3393939393939393,1.029388934905921,0.1990338814183581,5.551115123125783e-17
cvae,3,44,3,subject02,reduced,9,0.3222222222222222,0.7783097033910109,0.18008119012458101,0.0
cvae,3,44,3,subject11,original,11,0.2424242424242424,0.9722779182120584,0.17196401621951407,8.326672684688674e-17
cvae,3,44,3,subject11,reduced,9,0.25493827160493826,1.016961470552343,0.19697486599820835,0.0
cvae,3,44,3,subject22,original,11,0.21414141414141416,0.385459023105851,0.07360690298573136,8.326672684688674e-17
cvae,3,44,3,subject22,reduced,9,0.21450617283950615,0.3811607043473284,0.08364575593697898,0.0
cvae,3,44,3,subject30,original,11,0.27525252525252525,0.6037380030221313,0.11309232554007476,5.551115123125783e-17
cvae,3,44,3,subject30,reduced,9,0.26728395061728394,0.48769781180461713,0.10911053337976895,0.0
cvae,3,44,3,subject33,original,11,0.28292011019283747,0.5133963001403057,0.08648728640024073,8.326672684688674e-17
cvae,3,44,3,subject33,reduced,9,0.2653198653198653,0.37797681736201705,0.07115246925237351,0.0
cvae,3,44,3,subject37,original,11,0.36590909090909085,1.4073330026407884,0.2416795802011732,6.591949208711867e-17
cvae,3,44,3,subject37,reduced,9,0.3438271604938271,1.2087184735400012,0.23440833535493966,0.0
cvae,3,44,3,subject40,original,11,0.27878787878787875,0.5753378151203816,0.10934858799229608,8.847089727481716e-17
cvae,3,44,3,subject40,reduced,9,0.27314814814814814,0.552985890777892,0.11482636216995123,0.0
cvae,8,42,3,subject02,original,11,0.3212121212121212,0.8497456545203801,0.15326458798516474,6.938893903907228e-17
cvae,8,42,3,subject02,reduced,9,0.29444444444444445,0.5102851941192434,0.1089366301064103,0.0
cvae,8,42,3,subject11,original,11,0.23358585858585856,0.6751220383597882,0.1175623770769203,8.847089727481716e-17
cvae,8,42,3,subject11,reduced,9,0.23425925925925928,0.6850169875514096,0.13729444204766994,0.0
cvae,8,42,3,subject22,original,11,0.2143939393939394,0.2852560566143989,0.053284974328617674,7.632783294297951e-17
cvae,8,42,3,subject22,reduced,9,0.21697530864197534,0.2738889498577697,0.05601340962558221,0.0
cvae,8,42,3,subject30,original,11,0.1775252525252525,0.20372312278109383,0.030438126428001366,6.591949208711867e-17
cvae,8,42,3,subject30,reduced,9,0.18827160493827158,0.22203094069246987,0.04250792243893742,0.0
cvae,8,42,3,subject33,original,11,0.1453168044077135,0.1350071566756479,0.015145312589368354,6.938893903907228e-17
cvae,8,42,3,subject33,reduced,9,0.15631313131313132,0.1337385948200751,0.017791602784927862,0.0
cvae,8,42,3,subject37,original,11,0.23156565656565656,0.4652961276734384,0.07623586282503891,8.326672684688674e-17
cvae,8,42,3,subject37,reduced,9,0.24351851851851855,0.4659841057179097,0.0891099558505919,0.0
cvae,8,42,3,subject40,original,11,0.20176767676767673,0.29542296380056676,0.043863694251689234,5.551115123125783e-17
cvae,8,42,3,subject40,reduced,9,0.20987654320987653,0.2750984317941705,0.05030891519519076,0.0
cvae,8,43,3,subject02,original,11,0.3053030303030303,0.9971356188289975,0.18474208666858827,1.1102230246251565e-16
cvae,8,43,3,subject02,reduced,9,0.2518518518518518,0.4355943306912864,0.09365689691169488,0.0
cvae,8,43,3,subject11,original,11,0.20883838383838382,0.6667905906634282,0.11601052745557616,6.938893903907228e-17
cvae,8,43,3,subject11,reduced,9,0.22499999999999998,0.7217158190346131,0.14357679882258434,0.0
cvae,8,43,3,subject22,original,11,0.21085858585858583,0.37629094294403975,0.0742241771739458,8.326672684688674e-17
cvae,8,43,3,subject22,reduced,9,0.21141975308641975,0.36139347098953545,0.07782727328776029,0.0
cvae,8,43,3,subject30,original,11,0.14444444444444443,0.1333213978536003,0.01618781713151274,8.326672684688674e-17
cvae,8,43,3,subject30,reduced,9,0.15493827160493828,0.14718487449095008,0.024579667652232517,0.0
cvae,8,43,3,subject33,original,11,0.19717630853994492,0.2437560551949245,0.03707232062757737,9.020562075079397e-17
cvae,8,43,3,subject33,reduced,9,0.1891414141414141,0.1916585599813212,0.033695393243938554,0.0
cvae,8,43,3,subject37,original,11,0.2404040404040404,0.5219245353348381,0.08444781589495676,8.326672684688674e-17
cvae,8,43,3,subject37,reduced,9,0.24413580246913577,0.4881393695364107,0.09288192007162999,0.0
cvae,8,43,3,subject40,original,11,0.19166666666666668,0.21962571978767587,0.03158445461280657,8.326672684688674e-17
cvae,8,43,3,subject40,reduced,9,0.20771604938271604,0.22588637702208691,0.03882598941132853,0.0
cvae,8,44,3,subject02,original,11,0.31136363636363634,1.0184601437919207,0.18746942051007265,5.551115123125783e-17
cvae,8,44,3,subject02,reduced,9,0.26203703703703707,0.4949763803076519,0.1095034875354457,0.0
cvae,8,44,3,subject11,original,11,0.19848484848484851,0.5904375447706447,0.09485038335517726,8.847089727481716e-17
cvae,8,44,3,subject11,reduced,9,0.20030864197530868,0.6172888991124434,0.11665382915403966,0.0
cvae,8,44,3,subject22,original,11,0.18358585858585857,0.27274877250234253,0.05217226705388489,9.020562075079397e-17
cvae,8,44,3,subject22,reduced,9,0.18364197530864196,0.26288248341796194,0.05485587180727969,0.0
cvae,8,44,3,subject30,original,11,0.1601010101010101,0.20846671698738284,0.0319955721542573,5.551115123125783e-17
cvae,8,44,3,subject30,reduced,9,0.17592592592592593,0.22619767853609662,0.043134534184538276,0.0
cvae,8,44,3,subject33,original,11,0.14634986225895316,0.13729220215555316,0.016192722283500993,9.367506770274758e-17
cvae,8,44,3,subject33,reduced,9,0.15765993265993264,0.13061447119312763,0.017054209814503007,0.0
cvae,8,44,3,subject37,original,11,0.2078282828282828,0.2946989023344484,0.04465963789479033,5.551115123125783e-17
cvae,8,44,3,subject37,reduced,9,0.21851851851851853,0.29047234615909456,0.051074248264459166,0.0
cvae,8,44,3,subject40,original,11,0.19267676767676767,0.3125120496118159,0.04577370891814048,8.847089727481716e-17
cvae,8,44,3,subject40,reduced,9,0.1962962962962963,0.30744842711264475,0.05648291977736275,0.0
unconditional_vae,3,42,3,subject02,original,11,0.3204545454545454,0.949879553823898,0.17633314541881584,8.326672684688674e-17
unconditional_vae,3,42,3,subject02,reduced,9,0.31851851851851853,0.7290356022148532,0.16116413233252058,0.0
unconditional_vae,3,42,3,subject11,original,11,0.205050505050505,0.6409663472766827,0.10858452473442459,9.71445146547012e-17
unconditional_vae,3,42,3,subject11,reduced,9,0.2104938271604938,0.6712758120015758,0.13002422733790897,0.0
unconditional_vae,3,42,3,subject22,original,11,0.23560606060606062,0.3942486324254699,0.07172858056489972,8.326672684688674e-17
unconditional_vae,3,42,3,subject22,reduced,9,0.24290123456790122,0.38961152912953745,0.0822020919737021,0.0
unconditional_vae,3,42,3,subject30,original,11,0.2674242424242424,0.5002175266202658,0.0933436542510232,8.326672684688674e-17
unconditional_vae,3,42,3,subject30,reduced,9,0.28055555555555556,0.4902955762966994,0.10695903389970896,0.0
unconditional_vae,3,42,3,subject33,original,11,0.23574380165289252,0.254833046176262,0.041807673778998966,8.326672684688674e-17
unconditional_vae,3,42,3,subject33,reduced,9,0.22297979797979797,0.20881376169968524,0.03524961892316203,0.0
unconditional_vae,3,42,3,subject37,original,11,0.4088383838383839,1.576110466440499,0.27960567363874755,8.326672684688674e-17
unconditional_vae,3,42,3,subject37,reduced,9,0.3808641975308642,1.39465833632989,0.27770009365898785,0.0
unconditional_vae,3,42,3,subject40,original,11,0.2196969696969697,0.3528483889957865,0.06357815935839284,8.326672684688674e-17
unconditional_vae,3,42,3,subject40,reduced,9,0.21543209876543207,0.325879387952138,0.06361192338461241,0.0
unconditional_vae,3,43,3,subject02,original,11,0.356060606060606,0.8791514073511597,0.1656347918112585,8.326672684688674e-17
unconditional_vae,3,43,3,subject02,reduced,9,0.33981481481481485,0.6133146101351259,0.13933598447490048,0.0
unconditional_vae,3,43,3,subject11,original,11,0.20959595959595959,0.6282808697479805,0.11057321255603669,9.71445146547012e-17
unconditional_vae,3,43,3,subject11,reduced,9,0.22962962962962966,0.66696672781387,0.13248426012609982,0.0
unconditional_vae,3,43,3,subject22,original,11,0.22121212121212122,0.30057173878308374,0.05192915360372896,8.326672684688674e-17
unconditional_vae,3,43,3,subject22,reduced,9,0.22716049382716047,0.3049161930696074,0.06287143080989166,0.0
unconditional_vae,3,43,3,subject30,original,11,0.31843434343434346,0.7285111632857642,0.14443447379386254,6.938893903907228e-17
unconditional_vae,3,43,3,subject30,reduced,9,0.3253086419753086,0.688594719287837,0.15675597352661685,0.0
unconditional_vae,3,43,3,subject33,original,11,0.27100550964187325,0.4287382413849117,0.07369714273939687,9.020562075079397e-17
unconditional_vae,3,43,3,subject33,reduced,9,0.24503367003367005,0.31587637271522606,0.0585690343122357,0.0
unconditional_vae,3,43,3,subject37,original,11,0.43459595959595954,1.7316937612019134,0.3146768575075304,8.326672684688674e-17
unconditional_vae,3,43,3,subject37,reduced,9,0.40925925925925927,1.5507146633066302,0.31212863487852727,0.0
unconditional_vae,3,43,3,subject40,original,11,0.2558080808080808,0.41137880283556605,0.07326572185033908,8.847089727481716e-17
unconditional_vae,3,43,3,subject40,reduced,9,0.2404320987654321,0.37655515703127307,0.07397278773030447,0.0
unconditional_vae,3,44,3,subject02,original,11,0.38636363636363635,1.2208581006855521,0.24421448253195144,2.220446049250313e-16
unconditional_vae,3,44,3,subject02,reduced,9,0.3592592592592593,0.8687822052697425,0.20405545789961665,0.0
unconditional_vae,3,44,3,subject11,original,11,0.2128787878787879,0.97448767816309,0.17169822646861865,5.551115123125783e-17
unconditional_vae,3,44,3,subject11,reduced,9,0.23333333333333334,1.0444616036860848,0.20406511190467547,0.0
unconditional_vae,3,44,3,subject22,original,11,0.22146464646464645,0.3106449822384456,0.05608191121433426,8.326672684688674e-17
unconditional_vae,3,44,3,subject22,reduced,9,0.21450617283950618,0.3016603161749689,0.06313730864998801,0.0
unconditional_vae,3,44,3,subject30,original,11,0.31186868686868685,0.6837567336614159,0.1273980580513404,5.551115123125783e-17
unconditional_vae,3,44,3,subject30,reduced,9,0.31111111111111106,0.6030143869348934,0.13400487711043885,0.0
unconditional_vae,3,44,3,subject33,original,11,0.2796143250688706,0.5111573358355237,0.08226059572013034,8.326672684688674e-17
unconditional_vae,3,44,3,subject33,reduced,9,0.25168350168350173,0.36209628862817667,0.06112672191337698,0.0
unconditional_vae,3,44,3,subject37,original,11,0.4065656565656566,1.6389785535509418,0.28552340410418564,6.591949208711867e-17
unconditional_vae,3,44,3,subject37,reduced,9,0.375925925925926,1.4163974128210595,0.27708669689715937,0.0
unconditional_vae,3,44,3,subject40,original,11,0.2638888888888889,0.5049603987152889,0.09010083480491371,8.326672684688674e-17
unconditional_vae,3,44,3,subject40,reduced,9,0.24660493827160496,0.43306919551563405,0.08226002468316296,0.0
unconditional_vae,8,42,3,subject02,original,11,0.25909090909090904,0.6801764201342579,0.11240852555159508,8.326672684688674e-17
unconditional_vae,8,42,3,subject02,reduced,9,0.2555555555555556,0.5224864005152505,0.10463700743938842,0.0
unconditional_vae,8,42,3,subject11,original,11,0.22095959595959594,0.5712869081190677,0.09461996692476071,8.326672684688674e-17
unconditional_vae,8,42,3,subject11,reduced,9,0.23425925925925928,0.6216337622756574,0.12049330722952378,0.0
unconditional_vae,8,42,3,subject22,original,11,0.21287878787878792,0.3079531592418552,0.05501613152477414,8.326672684688674e-17
unconditional_vae,8,42,3,subject22,reduced,9,0.21481481481481482,0.3094133243838666,0.0635971577565837,0.0
unconditional_vae,8,42,3,subject30,original,11,0.15505050505050508,0.20849719660083554,0.0327355628626701,8.326672684688674e-17
unconditional_vae,8,42,3,subject30,reduced,9,0.1669753086419753,0.22724858368499934,0.04535993890691936,0.0
unconditional_vae,8,42,3,subject33,original,11,0.15922865013774104,0.18955697257973103,0.025166412478443867,9.020562075079397e-17
unconditional_vae,8,42,3,subject33,reduced,9,0.17676767676767677,0.19590500258382004,0.0326756168673924,0.0
unconditional_vae,8,42,3,subject37,original,11,0.227020202020202,0.45621097646782793,0.0754380093496475,5.551115123125783e-17
unconditional_vae,8,42,3,subject37,reduced,9,0.22253086419753088,0.4197687665330365,0.08160702478931714,0.0
unconditional_vae,8,42,3,subject40,original,11,0.21717171717171715,0.2955767704928127,0.04657284104007753,8.847089727481716e-17
unconditional_vae,8,42,3,subject40,reduced,9,0.2265432098765432,0.29842413046391414,0.05770061700135076,0.0
unconditional_vae,8,43,3,subject02,original,11,0.2984848484848485,0.8855747776193605,0.1554549706185323,6.938893903907228e-17
unconditional_vae,8,43,3,subject02,reduced,9,0.26203703703703707,0.5019925433425274,0.1035904872767952,0.0
unconditional_vae,8,43,3,subject11,original,11,0.20328282828282826,0.5874011204750693,0.09839661328978666,8.847089727481716e-17
unconditional_vae,8,43,3,subject11,reduced,9,0.21820987654320986,0.6525945532925674,0.13136111380916438,0.0
unconditional_vae,8,43,3,subject22,original,11,0.19191919191919193,0.22478010028999496,0.04263925361107468,8.326672684688674e-17
unconditional_vae,8,43,3,subject22,reduced,9,0.1882716049382716,0.19706385933399506,0.03859796803297444,0.0
unconditional_vae,8,43,3,subject30,original,11,0.16414141414141414,0.1502897621250514,0.02112009137887294,5.551115123125783e-17
unconditional_vae,8,43,3,subject30,reduced,9,0.18271604938271602,0.1613105529301544,0.028732812899852522,0.0
unconditional_vae,8,43,3,subject33,original,11,0.1641184573002755,0.18256744462202956,0.024616796613650238,8.326672684688674e-17
unconditional_vae,8,43,3,subject33,reduced,9,0.17533670033670035,0.18575246138935286,0.030129708630018404,0.0
unconditional_vae,8,43,3,subject37,original,11,0.2058080808080808,0.34407091453025807,0.053961590737229836,6.938893903907228e-17
unconditional_vae,8,43,3,subject37,reduced,9,0.2234567901234568,0.3520877664966582,0.06348914376775239,0.0
unconditional_vae,8,43,3,subject40,original,11,0.19166666666666668,0.2589400447700072,0.03741895229132075,8.847089727481716e-17
unconditional_vae,8,43,3,subject40,reduced,9,0.1990740740740741,0.24498675993662333,0.04432209715530844,0.0
unconditional_vae,8,44,3,subject02,original,11,0.31666666666666665,0.947844206686367,0.17547507117402983,5.551115123125783e-17
unconditional_vae,8,44,3,subject02,reduced,9,0.2712962962962963,0.5049631820038174,0.10804878643210525,0.0
unconditional_vae,8,44,3,subject11,original,11,0.21313131313131317,0.59224489595241,0.09619900199344367,8.847089727481716e-17
unconditional_vae,8,44,3,subject11,reduced,9,0.216358024691358,0.5954448293197694,0.11606375114323209,0.0
unconditional_vae,8,44,3,subject22,original,11,0.2146464646464646,0.3293844159458299,0.06156150120429915,6.245004513516506e-17
unconditional_vae,8,44,3,subject22,reduced,9,0.22191358024691354,0.33059581503526436,0.06823460048338625,0.0
unconditional_vae,8,44,3,subject30,original,11,0.18712121212121213,0.19461579557938613,0.029923429689184378,8.326672684688674e-17
unconditional_vae,8,44,3,subject30,reduced,9,0.20092592592592592,0.2154835749399231,0.042716450335877454,0.0
unconditional_vae,8,44,3,subject33,original,11,0.17610192837465563,0.19533322660489194,0.027307455182908003,8.326672684688674e-17
unconditional_vae,8,44,3,subject33,reduced,9,0.18316498316498317,0.19286967336097316,0.03154637146321704,0.0
unconditional_vae,8,44,3,subject37,original,11,0.19772727272727275,0.34621069567150276,0.05823652768295684,5.551115123125783e-17
unconditional_vae,8,44,3,subject37,reduced,9,0.2182098765432099,0.37621611584676007,0.07527279368717743,0.0
unconditional_vae,8,44,3,subject40,original,11,0.19999999999999998,0.30389732678744474,0.046363612147985345,8.326672684688674e-17
unconditional_vae,8,44,3,subject40,reduced,9,0.2111111111111111,0.2868967964392386,0.05391554616173111,0.0
